celltype	denominator	n_control	n_uuo	effect	ci_low	ci_high	p_welch	p_permutation	fdr_permutation
TAL	fraction_all_captured	7	5	-15.237210214045653	-29.001504528144864	-1.472915899946445	0.03409548426938316	0.03156565656565657	0.07891414141414142
DCT	fraction_all_captured	7	5	-6.44035072059408	-11.088587185078005	-1.792114256110155	0.012197273532727131	0.027777777777777776	0.07891414141414142
PC	fraction_all_captured	7	5	-2.8832179194083456	-6.060598125986618	0.294162287169927	0.06997004409363593	0.06691919191919192	0.11153198653198654
IC-A	fraction_all_captured	7	5	-1.1059154308723635	-3.1857253748705543	0.9738945131258272	0.24534609009452266	0.19570707070707072	0.19570707070707072
IC-B	fraction_all_captured	7	5	-1.3986422985265579	-3.1090715758241503	0.31178697877103456	0.0981795942902419	0.12247474747474747	0.15309343434343434
TAL	fraction_captured_epithelia	7	5	2.9048606442747626	-16.34588421997863	22.155605508528154	0.7267110843123759	0.702020202020202	0.7121212121212122
DCT	fraction_captured_epithelia	7	5	-1.2325175232587267	-9.317719230926972	6.852684184409519	0.7343609416300144	0.7121212121212122	0.7121212121212122
PC	fraction_captured_epithelia	7	5	-1.4405546906453948	-6.320680036100289	3.4395706548094998	0.5037797248928271	0.46464646464646464	0.7121212121212122
IC-A	fraction_captured_epithelia	7	5	1.5300084753980197	-2.6772386833131168	5.737255634109156	0.3877666247981164	0.3282828282828283	0.7121212121212122
IC-B	fraction_captured_epithelia	7	5	-0.6188226735657052	-3.103515177255263	1.8658698301238528	0.5863351017791933	0.5845959595959596	0.7121212121212122
