logFC	CI.L	CI.R	AveExpr	t	P.Value	adj.P.Val	B	gene	celltype	scenario	n_control	n_uuo	family	FDR_family
-1.80620685272356	-3.06820335204431	-0.544210353402809	6.37655738541446	-3.09798679031877	0.00864748729087623	0.0819270676605959	-2.86722852300814	CLCNKA	TAL	main	7	5	primary_gene	0.0885843170267935
-0.988514408738322	-1.95053199157663	-0.0264968259000127	6.7264950521035	-2.21852495045764	0.0448248693572688	0.208171873900213	-4.50001659351021	CLCNKB	TAL	main	7	5	primary_gene	0.216176888418098
-0.401730296949471	-1.03431269998981	0.230852106090868	3.9059035753626	-1.35685920916544	0.195437663859766	0.461625163023606	-5.37834057704611	CLDN19	TAL	main	7	5	primary_gene	0.471902442561191
-1.76980173553371	-2.73068110049631	-0.808922370571118	3.15973432648644	-3.93675662981689	0.00139359833759847	0.0301108624418817	-0.845028455934586	BSND	TAL	main	7	5	primary_gene	0.0329553117309373
-0.351721027080842	-0.807813785349641	0.104371731187957	10.0688872826154	-1.65039496617936	0.120599111512438	0.357994659849986	-5.43421470029755	ATP1A1	TAL	main	7	5	primary_gene	0.368102388681278
-0.476166516448212	-1.54320024870211	0.590867215805685	3.46391200675046	-0.959508031384715	0.35400631414944	0.623353803672629	-5.68133561574803	KCNJ10	TAL	main	7	5	primary_gene	0.635496050085413
-1.31792408533925	-1.67600597955207	-0.959842191126433	10.2610430723324	-7.86367108990055	1.2716489157289e-06	0.00146947587647625	5.73049966264568	ATP1B1	TAL	main	7	5	primary_gene	0.00210344210383887
-0.651928848307968	-1.42697699441169	0.123119297795754	4.23705075856784	-1.80546916352345	0.0927213270887965	0.310800379204053	-4.83039537162364	SLC8A1	TAL	main	7	5	primary_gene	0.32083128003115
-0.658712678223293	-1.45063866964247	0.133213313195887	6.19310551352623	-1.79287801607947	0.0957583679747913	0.317268800881787	-5.15434918441739	ATP6V1B1	TAL	main	7	5	primary_gene	0.327240247665122
0.110692233139305	-0.574254205171137	0.795638671449746	7.89607218953561	0.34833719796036	0.733039762467236	0.879182443048309	-6.70851513231961	CLDN16	TAL	main	7	5	primary_gene	0.884680883892808
-0.307706074883879	-0.691802086768341	0.0763899370005835	7.79721926363847	-1.71164454386006	0.108117295883287	0.337156911350058	-5.36415074092889	ATP6V0A4	TAL	main	7	5	primary_gene	0.348057048592413
0.313866450706184	-0.47121036259478	1.09894326400715	3.54443252337656	0.855018455091931	0.406503567609224	0.66808451188456	-5.82672010050131	CA2	TAL	main	7	5	primary_gene	0.678378282037561
-0.669284897320918	-1.05920946637834	-0.279360328263499	7.39919834145502	-3.66731092093501	0.00238151225834673	0.0410304987777908	-1.7571234925613	CNNM2	TAL	main	7	5	primary_gene	0.0444477777688866
-0.184302879858119	-0.636006053311286	0.267400293595048	8.50101771397886	-0.873513135824142	0.396837160028703	0.659560374423493	-6.38366586604215	FXYD2	TAL	main	7	5	primary_gene	0.670199352343865
-0.312184135562575	-0.716438171642425	0.0920699005172742	7.68820403569288	-1.65044319956453	0.120264567127214	0.357242955766662	-5.45230048311302	KCNJ1	TAL	main	7	5	primary_gene	0.367464898288432
-0.143693288994116	-0.455021209218909	0.167634631230677	7.89761586011835	-0.986133522811597	0.34013107055246	0.611586290570453	-6.27635209259876	SCNN1A	TAL	main	7	5	primary_gene	0.6230819432748
-0.0498948528808444	-0.32219684890566	0.222407143143972	7.09621761971911	-0.391491402597011	0.701089155502179	0.860929383165817	-6.66661559382984	ATP2B1	TAL	main	7	5	primary_gene	0.867024321296408
-1.1201524108639	-1.81377501312194	-0.426529808605857	12.1301584581365	-3.47516177766039	0.00389053913259303	0.0528632018222435	-2.1397407838179	SLC12A1	TAL	main	7	5	primary_gene	0.0571328456260748
-1.73767460869607	-2.59883555715867	-0.876513660233467	3.41873816851131	-4.3155304170957	0.000665402051711304	0.02049065196625	-0.181062357304366	SLC12A3	TAL	main	7	5	primary_gene	0.0228260452229564
0.18278811264481	-0.337799213574819	0.703375438864438	7.75403260401725	0.754334828077495	0.463367476452712	0.710439216296871	-6.47515008979342	KCNJ16	TAL	main	7	5	primary_gene	0.721005817639638
-0.0490080866765977	-0.915362487386443	0.817346314033248	2.1032636114128	-0.120861914486069	0.905448246712861	0.9642631323841	-5.8185349561304	AQP4	TAL	main	7	5	primary_gene	0.965120709297723
-1.79391864077095	-2.29958682170175	-1.28825045984015	6.14018355824981	-7.55645695665966	1.64398965768054e-06	0.00438652085684442	5.27643670227144	CLCNKA	DCT	main	6	5	primary_gene	0.00210344210383887
-1.19292806529759	-1.94619031660206	-0.43966581399313	7.03240090298412	-3.45589115843729	0.00484546379566681	0.0730137184201109	-2.10006513050355	CLCNKB	DCT	main	6	5	primary_gene	0.0640796970841314
-0.05641211959453	-0.510263796850221	0.397439557661161	9.81870863368967	-0.266856929662857	0.793511009019236	0.923840673358549	-6.53058850149109	ATP1A1	DCT	main	6	5	primary_gene	0.9166476979211
-0.919519096345233	-1.41378690595314	-0.425251286737326	6.2944395825919	-3.96259350038282	0.00123377598688909	0.036259712472046	-0.829774836624784	RHBG	DCT	main	6	5	primary_gene	0.0308462592912647
-0.25015468221246	-0.840294556553045	0.339985192128126	4.68792505211388	-0.902889854457475	0.380746065788389	0.674413236564482	-5.58025169174547	KCNJ10	DCT	main	6	5	primary_gene	0.657086637449272
-0.671719550690205	-1.07239329539403	-0.271045805986376	10.3578229802181	-3.57779709613063	0.00280328881401557	0.0549037572637288	-1.768692341542	ATP1B1	DCT	main	6	5	primary_gene	0.0481205186616234
-0.319181358394736	-1.59130240249438	0.952939685704908	12.0757559457649	-0.558530943843927	0.588685953524605	0.814956598770489	-6.33786650245156	SLC8A1	DCT	main	6	5	primary_gene	0.803557083821849
-0.964356071748142	-1.58606490945566	-0.342647234040623	6.85022578178723	-3.35357791600293	0.00523373066421187	0.0763868927483488	-2.20158444680787	ATP6V1B1	DCT	main	6	5	primary_gene	0.0670733252225558
-0.762805025436361	-1.17172912487313	-0.353880925999587	8.84982832170445	-3.98436644252267	0.00124954052762096	0.0364108272909202	-0.981598467851124	ATP6V0A4	DCT	main	6	5	primary_gene	0.030941208720159
0.394557903309267	-1.93063514635895	2.71975095297749	5.3776625226023	0.378975284371462	0.712763008776777	0.883521175848972	-6.08813363435632	TRPV5	DCT	main	6	5	primary_gene	0.873131050346142
0.597167691084336	0.205383940384338	0.988951441784334	6.5869184629503	3.24661641380242	0.00537481563382184	0.0777351276272135	-2.28141156019327	CA2	DCT	main	6	5	primary_gene	0.0678720124263915
-3.08220730597281	-6.07199711138673	-0.0924175005588781	5.9113442474154	-2.30239771408937	0.044497851925693	0.229430046642769	-3.78875517660585	CALB1	DCT	main	6	5	primary_gene	0.215129538607541
-3.46563353600943	-5.27254324229673	-1.65872382972213	8.41689466906553	-4.28356482110995	0.001666123184699	0.0423519397982911	-0.974256145992262	TRPM6	DCT	main	6	5	primary_gene	0.0364398901197671
-2.14950917858154	-3.23013582083206	-1.06888253633103	9.85008443452134	-4.42059492699985	0.00123389648117506	0.036259712472046	-0.770263858239277	CNNM2	DCT	main	6	5	primary_gene	0.0308462592912647
-0.3159144107802	-0.668423526494342	0.0365947049339408	8.51463915762113	-1.90888683081349	0.0754462093369332	0.302837782701286	-4.85560091244391	FXYD2	DCT	main	6	5	primary_gene	0.286030010371515
-0.635942165013312	-1.01052165794928	-0.261362672077343	7.55308502026721	-3.61621897269579	0.00251162048926604	0.0519917875042868	-1.62298091271447	KCNJ1	DCT	main	6	5	primary_gene	0.0455836901434357
-0.0141031916755915	-0.309696269873232	0.281489886522049	7.54550724982965	-0.101625862636481	0.92038932805509	0.971502707374066	-6.4963182419741	SCNN1A	DCT	main	6	5	primary_gene	0.970410365035458
-0.560052032844483	-0.924414802634951	-0.195689263054015	7.10186723441689	-3.2739759127493	0.0050808051659969	0.0749396359845362	-2.26553639943152	ATP2B1	DCT	main	6	5	primary_gene	0.0658975229928183
-0.257166718918732	-1.38597866933134	0.871645231493872	4.78770707785291	-0.49655343882598	0.628503175253138	0.838742909491656	-5.87309902311052	SLC12A1	DCT	main	6	5	primary_gene	0.827447173250779
-2.25348020993775	-3.23278464479661	-1.27417577507888	5.20809343280199	-4.95835564366423	0.000242269100417612	0.0184190589708408	0.679433660528863	RHCG	DCT	main	6	5	primary_gene	0.0146411731407235
-2.35116445506577	-3.75237125899921	-0.949957651132335	11.8014823454621	-3.74245982950241	0.00388019733242778	0.0652919321752384	-1.8680704417654	SLC12A3	DCT	main	6	5	primary_gene	0.0570198438830092
-0.11692788578651	-0.915070215842565	0.681214444269545	8.26643791341798	-0.322062120853612	0.753385506138996	0.9031770338074	-6.49505458239786	KCNJ16	DCT	main	6	5	primary_gene	0.895063362860663
-0.664728053068566	-1.60928683946497	0.279830733327834	8.67130567387499	-1.54005069873209	0.150495422669445	0.553502545520489	-5.29455124471689	ATP1A1	PC	main	7	4	exploratory_gene	0.560490821537324
-0.321889959002823	-0.976184397961108	0.332404479955461	6.3805698508275	-1.04992854542934	0.310610726028601	0.712611009656139	-5.60415894849655	RHBG	PC	main	7	4	exploratory_gene	0.713409071359736
-0.539857126327736	-1.03592506311216	-0.043789189543314	9.40281815458607	-2.32371230167306	0.0349135591074675	0.334124771036148	-4.09122044548671	ATP1B1	PC	main	7	4	exploratory_gene	0.340259501112512
2.36420031621586	0.921009033666194	3.80739159876552	8.31805678403844	3.62919103613519	0.00430565214072923	0.145131076653749	-1.92845512740309	SLC8A1	PC	main	7	4	exploratory_gene	0.155384244008403
-0.0338427946164834	-0.600047182702747	0.53236159346978	7.29978235979778	-0.12756118073581	0.900215049084328	0.974122898838081	-6.29861867594585	ATP6V0A4	PC	main	7	4	exploratory_gene	0.976771552079773
-1.06968386464408	-1.56015871418202	-0.579209015106147	6.15862429749651	-4.65440580165673	0.000323266133544024	0.0435622957256892	0.467990886548538	CA2	PC	main	7	4	exploratory_gene	0.0577318678852461
-0.981810695826333	-2.16065578821202	0.197034396559353	6.32986404133245	-1.80495734843946	0.0950023668674497	0.463631359435541	-4.53278627162078	AQP3	PC	main	7	4	exploratory_gene	0.476933929173097
-0.0548880236396266	-0.469628359482943	0.35985231220369	7.01521997896181	-0.282440428281437	0.78152135518362	0.945613256422758	-6.22856556488626	CNNM2	PC	main	7	4	exploratory_gene	0.94520270949021
-0.69414852054452	-1.25972646165888	-0.128570579430162	5.56510133487467	-2.61930144659062	0.0195154650928915	0.273070815703926	-3.19233749314405	KCNJ1	PC	main	7	4	exploratory_gene	0.279741874772746
-0.0858346057364268	-0.63622257536564	0.464553363892786	7.64802168017915	-0.332827365334657	0.743937070440502	0.932485077197542	-6.2938589212392	SCNN1A	PC	main	7	4	exploratory_gene	0.928314699428492
-0.840704142034904	-2.13168959142052	0.450281307350716	8.3346428573258	-1.43707919031068	0.179110038646238	0.592867658087192	-5.39473579030977	AQP2	PC	main	7	4	exploratory_gene	0.595649319659926
-0.016808346314455	-0.618113295579022	0.584496602950112	6.39408270748951	-0.0596562228066985	0.95322832474233	0.987696680624534	-6.15969754907974	ATP2B1	PC	main	7	4	exploratory_gene	0.989335458255297
-0.730578361266529	-1.51912996276595	0.0579732402328956	8.83723939434604	-2.01344830305613	0.0665082538901137	0.412450440169287	-4.60416056372987	SCNN1G	PC	main	7	4	exploratory_gene	0.419581290570292
-1.06954264038961	-1.70213536084703	-0.436949919932188	7.67568533094747	-3.61903692788219	0.00270469320276441	0.124866669527624	-1.56664509127408	SCNN1B	PC	main	7	4	exploratory_gene	0.135239857586774
-0.355398080820142	-1.24440357817286	0.533607416532572	6.95228918796211	-0.866356967024219	0.402475193617251	0.778970538551986	-5.87046630123776	KCNJ16	PC	main	7	4	exploratory_gene	0.779464448366794
-1.27795477317786	-1.97042735254376	-0.585482193811958	6.33619934072839	-3.93263606826135	0.00132334081289721	0.123495038423872	-0.808873900098995	CLCNKA	IC-A	main	6	5	exploratory_gene	0.106737334473198
-0.732720841534966	-1.35234180230106	-0.113099880768875	7.13816574973307	-2.52801656414073	0.0236323444309641	0.309271737124725	-3.46478853675856	CLCNKB	IC-A	main	6	5	exploratory_gene	0.30369191897347
-0.43153079889703	-1.2258271365331	0.362765538739035	8.45497641415742	-1.18110714206555	0.259994281060762	0.674532498458212	-5.59018697216249	ATP1A1	IC-A	main	6	5	exploratory_gene	0.671539980601416
-0.479840077941293	-1.07892357891149	0.119243423028899	8.30937089614154	-1.72031409198497	0.107721687712372	0.511516604626735	-4.88856515031472	RHBG	IC-A	main	6	5	exploratory_gene	0.498022899795365
0.0134012854181782	-0.336266548648645	0.363069119485001	9.0738854221775	0.0812916850478322	0.9362249537558	0.987246536051763	-6.29679227606002	ATP1B1	IC-A	main	6	5	exploratory_gene	0.986741146692694
-0.331980701677804	-0.909132916755407	0.2451715133998	7.49983149847636	-1.22944567284405	0.238436104872187	0.655568566849791	-5.45934012940539	ATP6V1G3	IC-A	main	6	5	exploratory_gene	0.652957142614114
0.821514817412402	0.310755244042718	1.33227439078209	7.07629812819216	3.41156961729122	0.00360107128983644	0.154815700725632	-1.76065617564685	SLC8A1	IC-A	main	6	5	exploratory_gene	0.149884357951849
-0.102283770338996	-0.778589317891717	0.574021777213724	8.19870918246923	-0.326073878809206	0.749456141706405	0.927343338430205	-6.20910063751819	ATP6V1B1	IC-A	main	6	5	exploratory_gene	0.930941269844378
0.0519200435798152	-0.396150728700647	0.499990815860277	9.94662986388434	0.246299035222633	0.808684329240237	0.951532093920444	-6.27002273145909	ATP6V0A4	IC-A	main	6	5	exploratory_gene	0.952329852080441
-0.191362852937285	-1.02976956493791	0.647043859063337	5.62452683441746	-0.486256401768517	0.633773742165635	0.882552823524588	-5.65859382751384	CA2	IC-A	main	6	5	exploratory_gene	0.888137818503749
-0.304976765747929	-0.737282132756122	0.127328601260263	6.81400542674951	-1.49634411407297	0.154158417472581	0.570556799723244	-5.03313339945656	CNNM2	IC-A	main	6	5	exploratory_gene	0.564325890608817
-0.240849318615559	-1.0367491466239	0.555050509392784	7.82183219054844	-0.657286911812608	0.523060727167565	0.851352177371339	-6.01204631160898	FXYD2	IC-A	main	6	5	exploratory_gene	0.847833117083114
-0.346036879285445	-0.758002689102722	0.065928930531832	7.837752514443	-1.7816260945262	0.0939263818866533	0.488125186695924	-4.75944100493542	SCNN1A	IC-A	main	6	5	exploratory_gene	0.473944371971958
-0.44955503140538	-0.882010819136436	-0.0170992436743245	6.74938141174137	-2.20493860476218	0.0425437933792168	0.373001964679672	-3.95260522227542	ATP2B1	IC-A	main	6	5	exploratory_gene	0.361803127198595
-0.803880251057586	-1.41721086793194	-0.190549634183234	7.80079853595181	-2.81328238893252	0.0139022799794619	0.249398310271586	-3.0300690241099	RHCG	IC-A	main	6	5	exploratory_gene	0.239568367001608
-1.71767336636486	-2.61587974106394	-0.819466991665781	5.99260506272457	-4.09936569167043	0.00107141725880483	0.119095872324442	-0.629089942861736	SLC12A3	IC-A	main	6	5	exploratory_gene	0.101087207597237
-0.808295188214867	-1.51519568284808	-0.101394693581651	8.40252734377552	-2.47180316355223	0.0281399195731681	0.325917543870378	-3.69181922630124	SLC4A1	IC-A	main	6	5	exploratory_gene	0.320471564145018
