scenario	celltype	module	label	family	n_control	n_uuo	n_genes	effect	ci_low	ci_high	p_value	permutation_p	adjustment	status	fdr
main	TAL	TAL_salt	TAL salt transport	primary_transport	7	5	7	-1.25246414760388	-2.10192281451983	-0.403005480687923	0.0140218711913767	0.00126262626262626	none	TESTED	0.0459223213098993
main	TAL	TAL_CaMg	TAL paracellular Ca/Mg	primary_transport	7	5	2	-0.127725979128939	-0.667580902091579	0.412128943833702	0.609406451556473	0.623737373737374	none	TESTED	0.609406451556473
main	TAL	epithelial_injury	Epithelial injury	context	7	5	5	2.21548789526578	1.29747136819787	3.13350442233368	0.00102539059776267	0.00126262626262626	none	TESTED	0.00820312478210136
main	TAL	chemokine_adhesion	Chemokine / adhesion	context	7	5	3	1.48868526564422	0.431098132339854	2.54627239894859	0.015821802854481	0.00252525252525253	none	TESTED	0.031643605708962
min10	TAL	TAL_salt	TAL salt transport	primary_transport	7	5	7	-1.25246414760388	-2.10192281451983	-0.403005480687923	0.0140218711913767	0.00126262626262626	none	TESTED	0.0470596359296965
min10	TAL	TAL_CaMg	TAL paracellular Ca/Mg	primary_transport	7	5	2	-0.127725979128939	-0.667580902091579	0.412128943833702	0.609406451556473	0.623737373737374	none	TESTED	0.609406451556473
min10	TAL	epithelial_injury	Epithelial injury	context	7	5	5	2.21548789526578	1.29747136819787	3.13350442233368	0.00102539059776267	0.00126262626262626	none	TESTED	0.00820312478210136
min10	TAL	chemokine_adhesion	Chemokine / adhesion	context	7	5	3	1.48868526564422	0.431098132339854	2.54627239894859	0.015821802854481	0.00252525252525253	none	TESTED	0.021095737139308
min50	TAL	TAL_salt	TAL salt transport	primary_transport	7	5	7	-1.25246414760388	-2.10192281451983	-0.403005480687923	0.0140218711913767	0.00126262626262626	none	TESTED	0.0459223213098993
min50	TAL	TAL_CaMg	TAL paracellular Ca/Mg	primary_transport	7	5	2	-0.127725979128939	-0.667580902091579	0.412128943833702	0.609406451556473	0.623737373737374	none	TESTED	0.609406451556473
min50	TAL	epithelial_injury	Epithelial injury	context	7	5	5	2.21548789526578	1.29747136819787	3.13350442233368	0.00102539059776267	0.00126262626262626	none	TESTED	0.00410156239105068
min50	TAL	chemokine_adhesion	Chemokine / adhesion	context	7	5	3	1.48868526564422	0.431098132339854	2.54627239894859	0.015821802854481	0.00252525252525253	none	TESTED	0.015821802854481
LODO_Control1	TAL	TAL_salt	TAL salt transport	primary_transport	6	5	7	-1.28304027119068	-2.13278825933191	-0.433292283049447	0.0127735387864377	0.00216450216450216	none	TESTED	0.044742687854726
LODO_Control1	TAL	TAL_CaMg	TAL paracellular Ca/Mg	primary_transport	6	5	2	-0.209553012305676	-0.776401231203259	0.357295206591906	0.424364273131421	0.430735930735931	none	TESTED	0.424364273131421
LODO_Control1	TAL	epithelial_injury	Epithelial injury	context	6	5	5	2.27883889454144	1.35253348310976	3.20514430597311	0.000814951474562093	0.00216450216450216	none	TESTED	0.00651961179649675
LODO_Control1	TAL	chemokine_adhesion	Chemokine / adhesion	context	6	5	3	1.53844154562115	0.474808131844536	2.60207495939776	0.0139349039680813	0.00432900432900433	none	TESTED	0.0278698079361627
LODO_Control2	TAL	TAL_salt	TAL salt transport	primary_transport	6	5	7	-1.23452690298407	-2.08090306169769	-0.388150744270457	0.014301572040549	0.00216450216450216	none	TESTED	0.0475935059775033
LODO_Control2	TAL	TAL_CaMg	TAL paracellular Ca/Mg	primary_transport	6	5	2	-0.0785580992553667	-0.67349307511908	0.516376876608346	0.771329701335218	0.772727272727273	none	TESTED	0.771329701335218
LODO_Control2	TAL	epithelial_injury	Epithelial injury	context	6	5	5	2.28424600239134	1.35954862065929	3.2089433841234	0.000815600910645343	0.00216450216450216	none	TESTED	0.00652480728516275
LODO_Control2	TAL	chemokine_adhesion	Chemokine / adhesion	context	6	5	3	1.44424608528064	0.396056469448737	2.49243570111254	0.0166793794024298	0.00432900432900433	none	TESTED	0.0333587588048597
LODO_Control3	TAL	TAL_salt	TAL salt transport	primary_transport	6	5	7	-1.21778411430854	-2.07133491871072	-0.364233309906356	0.0157992141630627	0.00216450216450216	none	TESTED	0.0315984283261254
LODO_Control3	TAL	TAL_CaMg	TAL paracellular Ca/Mg	primary_transport	6	5	2	-0.0134805187939255	-0.538656059331936	0.511695021744085	0.954942779716297	0.954545454545455	none	TESTED	0.954942779716297
LODO_Control3	TAL	epithelial_injury	Epithelial injury	context	6	5	5	2.26620542149795	1.33812772034469	3.19428312265122	0.000810235044304578	0.00216450216450216	none	TESTED	0.00324094017721831
LODO_Control3	TAL	chemokine_adhesion	Chemokine / adhesion	context	6	5	3	1.62445981739182	0.542555771032798	2.70636386375084	0.0130765351987687	0.00216450216450216	none	TESTED	0.0258276822694573
LODO_Control4	TAL	TAL_salt	TAL salt transport	primary_transport	6	5	7	-1.23438595107481	-2.08113280993409	-0.387639092215518	0.0143280319258566	0.00216450216450216	none	TESTED	0.0393615840744843
LODO_Control4	TAL	TAL_CaMg	TAL paracellular Ca/Mg	primary_transport	6	5	2	-0.227837556739505	-0.772992940155125	0.317317826676115	0.369123458088118	0.363636363636364	none	TESTED	0.369123458088118
LODO_Control4	TAL	epithelial_injury	Epithelial injury	context	6	5	5	2.15230173500612	1.22641587161788	3.07818759839435	0.00111275140036311	0.00216450216450216	none	TESTED	0.00890201120290485
LODO_Control4	TAL	chemokine_adhesion	Chemokine / adhesion	context	6	5	3	1.49866079811144	0.445661866787063	2.55165972943582	0.0147092151903241	0.00432900432900433	none	TESTED	0.0294184303806481
LODO_Control5	TAL	TAL_salt	TAL salt transport	primary_transport	6	5	7	-1.27703668357983	-2.12647847514744	-0.427594892012225	0.0129135611395426	0.00216450216450216	none	TESTED	0.0432446590384485
LODO_Control5	TAL	TAL_CaMg	TAL paracellular Ca/Mg	primary_transport	6	5	2	-0.0751572062430066	-0.665252896048679	0.514938483562666	0.779349286476688	0.783549783549784	none	TESTED	0.779349286476688
LODO_Control5	TAL	epithelial_injury	Epithelial injury	context	6	5	5	2.18846926851635	1.26333418711985	3.11360434991284	0.000896219944436039	0.00216450216450216	none	TESTED	0.00716975955548832
LODO_Control5	TAL	chemokine_adhesion	Chemokine / adhesion	context	6	5	3	1.44300651626488	0.383965980457298	2.50204705207246	0.017746839827731	0.00432900432900433	none	TESTED	0.0354936796554621
LODO_Control6	TAL	TAL_salt	TAL salt transport	primary_transport	6	5	7	-1.23643847875464	-2.08582621077738	-0.387050746731904	0.0144241026027105	0.00216450216450216	none	TESTED	0.0497771180093891
LODO_Control6	TAL	TAL_CaMg	TAL paracellular Ca/Mg	primary_transport	6	5	2	-0.184688239916484	-0.774786504226369	0.405410024393402	0.495982809200704	0.493506493506494	none	TESTED	0.495982809200704
LODO_Control6	TAL	epithelial_injury	Epithelial injury	context	6	5	5	2.08524762443592	1.17236788032509	2.99812736854675	0.00186400677394132	0.00216450216450216	none	TESTED	0.0149120541915305
LODO_Control6	TAL	chemokine_adhesion	Chemokine / adhesion	context	6	5	3	1.45618657828686	0.395032667207543	2.51734048936618	0.0171196760649915	0.00432900432900433	none	TESTED	0.0357905086025606
LODO_Control7	TAL	TAL_salt	TAL salt transport	primary_transport	6	5	7	-1.29722365238958	-2.14913563417592	-0.445311670603243	0.0126591791468854	0.00216450216450216	none	TESTED	0.0381019780375399
LODO_Control7	TAL	TAL_CaMg	TAL paracellular Ca/Mg	primary_transport	6	5	2	-0.112029035037389	-0.717060834732636	0.493002764657859	0.684323417207613	0.688311688311688	none	TESTED	0.684323417207613
LODO_Control7	TAL	epithelial_injury	Epithelial injury	context	6	5	5	2.24792672169198	1.32594562458213	3.16990781880183	0.000769093778640182	0.00216450216450216	none	TESTED	0.00615275022912146
LODO_Control7	TAL	chemokine_adhesion	Chemokine / adhesion	context	6	5	3	1.49710619861521	0.438371730238997	2.55584066699143	0.0150602847860465	0.00432900432900433	none	TESTED	0.0319571724877789
LODO_UUO1	TAL	TAL_salt	TAL salt transport	primary_transport	7	4	7	-1.06404938803008	-2.04570257830777	-0.0823961977523885	0.0405354809531993	0.00303030303030303	none	TESTED	0.155935003292333
LODO_UUO1	TAL	TAL_CaMg	TAL paracellular Ca/Mg	primary_transport	7	4	2	-0.261499616663626	-0.745144047637019	0.222144814309768	0.251710638340583	0.336363636363636	none	TESTED	0.314638297925729
LODO_UUO1	TAL	epithelial_injury	Epithelial injury	context	7	4	5	2.07208662908289	0.90727269140488	3.2369005667609	0.0074375957767492	0.00303030303030303	none	TESTED	0.0595007662139936
LODO_UUO1	TAL	chemokine_adhesion	Chemokine / adhesion	context	7	4	3	1.2368912709753	0.186688433910422	2.28709410804017	0.0314672783585239	0.00606060606060606	none	TESTED	0.0629345567170478
LODO_UUO2	TAL	TAL_salt	TAL salt transport	primary_transport	7	4	7	-1.1534059927284	-2.33116661928548	0.0243546338286777	0.0526980412148874	0.00303030303030303	none	TESTED	0.144020182055817
LODO_UUO2	TAL	TAL_CaMg	TAL paracellular Ca/Mg	primary_transport	7	4	2	-0.0220952536398764	-0.576957267003386	0.532766759723633	0.929651249409356	0.936363636363636	none	TESTED	0.929651249409356
LODO_UUO2	TAL	epithelial_injury	Epithelial injury	context	7	4	5	1.99467472943949	1.05635985871871	2.93298960016026	0.00303244257344908	0.00303030303030303	none	TESTED	0.0242595405875927
LODO_UUO2	TAL	chemokine_adhesion	Chemokine / adhesion	context	7	4	3	1.3257666849472	-0.0977119901617495	2.74924536005615	0.0599987282064325	0.00606060606060606	none	TESTED	0.119997456412865
LODO_UUO3	TAL	TAL_salt	TAL salt transport	primary_transport	7	4	7	-1.43554726790139	-2.36467886297456	-0.506415672828215	0.0149761747536625	0.00303030303030303	none	TESTED	0.0748808737683127
LODO_UUO3	TAL	TAL_CaMg	TAL paracellular Ca/Mg	primary_transport	7	4	2	-0.0576361646152224	-0.664689536204328	0.549417206973884	0.831305324516854	0.836363636363636	none	TESTED	0.831305324516854
LODO_UUO3	TAL	epithelial_injury	Epithelial injury	context	7	4	5	2.27820297816226	0.998991505579193	3.55741445074533	0.00785191686176782	0.00303030303030303	none	TESTED	0.0495685073781147
LODO_UUO3	TAL	chemokine_adhesion	Chemokine / adhesion	context	7	4	3	1.56146903779853	0.149567417111364	2.97337065848569	0.0382605989384843	0.00606060606060606	none	TESTED	0.0765211978769686
LODO_UUO4	TAL	TAL_salt	TAL salt transport	primary_transport	7	4	7	-1.16666914433128	-2.3673801531899	0.0340418645273453	0.0537443830548668	0.00303030303030303	none	TESTED	0.159487304527758
LODO_UUO4	TAL	TAL_CaMg	TAL paracellular Ca/Mg	primary_transport	7	4	2	-0.118189249989598	-0.762873203610405	0.526494703631209	0.679613129347806	0.684848484848485	none	TESTED	0.679613129347806
LODO_UUO4	TAL	epithelial_injury	Epithelial injury	context	7	4	5	2.29648260228075	1.03650094923341	3.55646425532809	0.00716064498101065	0.00303030303030303	none	TESTED	0.0429638698860639
LODO_UUO4	TAL	chemokine_adhesion	Chemokine / adhesion	context	7	4	3	1.5441699028186	-0.0155154768972089	3.10385528253442	0.0513058860711903	0.00606060606060606	none	TESTED	0.0769588291067855
LODO_UUO5	TAL	TAL_salt	TAL salt transport	primary_transport	7	4	7	-1.41034216685533	-2.46213337815236	-0.358550955558295	0.0227521779316308	0.00303030303030303	none	TESTED	0.0379202965527181
LODO_UUO5	TAL	TAL_CaMg	TAL paracellular Ca/Mg	primary_transport	7	4	2	-0.156702166110686	-0.791764288502071	0.478359956280699	0.580992639570597	0.587878787878788	none	TESTED	0.580992639570597
LODO_UUO5	TAL	epithelial_injury	Epithelial injury	context	7	4	5	2.45626058484418	1.57527013769227	3.33725103199608	0.000818328306130445	0.00303030303030303	none	TESTED	0.00218220881634785
LODO_UUO5	TAL	chemokine_adhesion	Chemokine / adhesion	context	7	4	3	1.67615466007025	0.589123639284738	2.76318568085576	0.0140213507963195	0.00303030303030303	none	TESTED	0.0186951343950926
sex_adjusted	TAL	TAL_salt	TAL salt transport	primary_transport	7	5	7	-1.15941348691582	-1.74881312092558	-0.570013852906067	0.00160040386789463	NA	sex	TESTED	0.00800201933947313
sex_adjusted	TAL	TAL_CaMg	TAL paracellular Ca/Mg	primary_transport	7	5	2	-0.0858447014029283	-0.699132373020878	0.527442970215021	0.758734600187603	NA	sex	TESTED	0.758734600187603
sex_adjusted	TAL	epithelial_injury	Epithelial injury	context	7	5	5	2.14057678654332	1.32778792338025	2.95336564970639	0.000213316580802618	NA	sex	TESTED	0.00170653264642095
sex_adjusted	TAL	chemokine_adhesion	Chemokine / adhesion	context	7	5	3	1.43337806524199	0.595974336143438	2.27078179434055	0.00377653845609131	NA	sex	TESTED	0.00755307691218262
sex_ageband_adjusted	TAL	TAL_salt	TAL salt transport	primary_transport	7	5	7	-1.37778464270019	-1.88625454312919	-0.86931474227119	0.00024610788391556	NA	sex_age	TESTED	0.0012305394195778
sex_ageband_adjusted	TAL	TAL_CaMg	TAL paracellular Ca/Mg	primary_transport	7	5	2	-0.0753176537658861	-0.792531964757188	0.641896657225416	0.8147462658863	NA	sex_age	TESTED	0.8147462658863
sex_ageband_adjusted	TAL	epithelial_injury	Epithelial injury	context	7	5	5	2.30266090806775	1.41676410125876	3.18855771487674	0.000325612669920676	NA	sex_age	TESTED	0.000868300453121803
sex_ageband_adjusted	TAL	chemokine_adhesion	Chemokine / adhesion	context	7	5	3	1.78026090243797	1.13811645310591	2.42240535177003	0.000210678294826882	NA	sex_age	TESTED	0.000868300453121803
main	DCT	DCT_NaCl	DCT NaCl transport	primary_transport	6	5	7	-0.734594413467609	-1.3499702903864	-0.119218536548818	0.0276549014832292	0.0108225108225108	none	TESTED	0.0460915024720486
main	DCT	DCT_Mg	DCT magnesium handling	primary_transport	6	5	5	-1.30691671182656	-2.25841014166205	-0.355423281991068	0.0183689285239597	0.00432900432900433	none	TESTED	0.0459223213098993
main	DCT	DCT_Ca	DCT calcium handling	primary_transport	6	5	4	-0.917140075021475	-2.78107164843197	0.946791498389024	0.257900581007462	0.203463203463203	none	TESTED	0.322375726259328
main	DCT	epithelial_injury	Epithelial injury	context	6	5	5	2.88115616763087	1.32181187150551	4.44050046375623	0.00503422704042032	0.00216450216450216	none	TESTED	0.0201369081616813
main	DCT	chemokine_adhesion	Chemokine / adhesion	context	6	5	3	0.672374577144534	0.211155577135247	1.13359357715382	0.0104543826498016	0.00649350649350649	none	TESTED	0.0278783537328042
min10	DCT	DCT_NaCl	DCT NaCl transport	primary_transport	7	5	7	-0.720871096802688	-1.32563604380112	-0.116106149804258	0.0282357815578179	0.00505050505050505	none	TESTED	0.0470596359296965
min10	DCT	DCT_Mg	DCT magnesium handling	primary_transport	7	5	5	-1.20588295458994	-2.13911438347049	-0.27265152570939	0.0214929733262618	0.00505050505050505	none	TESTED	0.0470596359296965
min10	DCT	DCT_Ca	DCT calcium handling	primary_transport	7	5	4	-0.807565416481679	-2.64326379047991	1.02813295751655	0.3042945690478	0.20959595959596	none	TESTED	0.38036821130975
min10	DCT	epithelial_injury	Epithelial injury	context	7	5	5	2.95070187919136	1.38662302493377	4.51478073344894	0.00486246552473907	0.00126262626262626	none	TESTED	0.0178221818408235
min10	DCT	chemokine_adhesion	Chemokine / adhesion	context	7	5	3	0.70589019446503	0.26268133976132	1.14909904916874	0.0066833181903088	0.00378787878787879	none	TESTED	0.0178221818408235
min50	DCT	DCT_NaCl	DCT NaCl transport	primary_transport	6	5	7	-0.734594413467609	-1.3499702903864	-0.119218536548818	0.0276549014832292	0.0108225108225108	none	TESTED	0.0460915024720486
min50	DCT	DCT_Mg	DCT magnesium handling	primary_transport	6	5	5	-1.30691671182656	-2.25841014166205	-0.355423281991068	0.0183689285239597	0.00432900432900433	none	TESTED	0.0459223213098993
min50	DCT	DCT_Ca	DCT calcium handling	primary_transport	6	5	4	-0.917140075021475	-2.78107164843197	0.946791498389024	0.257900581007462	0.203463203463203	none	TESTED	0.322375726259328
min50	DCT	epithelial_injury	Epithelial injury	context	6	5	5	2.88115616763087	1.32181187150551	4.44050046375623	0.00503422704042032	0.00216450216450216	none	TESTED	0.0100684540808406
min50	DCT	chemokine_adhesion	Chemokine / adhesion	context	6	5	3	0.672374577144534	0.211155577135247	1.13359357715382	0.0104543826498016	0.00649350649350649	none	TESTED	0.0139391768664021
LODO_Control1	DCT	DCT_NaCl	DCT NaCl transport	primary_transport	5	5	7	-0.708962790046015	-1.32708982924006	-0.0908357508519721	0.0313471421547143	0.0317460317460317	none	TESTED	0.0522452369245239
LODO_Control1	DCT	DCT_Mg	DCT magnesium handling	primary_transport	5	5	5	-1.30955312283208	-2.25848360374239	-0.360622641921779	0.0178970751418904	0.0158730158730159	none	TESTED	0.044742687854726
LODO_Control1	DCT	DCT_Ca	DCT calcium handling	primary_transport	5	5	4	-1.04029353159785	-2.91688642953779	0.836299366342088	0.209552227560298	0.182539682539683	none	TESTED	0.261940284450373
LODO_Control1	DCT	epithelial_injury	Epithelial injury	context	5	5	5	2.93590010705075	1.36802154936057	4.50377866474093	0.00425555494896527	0.00793650793650794	none	TESTED	0.0170222197958611
LODO_Control1	DCT	chemokine_adhesion	Chemokine / adhesion	context	5	5	3	0.76104113436254	0.288966064584189	1.23311620414089	0.0066654305405087	0.00793650793650794	none	TESTED	0.0177744814413565
LODO_Control2	DCT	DCT_NaCl	DCT NaCl transport	primary_transport	5	5	7	-0.701023175074166	-1.30956608062392	-0.0924802695244134	0.0308737863839993	0.0317460317460317	none	TESTED	0.0514563106399989
LODO_Control2	DCT	DCT_Mg	DCT magnesium handling	primary_transport	5	5	5	-1.27676217240181	-2.21878615567173	-0.334738189131901	0.0190374023910013	0.0158730158730159	none	TESTED	0.0475935059775033
LODO_Control2	DCT	DCT_Ca	DCT calcium handling	primary_transport	5	5	4	-0.763000402283884	-2.59207479125334	1.06607398668557	0.327617035487102	0.333333333333333	none	TESTED	0.409521294358877
LODO_Control2	DCT	epithelial_injury	Epithelial injury	context	5	5	5	2.98314177171267	1.41982733768584	4.54645620573949	0.00439395227719257	0.00793650793650794	none	TESTED	0.0175758091087703
LODO_Control2	DCT	chemokine_adhesion	Chemokine / adhesion	context	5	5	3	0.642363555942397	0.174421466274234	1.11030564561056	0.0135249131244783	0.0158730158730159	none	TESTED	0.0333587588048597
LODO_Control4	DCT	DCT_NaCl	DCT NaCl transport	primary_transport	5	5	7	-0.766724750215102	-1.38237578998498	-0.151073710445222	0.0236169504446906	0.0158730158730159	none	TESTED	0.0393615840744843
LODO_Control4	DCT	DCT_Mg	DCT magnesium handling	primary_transport	5	5	5	-1.3045241290416	-2.25212573658941	-0.356922521493786	0.0180229911424836	0.0238095238095238	none	TESTED	0.0393615840744843
LODO_Control4	DCT	DCT_Ca	DCT calcium handling	primary_transport	5	5	4	-0.861480883356259	-2.73615314370614	1.01319137699362	0.291019309729688	0.277777777777778	none	TESTED	0.36377413716211
LODO_Control4	DCT	epithelial_injury	Epithelial injury	context	5	5	5	2.73307169266653	1.16113405255251	4.30500933278055	0.00732164274082282	0.00793650793650794	none	TESTED	0.0292865709632913
LODO_Control4	DCT	chemokine_adhesion	Chemokine / adhesion	context	5	5	3	0.688550887731371	0.185213511657305	1.19188826380544	0.0137028106110752	0.0158730158730159	none	TESTED	0.0294184303806481
LODO_Control5	DCT	DCT_NaCl	DCT NaCl transport	primary_transport	5	5	7	-0.729289423584784	-1.34724650960827	-0.111332337561294	0.0282426859461255	0.0317460317460317	none	TESTED	0.0470711432435425
LODO_Control5	DCT	DCT_Mg	DCT magnesium handling	primary_transport	5	5	5	-1.33786567262913	-2.29125175669406	-0.384479588564197	0.0172978636153794	0.0158730158730159	none	TESTED	0.0432446590384485
LODO_Control5	DCT	DCT_Ca	DCT calcium handling	primary_transport	5	5	4	-1.02780782851813	-2.89853723086829	0.842921573832038	0.213880035913781	0.19047619047619	none	TESTED	0.267350044892226
LODO_Control5	DCT	epithelial_injury	Epithelial injury	context	5	5	5	2.86809400500424	1.30115697438452	4.43503103562396	0.00471002329211568	0.00793650793650794	none	TESTED	0.0188400931684627
LODO_Control5	DCT	chemokine_adhesion	Chemokine / adhesion	context	5	5	3	0.733869210576485	0.250740182827091	1.21699823832588	0.00846260260004919	0.0158730158730159	none	TESTED	0.0225669402667978
LODO_Control6	DCT	DCT_NaCl	DCT NaCl transport	primary_transport	5	5	7	-0.662225954623449	-1.27958207928287	-0.0448698299640313	0.0401600544516424	0.0317460317460317	none	TESTED	0.0669334240860707
LODO_Control6	DCT	DCT_Mg	DCT magnesium handling	primary_transport	5	5	5	-1.27237486747284	-2.22248506749838	-0.322264667447294	0.0199108472037556	0.0238095238095238	none	TESTED	0.0497771180093891
LODO_Control6	DCT	DCT_Ca	DCT calcium handling	primary_transport	5	5	4	-0.905150937814221	-2.77272716544536	0.962425289816916	0.269477104581201	0.238095238095238	none	TESTED	0.336846380726501
LODO_Control6	DCT	epithelial_injury	Epithelial injury	context	5	5	5	2.85777223596163	1.29123947315374	4.42430499876952	0.00480378505495306	0.00793650793650794	none	TESTED	0.0192151402198122
LODO_Control6	DCT	chemokine_adhesion	Chemokine / adhesion	context	5	5	3	0.600628071491502	0.14469097370891	1.05656516927409	0.0178952543012803	0.0158730158730159	none	TESTED	0.0357905086025606
LODO_Control7	DCT	DCT_NaCl	DCT NaCl transport	primary_transport	5	5	7	-0.76516187624421	-1.37291547340579	-0.157408279082626	0.022861186822524	0.0158730158730159	none	TESTED	0.0381019780375399
LODO_Control7	DCT	DCT_Mg	DCT magnesium handling	primary_transport	5	5	5	-1.26471917204951	-2.20837098857058	-0.321067355528435	0.0198982248865704	0.0158730158730159	none	TESTED	0.0381019780375399
LODO_Control7	DCT	DCT_Ca	DCT calcium handling	primary_transport	5	5	4	-0.833437728790646	-2.66583355596327	0.998958098381979	0.29568422416241	0.293650793650794	none	TESTED	0.369605280203012
LODO_Control7	DCT	epithelial_injury	Epithelial injury	context	5	5	5	2.96990396573632	1.4057307914541	4.53407714001854	0.00433541350484227	0.00793650793650794	none	TESTED	0.0173416540193691
LODO_Control7	DCT	chemokine_adhesion	Chemokine / adhesion	context	5	5	3	0.619645152326418	0.152159956907242	1.08713034774559	0.0159785862438894	0.0158730158730159	none	TESTED	0.0319571724877789
LODO_UUO1	DCT	DCT_NaCl	DCT NaCl transport	primary_transport	6	4	7	-0.625238800113644	-1.42601842704077	0.175540826813485	0.0935610019754	0.019047619047619	none	TESTED	0.155935003292333
LODO_UUO1	DCT	DCT_Mg	DCT magnesium handling	primary_transport	6	4	5	-1.16432539873692	-2.46369528175549	0.135044484281637	0.0653446719324366	0.0142857142857143	none	TESTED	0.155935003292333
LODO_UUO1	DCT	DCT_Ca	DCT calcium handling	primary_transport	6	4	4	-0.92081435046291	-3.6508222065473	1.80919350562148	0.378263076400326	0.261904761904762	none	TESTED	0.378263076400326
LODO_UUO1	DCT	epithelial_injury	Epithelial injury	context	6	4	5	2.74494217165963	0.567713461859952	4.92217088145931	0.0261334952276564	0.00476190476190476	none	TESTED	0.0629345567170478
LODO_UUO1	DCT	chemokine_adhesion	Chemokine / adhesion	context	6	4	3	0.747699564179054	0.159591133969929	1.33580799438818	0.022381388090376	0.00952380952380952	none	TESTED	0.0629345567170478
LODO_UUO2	DCT	DCT_NaCl	DCT NaCl transport	primary_transport	6	4	7	-0.611038299631224	-1.36620273038307	0.144126131120622	0.0864121092334903	0.019047619047619	none	TESTED	0.144020182055817
LODO_UUO2	DCT	DCT_Mg	DCT magnesium handling	primary_transport	6	4	5	-1.11424383731551	-2.295506804406	0.0670191297749701	0.0577903098767268	0.0142857142857143	none	TESTED	0.144020182055817
LODO_UUO2	DCT	DCT_Ca	DCT calcium handling	primary_transport	6	4	4	-0.783918702389725	-3.45273546581122	1.88489806103177	0.436967814089642	0.333333333333333	none	TESTED	0.546209767612053
LODO_UUO2	DCT	epithelial_injury	Epithelial injury	context	6	4	5	2.64712127107636	0.610275290752994	4.68396725139973	0.0236853585691459	0.00476190476190476	none	TESTED	0.0947414342765836
LODO_UUO2	DCT	chemokine_adhesion	Chemokine / adhesion	context	6	4	3	0.627001665635192	0.0364837633239701	1.21751956794641	0.0414053079714116	0.0142857142857143	none	TESTED	0.110414154590431
LODO_UUO3	DCT	DCT_NaCl	DCT NaCl transport	primary_transport	6	4	7	-0.827584504081769	-1.59891922707788	-0.0562497810856551	0.0411317762031516	0.0142857142857143	none	TESTED	0.0883520653606507
LODO_UUO3	DCT	DCT_Mg	DCT magnesium handling	primary_transport	6	4	5	-1.34439324094195	-2.72085536266855	0.0320688807846461	0.0530112392163904	0.0142857142857143	none	TESTED	0.0883520653606507
LODO_UUO3	DCT	DCT_Ca	DCT calcium handling	primary_transport	6	4	4	-1.25101894303164	-3.61994173361734	1.11790384755407	0.204230414595821	0.0761904761904762	none	TESTED	0.255288018244776
LODO_UUO3	DCT	epithelial_injury	Epithelial injury	context	6	4	5	2.84211258147493	0.583091862457704	5.10113330049216	0.026344203843552	0.00476190476190476	none	TESTED	0.0702512102494719
LODO_UUO3	DCT	chemokine_adhesion	Chemokine / adhesion	context	6	4	3	0.564500489883818	0.164487160818612	0.964513818949025	0.0123921268445287	0.0142857142857143	none	TESTED	0.0495685073781147
LODO_UUO4	DCT	DCT_NaCl	DCT NaCl transport	primary_transport	6	4	7	-0.657431662711049	-1.50938435314959	0.194521027727491	0.0956923827166549	0.019047619047619	none	TESTED	0.159487304527758
LODO_UUO4	DCT	DCT_Mg	DCT magnesium handling	primary_transport	6	4	5	-1.24008649348456	-2.62620668524026	0.146033698271138	0.0655526668985428	0.0142857142857143	none	TESTED	0.159487304527758
LODO_UUO4	DCT	DCT_Ca	DCT calcium handling	primary_transport	6	4	4	-0.329537361759363	-1.73660610980252	1.0775313862838	0.556480176692649	0.49047619047619	none	TESTED	0.679613129347806
LODO_UUO4	DCT	epithelial_injury	Epithelial injury	context	6	4	5	2.81001207738487	0.574130722937953	5.04589343183178	0.0264456877757801	0.00476190476190476	none	TESTED	0.0599861736406341
LODO_UUO4	DCT	chemokine_adhesion	Chemokine / adhesion	context	6	4	3	0.724432258880273	0.106396270870175	1.34246824689037	0.0299930868203171	0.00952380952380952	none	TESTED	0.0599861736406341
LODO_UUO5	DCT	DCT_NaCl	DCT NaCl transport	primary_transport	6	4	7	-0.889960872201605	-1.4746009080388	-0.305320836364414	0.0131213155303145	0.00476190476190476	none	TESTED	0.0328032888257862
LODO_UUO5	DCT	DCT_Mg	DCT magnesium handling	primary_transport	6	4	5	-1.60763058884344	-2.21278918288185	-1.00247199480502	0.00246609111484408	0.00476190476190476	none	TESTED	0.0123304555742204
LODO_UUO5	DCT	DCT_Ca	DCT calcium handling	primary_transport	6	4	4	-1.24140233162849	-3.51193769914677	1.02913303588978	0.192919579341729	0.0714285714285714	none	TESTED	0.241149474177161
LODO_UUO5	DCT	epithelial_injury	Epithelial injury	context	6	4	5	3.42400942912134	2.81920992158962	4.02880893665307	1.14731078469148e-06	0.00476190476190476	none	TESTED	9.17848627753187e-06
LODO_UUO5	DCT	chemokine_adhesion	Chemokine / adhesion	context	6	4	3	0.723353045664726	0.231585119424253	1.2151209719052	0.0122993214632759	0.00476190476190476	none	TESTED	0.0186951343950926
sex_adjusted	DCT	DCT_NaCl	DCT NaCl transport	primary_transport	6	5	7	-0.690662259448868	-1.19067950868017	-0.190645010217571	0.0128955842877477	NA	sex	TESTED	0.0214926404795795
sex_adjusted	DCT	DCT_Mg	DCT magnesium handling	primary_transport	6	5	5	-1.29999710536784	-2.08390842319773	-0.516085787537943	0.0050597515456632	NA	sex	TESTED	0.012649378864158
sex_adjusted	DCT	DCT_Ca	DCT calcium handling	primary_transport	6	5	4	-0.868039941142196	-2.47347911070947	0.737399228425083	0.247727718603152	NA	sex	TESTED	0.30965964825394
sex_adjusted	DCT	epithelial_injury	Epithelial injury	context	6	5	5	2.87563578193028	1.47814843990556	4.27312312395501	0.0014543682850294	NA	sex	TESTED	0.0058174731401176
sex_adjusted	DCT	chemokine_adhesion	Chemokine / adhesion	context	6	5	3	0.693829492881481	0.235933550741266	1.1517254350217	0.00814823690904108	NA	sex	TESTED	0.0130371790544657
sex_ageband_adjusted	DCT	DCT_NaCl	DCT NaCl transport	primary_transport	6	5	7	-0.82850367082313	-1.2962777943322	-0.360729547314063	0.00409556675891997	NA	sex_age	TESTED	0.00682594459819995
sex_ageband_adjusted	DCT	DCT_Mg	DCT magnesium handling	primary_transport	6	5	5	-1.49176016765174	-2.26792620974944	-0.715594125554037	0.00265274997416454	NA	sex_age	TESTED	0.00663187493541134
sex_ageband_adjusted	DCT	DCT_Ca	DCT calcium handling	primary_transport	6	5	4	-1.06458474438773	-2.87543542682846	0.746265938053003	0.207085651293189	NA	sex_age	TESTED	0.258857064116486
sex_ageband_adjusted	DCT	epithelial_injury	Epithelial injury	context	6	5	5	3.08883600153932	1.54631747898394	4.6313545240947	0.00211999547392138	NA	sex_age	TESTED	0.00423999094784275
sex_ageband_adjusted	DCT	chemokine_adhesion	Chemokine / adhesion	context	6	5	3	0.638485843498984	0.121502482615077	1.15546920438289	0.02232847351723	NA	sex_age	TESTED	0.0297712980229733
main	PC	PC_water	PC water / vasopressin	exploratory_transport	7	4	4	-0.840364417429624	-2.25144054176712	0.570711706907875	0.160422138049325	0.0363636363636364	none	TESTED	0.212697460601472
main	PC	PC_NaK	PC sodium / potassium	exploratory_transport	7	4	6	-0.670962605667034	-1.49178835341902	0.149863142084947	0.0917655471395217	0.0636363636363636	none	TESTED	0.212697460601472
main	PC	epithelial_injury	Epithelial injury	context	7	4	5	1.34985220287113	0.277549429363648	2.42215497637861	0.0216832576267006	0.00606060606060606	none	TESTED	0.034693212202721
main	PC	chemokine_adhesion	Chemokine / adhesion	context	7	4	3	1.08761609781183	0.150435547698922	2.02479664792475	0.0338098695838077	0.00303030303030303	none	TESTED	0.0450798261117435
min10	PC	PC_water	PC water / vasopressin	exploratory_transport	7	5	4	-1.0008151137411	-2.06060718713418	0.0589769596519794	0.0591539536048011	0.0164141414141414	none	TESTED	0.0887309304072016
min10	PC	PC_NaK	PC sodium / potassium	exploratory_transport	7	5	6	-0.643207492302855	-1.26767337468825	-0.0187416099174627	0.0447365823465175	0.047979797979798	none	TESTED	0.0887309304072016
min10	PC	epithelial_injury	Epithelial injury	context	7	5	5	1.25184222973108	0.360260463262484	2.14342399619969	0.0114598471068817	0.0151515151515152	none	TESTED	0.021095737139308
min10	PC	chemokine_adhesion	Chemokine / adhesion	context	7	5	3	0.97265484762414	0.302239335968632	1.64307035927965	0.0146904566927031	0.00126262626262626	none	TESTED	0.021095737139308
min50	PC	PC_water	PC water / vasopressin	exploratory_transport	6	2	4	-0.114331154113723	NA	NA	NA	NA	none	DESCRIPTIVE_ONLY	NA
min50	PC	PC_NaK	PC sodium / potassium	exploratory_transport	6	2	6	-0.342875926335799	NA	NA	NA	NA	none	DESCRIPTIVE_ONLY	NA
min50	PC	epithelial_injury	Epithelial injury	context	6	2	5	1.23408376342612	NA	NA	NA	NA	none	DESCRIPTIVE_ONLY	NA
min50	PC	chemokine_adhesion	Chemokine / adhesion	context	6	2	3	0.637824244416064	NA	NA	NA	NA	none	DESCRIPTIVE_ONLY	NA
LODO_Control1	PC	PC_water	PC water / vasopressin	exploratory_transport	6	4	4	-0.874634663926336	-2.29399767374167	0.544728345888998	0.151131777521682	0.0476190476190476	none	TESTED	0.231890161741552
LODO_Control1	PC	PC_NaK	PC sodium / potassium	exploratory_transport	6	4	6	-0.549654236558612	-1.37996336165446	0.280654888537232	0.154593441161035	0.119047619047619	none	TESTED	0.231890161741552
LODO_Control1	PC	epithelial_injury	Epithelial injury	context	6	4	5	1.35105034652966	0.254346643621399	2.44775404943792	0.0229117699683187	0.0285714285714286	none	TESTED	0.03665883194931
LODO_Control1	PC	chemokine_adhesion	Chemokine / adhesion	context	6	4	3	1.12119931901245	0.182013935726856	2.06038470229804	0.0311066281205085	0.00476190476190476	none	TESTED	0.041475504160678
LODO_Control2	PC	PC_water	PC water / vasopressin	exploratory_transport	6	4	4	-0.805964250989431	-2.2043400105938	0.592411508614942	0.17260626098345	0.0571428571428571	none	TESTED	0.258909391475174
LODO_Control2	PC	PC_NaK	PC sodium / potassium	exploratory_transport	6	4	6	-0.62256054546187	-1.46426562988855	0.219144538964805	0.122030244626845	0.10952380952381	none	TESTED	0.258909391475174
LODO_Control2	PC	epithelial_injury	Epithelial injury	context	6	4	5	1.32867310616601	0.222666548937983	2.43467966339403	0.0253961993166863	0.0238095238095238	none	TESTED	0.040633918906698
LODO_Control2	PC	chemokine_adhesion	Chemokine / adhesion	context	6	4	3	1.08816786059953	0.157817184905257	2.0185185362938	0.032881621882043	0.00476190476190476	none	TESTED	0.0438421625093907
LODO_Control3	PC	PC_water	PC water / vasopressin	exploratory_transport	6	4	4	-0.891378781152092	-2.327215635342	0.544458073037816	0.1478001377901	0.0333333333333333	none	TESTED	0.1478001377901
LODO_Control3	PC	PC_NaK	PC sodium / potassium	exploratory_transport	6	4	6	-0.809677557486268	-1.62605514531244	0.00670003033990504	0.0512119654660218	0.0142857142857143	none	TESTED	0.102423930932044
LODO_Control3	PC	epithelial_injury	Epithelial injury	context	6	4	5	1.62100633510113	0.486564731371655	2.7554479388306	0.0193707617020929	0.00476190476190476	none	TESTED	0.0258276822694573
LODO_Control3	PC	chemokine_adhesion	Chemokine / adhesion	context	6	4	3	1.11290393288932	0.147439339278063	2.07836852650057	0.034327855989921	0.00476190476190476	none	TESTED	0.034327855989921
LODO_Control4	PC	PC_water	PC water / vasopressin	exploratory_transport	6	4	4	-0.830249049695464	-2.24313873106119	0.582640631670257	0.166866762786515	0.0476190476190476	none	TESTED	0.216156244506448
LODO_Control4	PC	PC_NaK	PC sodium / potassium	exploratory_transport	6	4	6	-0.637507383834686	-1.48768815474618	0.212673387076808	0.117962599041278	0.104761904761905	none	TESTED	0.216156244506448
LODO_Control4	PC	epithelial_injury	Epithelial injury	context	6	4	5	1.33297575817246	0.223241837758518	2.4427096785864	0.0253876563283765	0.0238095238095238	none	TESTED	0.0406202501254024
LODO_Control4	PC	chemokine_adhesion	Chemokine / adhesion	context	6	4	3	1.08564576273528	0.138377581220834	2.03291394424973	0.0348845991252156	0.00476190476190476	none	TESTED	0.0465127988336207
LODO_Control5	PC	PC_water	PC water / vasopressin	exploratory_transport	6	4	4	-0.801382938543149	-2.21661626304113	0.613850385954832	0.177741363730511	0.0666666666666667	none	TESTED	0.186206722178601
LODO_Control5	PC	PC_NaK	PC sodium / potassium	exploratory_transport	6	4	6	-0.616819724248389	-1.45958691890597	0.225947470409196	0.125278938922832	0.114285714285714	none	TESTED	0.186206722178601
LODO_Control5	PC	epithelial_injury	Epithelial injury	context	6	4	5	1.30742210881479	0.203923361660894	2.41092085596869	0.0269101790951496	0.0285714285714286	none	TESTED	0.0430562865522393
LODO_Control5	PC	chemokine_adhesion	Chemokine / adhesion	context	6	4	3	1.08485836804081	0.136094087128475	2.03362264895315	0.0351033704292633	0.00476190476190476	none	TESTED	0.0468044939056844
LODO_Control6	PC	PC_water	PC water / vasopressin	exploratory_transport	6	4	4	-0.785244981306501	-2.22174277406838	0.651252811455381	0.186747030379962	0.0619047619047619	none	TESTED	0.186747030379962
LODO_Control6	PC	PC_NaK	PC sodium / potassium	exploratory_transport	6	4	6	-0.65919262547142	-1.51563230750074	0.197247056557901	0.110246292553779	0.1	none	TESTED	0.186747030379962
LODO_Control6	PC	epithelial_injury	Epithelial injury	context	6	4	5	1.27648519367529	0.182676101325976	2.37029428602461	0.0285700763079401	0.0285714285714286	none	TESTED	0.0399588686433441
LODO_Control6	PC	chemokine_adhesion	Chemokine / adhesion	context	6	4	3	1.15811092710467	0.204295692965843	2.1119261612435	0.029969151482508	0.00476190476190476	none	TESTED	0.0399588686433441
LODO_Control7	PC	PC_water	PC water / vasopressin	exploratory_transport	6	4	4	-0.861264624990635	-2.27528921293221	0.552759962950943	0.155202485386605	0.0476190476190476	none	TESTED	0.19957739193071
LODO_Control7	PC	PC_NaK	PC sodium / potassium	exploratory_transport	6	4	6	-0.705367421856324	-1.54368323201884	0.132948388306188	0.08584218741538	0.0761904761904762	none	TESTED	0.19957739193071
LODO_Control7	PC	epithelial_injury	Epithelial injury	context	6	4	5	1.34955528882348	0.235293867870389	2.46381670977658	0.0245463048762362	0.0285714285714286	none	TESTED	0.039274087801978
LODO_Control7	PC	chemokine_adhesion	Chemokine / adhesion	context	6	4	3	1.13888545982426	0.187950681608219	2.08982023804029	0.0308966913685734	0.00476190476190476	none	TESTED	0.0411955884914312
LODO_UUO1	PC	PC_water	PC water / vasopressin	exploratory_transport	7	3	4	-0.64274146201118	-3.09473357230474	1.80925064828238	0.390536752516244	0.108333333333333	none	TESTED	0.396922888577326
LODO_UUO1	PC	PC_NaK	PC sodium / potassium	exploratory_transport	7	3	6	-0.486794993289741	-1.52054849247274	0.546958505893261	0.253265220895455	0.183333333333333	none	TESTED	0.396922888577326
LODO_UUO1	PC	epithelial_injury	Epithelial injury	context	7	3	5	1.30278506517847	-0.452340902826058	3.057911033183	0.0997352367049646	0.0166666666666667	none	TESTED	0.151618230401884
LODO_UUO1	PC	chemokine_adhesion	Chemokine / adhesion	context	7	3	3	0.957779634592249	-0.536801868619797	2.45236113780429	0.113713672801413	0.00833333333333333	none	TESTED	0.151618230401884
LODO_UUO2	PC	PC_water	PC water / vasopressin	exploratory_transport	7	3	4	-0.520064032617149	-2.45949130331158	1.41936323807728	0.388843609457308	0.133333333333333	none	TESTED	0.44587561645129
LODO_UUO2	PC	PC_NaK	PC sodium / potassium	exploratory_transport	7	3	6	-0.508502480717212	-1.65159997458742	0.634595013152994	0.267020340359317	0.158333333333333	none	TESTED	0.44587561645129
LODO_UUO2	PC	epithelial_injury	Epithelial injury	context	7	3	5	1.17757803648962	-0.279600768995214	2.63475684197445	0.0853125689762485	0.0166666666666667	none	TESTED	0.136500110361998
LODO_UUO2	PC	chemokine_adhesion	Chemokine / adhesion	context	7	3	3	0.940008730929442	-0.500111761619932	2.38012922347882	0.110290651353883	0.00833333333333333	none	TESTED	0.147054201805178
LODO_UUO3	PC	PC_water	PC water / vasopressin	exploratory_transport	7	3	4	-0.981505055929186	-3.3755441812288	1.41253406937043	0.228953115360861	0.05	none	TESTED	0.228953115360861
LODO_UUO3	PC	PC_NaK	PC sodium / potassium	exploratory_transport	7	3	6	-0.790801143271556	-1.91360638988557	0.332004103342461	0.115396951377673	0.05	none	TESTED	0.173095427066509
LODO_UUO3	PC	epithelial_injury	Epithelial injury	context	7	3	5	1.27297828655875	-0.447107391532541	2.99306396465004	0.100697780842777	0.0166666666666667	none	TESTED	0.13426370779037
LODO_UUO3	PC	chemokine_adhesion	Chemokine / adhesion	context	7	3	3	1.17466002824166	-0.245258215409534	2.59457827189286	0.0715647716489085	0.00833333333333333	none	TESTED	0.114503634638254
LODO_UUO5	PC	PC_water	PC water / vasopressin	exploratory_transport	7	3	4	-1.12031781890669	-2.74007244381677	0.499436806003398	0.10177004528659	0.00833333333333333	none	TESTED	0.150117997004417
LODO_UUO5	PC	PC_NaK	PC sodium / potassium	exploratory_transport	7	3	6	-0.834354171740091	-1.83989137926073	0.171183035780551	0.0808525604625138	0.0333333333333333	none	TESTED	0.150117997004417
LODO_UUO5	PC	epithelial_injury	Epithelial injury	context	7	3	5	1.67229329172835	1.04907779594514	2.29550878751156	0.000277703263821789	0.00833333333333333	none	TESTED	0.00111081305528716
LODO_UUO5	PC	chemokine_adhesion	Chemokine / adhesion	context	7	3	3	1.07630652835711	-0.183743014140913	2.33635607085513	0.0674076477303399	0.00833333333333333	none	TESTED	0.0770373116918171
sex_adjusted	PC	PC_water	PC water / vasopressin	exploratory_transport	7	4	4	-0.785569540317422	-1.62854346820299	0.0574043875681437	0.0638775835027416	NA	sex	TESTED	0.123723764849904
sex_adjusted	PC	PC_NaK	PC sodium / potassium	exploratory_transport	7	4	6	-0.683522608147272	-1.47781316213286	0.110767945838317	0.0824825098999357	NA	sex	TESTED	0.123723764849904
sex_adjusted	PC	epithelial_injury	Epithelial injury	context	7	4	5	1.41876635809932	0.40114152150894	2.4363911946897	0.012331068629402	NA	sex	TESTED	0.0164414248392027
sex_adjusted	PC	chemokine_adhesion	Chemokine / adhesion	context	7	4	3	1.04465037821483	0.500169245632857	1.58913151079681	0.00221365242141486	NA	sex	TESTED	0.00590307312377296
sex_ageband_adjusted	PC	PC_water	PC water / vasopressin	exploratory_transport	7	4	4	-1.04131941526433	-1.73609883074161	-0.346539999787049	0.00941863322052569	NA	sex_age	TESTED	0.0207377097101823
sex_ageband_adjusted	PC	PC_NaK	PC sodium / potassium	exploratory_transport	7	4	6	-0.919881693046253	-1.58669320224646	-0.25307018384605	0.0138251398067882	NA	sex_age	TESTED	0.0207377097101823
sex_ageband_adjusted	PC	epithelial_injury	Epithelial injury	context	7	4	5	1.6214504899661	0.573354339545941	2.66954664038626	0.00808982267044353	NA	sex_age	TESTED	0.0129437162727097
sex_ageband_adjusted	PC	chemokine_adhesion	Chemokine / adhesion	context	7	4	3	1.21554415770442	0.782617942047834	1.64847037336101	0.000293426878906534	NA	sex_age	TESTED	0.000868300453121803
main	IC-A	ICA_acid	IC-A acid secretion	exploratory_transport	6	5	7	-0.307599371924339	-0.849258218047954	0.234059474199276	0.212697460601472	0.164502164502165	none	TESTED	0.212697460601472
main	IC-A	epithelial_injury	Epithelial injury	context	6	5	5	1.26534720635269	-0.147405359404596	2.67809977210998	0.0685178096606826	0.0346320346320346	none	TESTED	0.0783060681836373
main	IC-A	chemokine_adhesion	Chemokine / adhesion	context	6	5	3	-0.187857771487386	-0.563495528285798	0.187779985311027	0.27351568457556	0.25974025974026	none	TESTED	0.27351568457556
min10	IC-A	ICA_acid	IC-A acid secretion	exploratory_transport	6	5	7	-0.307599371924339	-0.849258218047954	0.234059474199276	0.212697460601472	0.164502164502165	none	TESTED	0.212697460601472
min10	IC-A	epithelial_injury	Epithelial injury	context	6	5	5	1.26534720635269	-0.147405359404596	2.67809977210998	0.0685178096606826	0.0346320346320346	none	TESTED	0.0783060681836373
min10	IC-A	chemokine_adhesion	Chemokine / adhesion	context	6	5	3	-0.187857771487386	-0.563495528285798	0.187779985311027	0.27351568457556	0.25974025974026	none	TESTED	0.27351568457556
min50	IC-A	ICA_acid	IC-A acid secretion	exploratory_transport	5	3	7	-0.312622990539842	NA	NA	NA	NA	none	DESCRIPTIVE_ONLY	NA
min50	IC-A	epithelial_injury	Epithelial injury	context	5	3	5	1.29087193884241	NA	NA	NA	NA	none	DESCRIPTIVE_ONLY	NA
min50	IC-A	chemokine_adhesion	Chemokine / adhesion	context	5	3	3	-0.0295618398351669	NA	NA	NA	NA	none	DESCRIPTIVE_ONLY	NA
LODO_Control1	IC-A	ICA_acid	IC-A acid secretion	exploratory_transport	5	5	7	-0.273118467427293	-0.820538295668488	0.274301360813903	0.270011287137565	0.246031746031746	none	TESTED	0.270011287137565
LODO_Control1	IC-A	epithelial_injury	Epithelial injury	context	5	5	5	1.34706757660631	-0.0801074540409803	2.7742426072536	0.0591032971389738	0.0476190476190476	none	TESTED	0.0675466253016844
LODO_Control1	IC-A	chemokine_adhesion	Chemokine / adhesion	context	5	5	3	-0.124853142210476	-0.505118780927425	0.255412496506473	0.443685788077879	0.452380952380952	none	TESTED	0.443685788077879
LODO_Control2	IC-A	ICA_acid	IC-A acid secretion	exploratory_transport	5	5	7	-0.230187406473254	-0.77175827125405	0.311383458307541	0.325658764675896	0.285714285714286	none	TESTED	0.325658764675896
LODO_Control2	IC-A	epithelial_injury	Epithelial injury	context	5	5	5	1.24418691391073	-0.157759133436386	2.64613296125785	0.0706036524199911	0.0634920634920635	none	TESTED	0.0806898884799898
LODO_Control2	IC-A	chemokine_adhesion	Chemokine / adhesion	context	5	5	3	-0.164773437624647	-0.548819518510197	0.219272643260902	0.346176829870942	0.357142857142857	none	TESTED	0.346176829870942
LODO_Control4	IC-A	ICA_acid	IC-A acid secretion	exploratory_transport	5	5	7	-0.317489144096236	-0.8741126501642	0.239134361971727	0.216156244506448	0.19047619047619	none	TESTED	0.216156244506448
LODO_Control4	IC-A	epithelial_injury	Epithelial injury	context	5	5	5	1.28974760193923	-0.130580847226273	2.71007605110473	0.0662194428875514	0.0555555555555556	none	TESTED	0.0756793633000587
LODO_Control4	IC-A	chemokine_adhesion	Chemokine / adhesion	context	5	5	3	-0.221376791418881	-0.615517293632421	0.172763710794659	0.226149848944098	0.23015873015873	none	TESTED	0.226149848944098
LODO_Control5	IC-A	ICA_acid	IC-A acid secretion	exploratory_transport	5	5	7	-0.336381067588829	-0.88377693974162	0.211014804563962	0.186206722178601	0.166666666666667	none	TESTED	0.186206722178601
LODO_Control5	IC-A	epithelial_injury	Epithelial injury	context	5	5	5	1.30684586361158	-0.114721801686969	2.72841352891012	0.0639530126608488	0.0555555555555556	none	TESTED	0.0730891573266843
LODO_Control5	IC-A	chemokine_adhesion	Chemokine / adhesion	context	5	5	3	-0.183394019410702	-0.58316147887753	0.216373440056126	0.316524692129894	0.325396825396825	none	TESTED	0.316524692129894
LODO_Control6	IC-A	ICA_acid	IC-A acid secretion	exploratory_transport	5	5	7	-0.363085013544376	-0.905853140306374	0.179683113217622	0.15245071218494	0.134920634920635	none	TESTED	0.186747030379962
LODO_Control6	IC-A	epithelial_injury	Epithelial injury	context	5	5	5	1.17626495781315	-0.2495544162698	2.60208433189611	0.084759419287827	0.0634920634920635	none	TESTED	0.0968679077575166
LODO_Control6	IC-A	chemokine_adhesion	Chemokine / adhesion	context	5	5	3	-0.227597193468523	-0.617940911857096	0.16274652492005	0.209987585540067	0.222222222222222	none	TESTED	0.209987585540067
LODO_Control7	IC-A	ICA_acid	IC-A acid secretion	exploratory_transport	5	5	7	-0.327163713967181	-0.87834184003678	0.224014412102418	0.19957739193071	0.182539682539683	none	TESTED	0.19957739193071
LODO_Control7	IC-A	epithelial_injury	Epithelial injury	context	5	5	5	1.24998538314232	-0.160134506264749	2.66010527254939	0.0708489829049443	0.0634920634920635	none	TESTED	0.0809702661770792
LODO_Control7	IC-A	chemokine_adhesion	Chemokine / adhesion	context	5	5	3	-0.217532342367144	-0.605285588724071	0.170220903989783	0.22685166516715	0.238095238095238	none	TESTED	0.22685166516715
LODO_UUO1	IC-A	ICA_acid	IC-A acid secretion	exploratory_transport	6	4	7	-0.248496541198945	-0.978733424850365	0.481740342452475	0.396922888577326	0.304761904761905	none	TESTED	0.396922888577326
LODO_UUO1	IC-A	epithelial_injury	Epithelial injury	context	6	4	5	1.17345882577754	-0.851912011578479	3.19882966313355	0.166812566722795	0.0571428571428571	none	TESTED	0.19064293339748
LODO_UUO1	IC-A	chemokine_adhesion	Chemokine / adhesion	context	6	4	3	-0.215594081562104	-0.692816277794788	0.261628114670579	0.288874304836744	0.219047619047619	none	TESTED	0.288874304836744
LODO_UUO2	IC-A	ICA_acid	IC-A acid secretion	exploratory_transport	6	4	7	-0.198431565720115	-0.840473115634517	0.443609984194286	0.44587561645129	0.366666666666667	none	TESTED	0.44587561645129
LODO_UUO2	IC-A	epithelial_injury	Epithelial injury	context	6	4	5	0.962088184170399	-0.694148433738772	2.61832480207957	0.167873968374826	0.0666666666666667	none	TESTED	0.168337449997562
LODO_UUO2	IC-A	chemokine_adhesion	Chemokine / adhesion	context	6	4	3	-0.252340700115039	-0.654828145819641	0.150146745589564	0.168337449997562	0.133333333333333	none	TESTED	0.168337449997562
LODO_UUO3	IC-A	ICA_acid	IC-A acid secretion	exploratory_transport	6	4	7	-0.426418344196975	-0.993898057407625	0.141061369013675	0.109501371866068	0.0619047619047619	none	TESTED	0.173095427066509
LODO_UUO3	IC-A	epithelial_injury	Epithelial injury	context	6	4	5	1.12619474642529	-0.88035120067016	3.13274069352074	0.177389400789384	0.0666666666666667	none	TESTED	0.202730743759296
LODO_UUO3	IC-A	chemokine_adhesion	Chemokine / adhesion	context	6	4	3	-0.0808405710665636	-0.425899971398865	0.264218829265738	0.587723498944124	0.59047619047619	none	TESTED	0.587723498944124
LODO_UUO4	IC-A	ICA_acid	IC-A acid secretion	exploratory_transport	6	4	7	-0.214260037465139	-0.895911249657972	0.467391174727694	0.436943768569578	0.347619047619048	none	TESTED	0.436943768569578
LODO_UUO4	IC-A	epithelial_injury	Epithelial injury	context	6	4	5	1.36676882770392	-0.702301375274966	3.4358390306828	0.129448889037583	0.0380952380952381	none	TESTED	0.1553386668451
LODO_UUO4	IC-A	chemokine_adhesion	Chemokine / adhesion	context	6	4	3	-0.229749763020715	-0.737191372430287	0.277691846388857	0.286645696805118	0.214285714285714	none	TESTED	0.286645696805118
LODO_UUO5	IC-A	ICA_acid	IC-A acid secretion	exploratory_transport	6	4	7	-0.407647005224884	-1.03689513230453	0.221601121854763	0.150117997004417	0.0857142857142857	none	TESTED	0.150117997004417
LODO_UUO5	IC-A	epithelial_injury	Epithelial injury	context	6	4	5	1.70344010604631	0.7418483224103	2.66503188968231	0.00858493721407952	0.00476190476190476	none	TESTED	0.017169874428159
LODO_UUO5	IC-A	chemokine_adhesion	Chemokine / adhesion	context	6	4	3	-0.130041546170538	-0.584302483229806	0.324219390888729	0.487379670747732	0.466666666666667	none	TESTED	0.487379670747732
sex_adjusted	IC-A	ICA_acid	IC-A acid secretion	exploratory_transport	6	5	7	-0.301848346981482	-0.81478396086402	0.211087266901057	0.211820262438391	NA	sex	TESTED	0.211820262438391
sex_adjusted	IC-A	epithelial_injury	Epithelial injury	context	6	5	5	1.28662136346088	0.102293021686504	2.47094970523525	0.0366451509766772	NA	sex	TESTED	0.0418801725447739
sex_adjusted	IC-A	chemokine_adhesion	Chemokine / adhesion	context	6	5	3	-0.22356935982977	-0.543207164258376	0.0960684445988367	0.145425370069924	NA	sex	TESTED	0.145425370069924
sex_ageband_adjusted	IC-A	ICA_acid	IC-A acid secretion	exploratory_transport	6	5	7	-0.474288811231147	-0.882780148987699	-0.0657974734745944	0.0286894031510317	NA	sex_age	TESTED	0.0286894031510317
sex_ageband_adjusted	IC-A	epithelial_injury	Epithelial injury	context	6	5	5	1.48766730723495	0.199927530645969	2.77540708382394	0.0292649323753359	NA	sex_age	TESTED	0.0334456370003839
sex_ageband_adjusted	IC-A	chemokine_adhesion	Chemokine / adhesion	context	6	5	3	-0.188049027024669	-0.551008713121135	0.174910659071797	0.260153670852769	NA	sex_age	TESTED	0.260153670852769
main	IC-B	ICB_base	IC-B bicarbonate handling	exploratory_transport	5	3	5	-0.308757396503257	NA	NA	NA	NA	none	DESCRIPTIVE_ONLY	NA
main	IC-B	epithelial_injury	Epithelial injury	context	5	3	5	0.182765143863413	NA	NA	NA	NA	none	DESCRIPTIVE_ONLY	NA
main	IC-B	chemokine_adhesion	Chemokine / adhesion	context	5	3	3	0.0529967406718885	NA	NA	NA	NA	none	DESCRIPTIVE_ONLY	NA
min10	IC-B	ICB_base	IC-B bicarbonate handling	exploratory_transport	6	3	5	-0.274156127947499	NA	NA	NA	NA	none	DESCRIPTIVE_ONLY	NA
min10	IC-B	epithelial_injury	Epithelial injury	context	6	3	5	0.22061673142693	NA	NA	NA	NA	none	DESCRIPTIVE_ONLY	NA
min10	IC-B	chemokine_adhesion	Chemokine / adhesion	context	6	3	3	0.0583681187297156	NA	NA	NA	NA	none	DESCRIPTIVE_ONLY	NA
min50	IC-B	ICB_base	IC-B bicarbonate handling	exploratory_transport	3	3	5	-0.349445381001106	NA	NA	NA	NA	none	DESCRIPTIVE_ONLY	NA
min50	IC-B	epithelial_injury	Epithelial injury	context	3	3	5	0.515131610531381	NA	NA	NA	NA	none	DESCRIPTIVE_ONLY	NA
min50	IC-B	chemokine_adhesion	Chemokine / adhesion	context	3	3	3	0.0121462677243045	NA	NA	NA	NA	none	DESCRIPTIVE_ONLY	NA
author_healthy_states	TAL	TAL_salt	TAL salt transport	primary_transport	7	4	7	-0.699533847331078	-1.55991247763244	0.160844782970286	0.083231845490615	0.0121212121212121	none	TESTED	0.16646369098123
author_healthy_states	TAL	TAL_CaMg	TAL paracellular Ca/Mg	primary_transport	7	4	2	0.377064378811428	-0.786267893547471	1.54039665117033	0.424997624616849	0.342424242424242	none	TESTED	0.424997624616849
author_healthy_states	TAL	epithelial_injury	Epithelial injury	context	7	4	5	1.3458010481103	0.337222749832895	2.35437934638771	0.0203320685982265	0.00606060606060606	none	TESTED	0.0406641371964531
author_healthy_states	TAL	chemokine_adhesion	Chemokine / adhesion	context	7	4	3	-0.0628534794805924	-0.765550236847628	0.639843277886443	0.821107763728746	0.806060606060606	none	TESTED	0.821107763728746
macula_densa_excluded	TAL	TAL_salt	TAL salt transport	primary_transport	7	5	7	-1.25696913434213	-2.10858608294486	-0.405352185739396	0.0139816640235128	0.00126262626262626	none	TESTED	0.0279633280470256
macula_densa_excluded	TAL	TAL_CaMg	TAL paracellular Ca/Mg	primary_transport	7	5	2	-0.138076501013322	-0.678448319677675	0.402295317651031	0.581402523427776	0.595959595959596	none	TESTED	0.581402523427776
macula_densa_excluded	TAL	epithelial_injury	Epithelial injury	context	7	5	5	2.21812197077004	1.30012340420318	3.1361205373369	0.00102113315151226	0.00126262626262626	none	TESTED	0.00204226630302451
macula_densa_excluded	TAL	chemokine_adhesion	Chemokine / adhesion	context	7	5	3	1.48170514125838	0.427519575987599	2.53589070652916	0.0159049507508001	0.00252525252525253	none	TESTED	0.0159049507508001
