celltype	module	context	n	n_control	n_uuo	pooled_r	pooled_p	partial_r	partial_ci_low	partial_ci_high	partial_p	ci_method	partial_fdr
TAL	TAL_salt	epithelial_injury	12	7	5	-0.8875159981727772	0.00011708388406398635	-0.5838300242012034	-0.876672406065423	0.024693148350647547	0.05932405219061905	approximate Fisher conditional on group	0.15254756277587758
TAL	TAL_salt	chemokine_adhesion	12	7	5	-0.9146299924014639	3.0900127262511577e-05	-0.7466060792837416	-0.9299735364109134	-0.26575472064828015	0.008299053993736873	approximate Fisher conditional on group	0.049794323962421234
TAL	TAL_CaMg	epithelial_injury	12	7	5	-0.05533551220844646	0.8643772027067664	0.19445531067834315	-0.4589564610430675	0.7113519182058278	0.5666808290415853	approximate Fisher conditional on group	0.6800169948499024
TAL	TAL_CaMg	chemokine_adhesion	12	7	5	-0.007596744663275784	0.9813063246453942	0.20074950390244087	-0.45377066577117997	0.7145724124236255	0.553933595897186	approximate Fisher conditional on group	0.6800169948499024
DCT	DCT_NaCl	epithelial_injury	11	6	5	-0.8607400281437535	0.0006694384923480305	-0.6573816254584413	-0.910250790255611	-0.04735633940156424	0.038865483213453365	approximate Fisher conditional on group	0.12229594109134719
DCT	DCT_NaCl	chemokine_adhesion	11	6	5	-0.5779564870151994	0.0625616817575112	-0.038368961251086395	-0.6522384161136852	0.6058946059321544	0.9161913510845391	approximate Fisher conditional on group	0.9698200154482746
DCT	DCT_Mg	epithelial_injury	11	6	5	-0.9448373561574646	1.1753230870258926e-05	-0.8311916310677866	-0.9589571759770267	-0.42287034335706425	0.0028823976159203166	approximate Fisher conditional on group	0.0364500492346371
DCT	DCT_Mg	chemokine_adhesion	11	6	5	-0.7338003625808831	0.010152484817282755	-0.3107717699360136	-0.7865029712086479	0.3964225654581108	0.3821254030344568	approximate Fisher conditional on group	0.5290967118938632
DCT	DCT_Ca	epithelial_injury	11	6	5	-0.5535079538808491	0.07732174971635519	-0.4139508797075019	-0.8278190825480123	0.29170333226860207	0.23434553942822936	approximate Fisher conditional on group	0.3834745190643753
DCT	DCT_Ca	chemokine_adhesion	11	6	5	-0.31247935995211873	0.34949972737303997	0.013799191676526303	-0.6212245147875267	0.6378833484779188	0.9698200154482745	approximate Fisher conditional on group	0.9698200154482746
PC	PC_water	epithelial_injury	11	7	4	-0.802456732478128	0.0029533457139666016	-0.65271448510772	-0.9088387656752202	-0.03919670649277602	0.04076531369711573	approximate Fisher conditional on group	0.12229594109134719
PC	PC_water	chemokine_adhesion	11	7	4	-0.8677401776494593	0.0005364165442959356	-0.8152705087665683	-0.9547887181486471	-0.3814469237489047	0.004050005470515233	approximate Fisher conditional on group	0.0364500492346371
PC	PC_NaK	epithelial_injury	11	7	4	-0.839944005175822	0.0012134548398975427	-0.7523183821904931	-0.9377512132943662	-0.23311284235321503	0.012058231364981077	approximate Fisher conditional on group	0.05426204114241485
PC	PC_NaK	chemokine_adhesion	11	7	4	-0.7060244653002572	0.015180285623376467	-0.5063700730781716	-0.8613707712674067	0.18094620489206034	0.13530943481926208	approximate Fisher conditional on group	0.3044462283433397
IC-A	ICA_acid	epithelial_injury	11	6	5	-0.5120631215931009	0.10733287842773108	-0.32673653931540486	-0.7931869074193363	0.38133969463461714	0.3568034635716765	approximate Fisher conditional on group	0.5290967118938632
IC-A	ICA_acid	chemokine_adhesion	11	6	5	-0.21490469301126852	0.5256975542172753	-0.46339824977072536	-0.846146353163662	0.23470838117434709	0.17738058792797867	approximate Fisher conditional on group	0.3192850582703616
IC-B	ICB_base	epithelial_injury	8	5	3	-0.12246488137457803	0.7726638740415883	-0.06805621156067329	-0.7810835678046947	0.7220048499784573	0.884731561516743	approximate Fisher conditional on group	0.9698200154482746
IC-B	ICB_base	chemokine_adhesion	8	5	3	0.3846792434662042	0.3467227366076894	0.5953103230518965	-0.2859320650216296	0.9309986822052475	0.15848036066008564	approximate Fisher conditional on group	0.3169607213201713
