sample	file	source_url	bytes	sha256
GSM2533478	GSM2533478_S127L_0d_1O.txt.gz	https://ftp.ncbi.nlm.nih.gov/geo/samples/GSM2533nnn/GSM2533478/suppl/GSM2533478_S127L_0d_1O.txt.gz	14911989	2006300a0640bc248e1b2cbe89699ce17744d2e58ce241a5f90b9cefd4a5c568
GSM2533479	GSM2533479_S134L_0d_1O.txt.gz	https://ftp.ncbi.nlm.nih.gov/geo/samples/GSM2533nnn/GSM2533479/suppl/GSM2533479_S134L_0d_1O.txt.gz	14905371	5a22224fb16e56a5916b1d4691f30a777a9c86ae72d4fac13b1e2182c949fb31
GSM2533480	GSM2533480_S151L_0d_1O.txt.gz	https://ftp.ncbi.nlm.nih.gov/geo/samples/GSM2533nnn/GSM2533480/suppl/GSM2533480_S151L_0d_1O.txt.gz	14933641	851848c8c99066d3996d36f43d3d08fa348604dd8d8da75a0b602ac40263c1fc
GSM2533481	GSM2533481_S171L_0d_1O.txt.gz	https://ftp.ncbi.nlm.nih.gov/geo/samples/GSM2533nnn/GSM2533481/suppl/GSM2533481_S171L_0d_1O.txt.gz	14881660	b34d8d01a387a19bfe7d94027fec7003d8b9b2c9cda4c38e5eb6a1233995047a
GSM2533482	GSM2533482_S206L_0d_1O.txt.gz	https://ftp.ncbi.nlm.nih.gov/geo/samples/GSM2533nnn/GSM2533482/suppl/GSM2533482_S206L_0d_1O.txt.gz	15026209	94b472eca9ca4219b7e70a526239e093028f2eff7831f0aa1abc9729f739ae9c
GSM2533483	GSM2533483_S248L_0d_1O.txt.gz	https://ftp.ncbi.nlm.nih.gov/geo/samples/GSM2533nnn/GSM2533483/suppl/GSM2533483_S248L_0d_1O.txt.gz	15099997	a0a27bc3cbbf871e13b3d18db88678a1d96dff8f5fd46c9c82d82cef29be29b1
GSM2533484	GSM2533484_S251L_10d_1O.txt.gz	https://ftp.ncbi.nlm.nih.gov/geo/samples/GSM2533nnn/GSM2533484/suppl/GSM2533484_S251L_10d_1O.txt.gz	4592863	41ef7dfe7a4581d4f9b16d26c5da9ed335502f47428ecd39f85db838c0932634
GSM2533485	GSM2533485_S252L_10d_1O.txt.gz	https://ftp.ncbi.nlm.nih.gov/geo/samples/GSM2533nnn/GSM2533485/suppl/GSM2533485_S252L_10d_1O.txt.gz	4599318	e3dd8e287113255d772db51b670a4b9e26e945acd243d0385a2675803e03ebb7
GSM2533486	GSM2533486_S253L_10d_1O.txt.gz	https://ftp.ncbi.nlm.nih.gov/geo/samples/GSM2533nnn/GSM2533486/suppl/GSM2533486_S253L_10d_1O.txt.gz	4595031	c766f0abf0200aa182001854d9f52c4c321d7a27ef5e51fd87ef472e30a05afd
GSM2533487	GSM2533487_S272L_10d_1O.txt.gz	https://ftp.ncbi.nlm.nih.gov/geo/samples/GSM2533nnn/GSM2533487/suppl/GSM2533487_S272L_10d_1O.txt.gz	4636219	2faa817c4c6118545987e935b30d8cf6f6ce41cb67790125650b7db0d577a3f3
GSM2533488	GSM2533488_S299L_10d_1O.txt.gz	https://ftp.ncbi.nlm.nih.gov/geo/samples/GSM2533nnn/GSM2533488/suppl/GSM2533488_S299L_10d_1O.txt.gz	4570623	d828cea7d0993ec13a0ec5ed1c5b7edca5eebd1898b314f9fa0b0c1ffa59a33e
GSM2533489	GSM2533489_S268L_28d_1O.txt.gz	https://ftp.ncbi.nlm.nih.gov/geo/samples/GSM2533nnn/GSM2533489/suppl/GSM2533489_S268L_28d_1O.txt.gz	4583811	d0746189a0c331ed6f0cce99d50922efe7878d6a784b0b58ba84ef06e69e6504
GSM2533490	GSM2533490_S270L_28d_1O.txt.gz	https://ftp.ncbi.nlm.nih.gov/geo/samples/GSM2533nnn/GSM2533490/suppl/GSM2533490_S270L_28d_1O.txt.gz	4587844	2930df831f79bbef775531b43ac38c0fd94448e571bc555ec94aeee4e59cd038
GSM2533491	GSM2533491_S303L_28d_1O.txt.gz	https://ftp.ncbi.nlm.nih.gov/geo/samples/GSM2533nnn/GSM2533491/suppl/GSM2533491_S303L_28d_1O.txt.gz	4539338	8f959e1932f2c7b5549e7b2e80c253aaab8b8f572e9a99389e3e012de6aa45f9
GSM2533492	GSM2533492_S304L_28d_1O.txt.gz	https://ftp.ncbi.nlm.nih.gov/geo/samples/GSM2533nnn/GSM2533492/suppl/GSM2533492_S304L_28d_1O.txt.gz	4562830	528ae47b1df0892b528512f0a3e75cf0152fe9d981e7f25f0086332377c49daf
GSM2533493	GSM2533493_S305L_28d_1O.txt.gz	https://ftp.ncbi.nlm.nih.gov/geo/samples/GSM2533nnn/GSM2533493/suppl/GSM2533493_S305L_28d_1O.txt.gz	4568242	4390067347b7aa43c3e2ca3d38e569f532c6f4b287bacbae51401f7730d36d27
GSM2533494	GSM2533494_S306L_28d_1O.txt.gz	https://ftp.ncbi.nlm.nih.gov/geo/samples/GSM2533nnn/GSM2533494/suppl/GSM2533494_S306L_28d_1O.txt.gz	4545467	f0e5b72a5ceaa3154ed4d32e841f060af34ae8ed562bec163e4d38e5ed967b6c
GSM2533495	GSM2533495_S113L_0d_5O.txt.gz	https://ftp.ncbi.nlm.nih.gov/geo/samples/GSM2533nnn/GSM2533495/suppl/GSM2533495_S113L_0d_5O.txt.gz	15110737	49af3efcf93567d621834ff57dc1b963496ff01bb1096b5a9ee2644da69b0246
GSM2533496	GSM2533496_S141L_0d_5O.txt.gz	https://ftp.ncbi.nlm.nih.gov/geo/samples/GSM2533nnn/GSM2533496/suppl/GSM2533496_S141L_0d_5O.txt.gz	15117278	96848fd8eaf334641495ae1aeb950b3295254e98099c24ff7c2287c31c385d9c
GSM2533497	GSM2533497_S158L_0d_5O.txt.gz	https://ftp.ncbi.nlm.nih.gov/geo/samples/GSM2533nnn/GSM2533497/suppl/GSM2533497_S158L_0d_5O.txt.gz	15127608	1b1d0025a7513688fc04d9154b3c1ef3855057371bdd68bf0c07a8c46d1bcf50
GSM2533498	GSM2533498_S194L_0d_5O.txt.gz	https://ftp.ncbi.nlm.nih.gov/geo/samples/GSM2533nnn/GSM2533498/suppl/GSM2533498_S194L_0d_5O.txt.gz	15125347	dea5bc2a32e30f519f3ecc20c2edfc4f1d6df02df3d61179fa6cb039f4c7d325
GSM2533499	GSM2533499_S215L_0d_5O.txt.gz	https://ftp.ncbi.nlm.nih.gov/geo/samples/GSM2533nnn/GSM2533499/suppl/GSM2533499_S215L_0d_5O.txt.gz	15053227	42a84720b44f1cfaaee5915dccd52ec764a5b6406da2842097238b590ead60e0
GSM2533500	GSM2533500_S245L_0d_5O.txt.gz	https://ftp.ncbi.nlm.nih.gov/geo/samples/GSM2533nnn/GSM2533500/suppl/GSM2533500_S245L_0d_5O.txt.gz	15059272	3c46c3b39a4e8b16422b63203d0868ae18ed039916043ac22bb727e06d2918ca
GSM2533501	GSM2533501_S281L_10d_5O.txt.gz	https://ftp.ncbi.nlm.nih.gov/geo/samples/GSM2533nnn/GSM2533501/suppl/GSM2533501_S281L_10d_5O.txt.gz	4544662	4875099afe88bd3e732ac66592c272eb845df54afc79627743932340b26c91f4
GSM2533502	GSM2533502_S284L_10d_5O.txt.gz	https://ftp.ncbi.nlm.nih.gov/geo/samples/GSM2533nnn/GSM2533502/suppl/GSM2533502_S284L_10d_5O.txt.gz	4553372	1168dbc6a0f4452e70bc5df85a99fe62e893f3a06c1850b860ffdce4ddb55896
GSM2533503	GSM2533503_S310L_10d_5O.txt.gz	https://ftp.ncbi.nlm.nih.gov/geo/samples/GSM2533nnn/GSM2533503/suppl/GSM2533503_S310L_10d_5O.txt.gz	4561271	5094de80c050ffd54d6c41b4021b48cae70b207d26bd0650116a0b4552e5f778
GSM2533504	GSM2533504_S314L_10d_5O.txt.gz	https://ftp.ncbi.nlm.nih.gov/geo/samples/GSM2533nnn/GSM2533504/suppl/GSM2533504_S314L_10d_5O.txt.gz	4568453	99a25ac04afa4726e6d8b1402d48cb18a4b4c37d786a66b2bed0905b2a11e80f
GSM2533505	GSM2533505_S315L_10d_5O.txt.gz	https://ftp.ncbi.nlm.nih.gov/geo/samples/GSM2533nnn/GSM2533505/suppl/GSM2533505_S315L_10d_5O.txt.gz	4550647	794461ea3e98eb20615a3159f5b04e20bc5b89910d11d1e59bba7616771a3d13
GSM2533506	GSM2533506_S316L_10d_5O.txt.gz	https://ftp.ncbi.nlm.nih.gov/geo/samples/GSM2533nnn/GSM2533506/suppl/GSM2533506_S316L_10d_5O.txt.gz	4563765	3622d5455fcf9b7e7512d72172401ed11e4be21385aa3dd38706521fa3a12dd0
GSM2533507	GSM2533507_S318L_10d_5O.txt.gz	https://ftp.ncbi.nlm.nih.gov/geo/samples/GSM2533nnn/GSM2533507/suppl/GSM2533507_S318L_10d_5O.txt.gz	4560969	6691d09e8b0a97c46a7d6b745d029beb5fbe15ead7353fc03ef3bea05a7bab3e
GSM2533508	GSM2533508_S320L_10d_5O.txt.gz	https://ftp.ncbi.nlm.nih.gov/geo/samples/GSM2533nnn/GSM2533508/suppl/GSM2533508_S320L_10d_5O.txt.gz	4568126	fa9948b33045c361e4b1e932b496e6cf6f135b922e65850127c0d744cf02d723
GSM2533509	GSM2533509_S326L_28d_5O.txt.gz	https://ftp.ncbi.nlm.nih.gov/geo/samples/GSM2533nnn/GSM2533509/suppl/GSM2533509_S326L_28d_5O.txt.gz	4525399	ff68fe6105fe923b33daa55889a90d5b8b0394f19844e613f4b42f387bb240e6
GSM2533510	GSM2533510_S329L_28d_5O.txt.gz	https://ftp.ncbi.nlm.nih.gov/geo/samples/GSM2533nnn/GSM2533510/suppl/GSM2533510_S329L_28d_5O.txt.gz	4561225	00807a5598a683db12ab72fe118d2a61658561a012a03fbb7aa31bc660900391
GSM2533511	GSM2533511_S330L_28d_5O.txt.gz	https://ftp.ncbi.nlm.nih.gov/geo/samples/GSM2533nnn/GSM2533511/suppl/GSM2533511_S330L_28d_5O.txt.gz	4556899	afd4f6d673e5485fac6ba8f744d0c9fbc0fa5cbd64e69e6cb53510ebc4067179
GSM2533512	GSM2533512_S334L_28d_5O.txt.gz	https://ftp.ncbi.nlm.nih.gov/geo/samples/GSM2533nnn/GSM2533512/suppl/GSM2533512_S334L_28d_5O.txt.gz	4560036	b2f9386e1f6e5105703f9be7311312d283d5e8a2837bfe3a5593e544c780c9e6
GSM2533513	GSM2533513_S335L_28d_5O.txt.gz	https://ftp.ncbi.nlm.nih.gov/geo/samples/GSM2533nnn/GSM2533513/suppl/GSM2533513_S335L_28d_5O.txt.gz	4545606	c085846da41a6440aea7d84de957bd34b1bf74284dce468aacecd60729909b66
GSM2533514	GSM2533514_S200L_0h_C.txt.gz	https://ftp.ncbi.nlm.nih.gov/geo/samples/GSM2533nnn/GSM2533514/suppl/GSM2533514_S200L_0h_C.txt.gz	15114781	2f49edb1bc1cda544cf93e7d07896a5329362b07f73cd34dff40da92092d503c
GSM2533515	GSM2533515_S218L_0h_C.txt.gz	https://ftp.ncbi.nlm.nih.gov/geo/samples/GSM2533nnn/GSM2533515/suppl/GSM2533515_S218L_0h_C.txt.gz	15107057	f2e521b3ac4b0961c0ae372964ccd43a967fa5d55da84f2525c4ea39ac3c99ea
GSM2533516	GSM2533516_S226L_0h_C.txt.gz	https://ftp.ncbi.nlm.nih.gov/geo/samples/GSM2533nnn/GSM2533516/suppl/GSM2533516_S226L_0h_C.txt.gz	15106196	b4d36a5ebd37048a96032de296617b28566bd3fa85a9665685461212dab50fef
GSM2533517	GSM2533517_S234L_0h_C.txt.gz	https://ftp.ncbi.nlm.nih.gov/geo/samples/GSM2533nnn/GSM2533517/suppl/GSM2533517_S234L_0h_C.txt.gz	15108294	21f95afa3ddb6f3adc1144aed3ec8e43150b8724de3da0a968089d26f440f624
GSM2533518	GSM2533518_S172L_0d_1C.txt.gz	https://ftp.ncbi.nlm.nih.gov/geo/samples/GSM2533nnn/GSM2533518/suppl/GSM2533518_S172L_0d_1C.txt.gz	14914136	84f66826adaae1736899f7b37ff3fd3aff630b85b3f7324523e0300170428e97
GSM2533519	GSM2533519_S205L_0d_1C.txt.gz	https://ftp.ncbi.nlm.nih.gov/geo/samples/GSM2533nnn/GSM2533519/suppl/GSM2533519_S205L_0d_1C.txt.gz	14920782	1c2657ff143b05a9c896782d4626e758417ec9dcd7aedfb3456cb6b251766720
GSM2533520	GSM2533520_S231L_0d_1C.txt.gz	https://ftp.ncbi.nlm.nih.gov/geo/samples/GSM2533nnn/GSM2533520/suppl/GSM2533520_S231L_0d_1C.txt.gz	15130157	fa0ad53f2b122ce8598769c3313aa156dee5734bc6e8839d9abe5e260865bb63
GSM2533521	GSM2533521_S232L_0d_1C.txt.gz	https://ftp.ncbi.nlm.nih.gov/geo/samples/GSM2533nnn/GSM2533521/suppl/GSM2533521_S232L_0d_1C.txt.gz	15095404	f27a6612fb564e035955d9d391308469b2aa66529b343601611db92609d306ee
GSM2533522	GSM2533522_S239L_0d_1C.txt.gz	https://ftp.ncbi.nlm.nih.gov/geo/samples/GSM2533nnn/GSM2533522/suppl/GSM2533522_S239L_0d_1C.txt.gz	15108207	1275f526b6e8dd67c72bc041a65e96bfffe680ca9c4e1564d0fd279edafc34f5
GSM2533523	GSM2533523_S240L_0d_1C.txt.gz	https://ftp.ncbi.nlm.nih.gov/geo/samples/GSM2533nnn/GSM2533523/suppl/GSM2533523_S240L_0d_1C.txt.gz	15124153	46cb4a6c3c7a21ed9a658e71d4511adc05578162e1d95fa5fe333ce94cc919db
GSM2533524	GSM2533524_S254L_10d_1C.txt.gz	https://ftp.ncbi.nlm.nih.gov/geo/samples/GSM2533nnn/GSM2533524/suppl/GSM2533524_S254L_10d_1C.txt.gz	4586640	0bfa9e09f8471a0e390748271ba9a2bd4c9ec97131bb05800e849e7b60ba05bf
GSM2533525	GSM2533525_S255L_10d_1C.txt.gz	https://ftp.ncbi.nlm.nih.gov/geo/samples/GSM2533nnn/GSM2533525/suppl/GSM2533525_S255L_10d_1C.txt.gz	4564691	c0cf286cf7640b9cc42c45a761c4564533f930567e0accea635fbdaf7bb6d7e6
GSM2533526	GSM2533526_S259L_10d_1C.txt.gz	https://ftp.ncbi.nlm.nih.gov/geo/samples/GSM2533nnn/GSM2533526/suppl/GSM2533526_S259L_10d_1C.txt.gz	4629889	462cd2f522ca19f2028ef6757030b8d21af5904bff5a9cb5abc76b3cbc6e0460
GSM2533527	GSM2533527_S273L_10d_1C.txt.gz	https://ftp.ncbi.nlm.nih.gov/geo/samples/GSM2533nnn/GSM2533527/suppl/GSM2533527_S273L_10d_1C.txt.gz	4577764	f72d126f2f3b152ab172dd165d184696e1575fab41441deb6c791dde31d5ceba
GSM2533528	GSM2533528_S298L_10d_1C.txt.gz	https://ftp.ncbi.nlm.nih.gov/geo/samples/GSM2533nnn/GSM2533528/suppl/GSM2533528_S298L_10d_1C.txt.gz	4564045	6217bf4c7cdcf216a503cda8bd05f051da2b568cef53afb3abf4ca694fff170f
GSM2533529	GSM2533529_S302L_10d_1C.txt.gz	https://ftp.ncbi.nlm.nih.gov/geo/samples/GSM2533nnn/GSM2533529/suppl/GSM2533529_S302L_10d_1C.txt.gz	4552926	1a82ebb089b697d59586bffb79f0a4ccbc186a130d09c4e2e43ecc7509de588b
GSM2533530	GSM2533530_S257L_28d_1C.txt.gz	https://ftp.ncbi.nlm.nih.gov/geo/samples/GSM2533nnn/GSM2533530/suppl/GSM2533530_S257L_28d_1C.txt.gz	4599732	e7175670bc2faf6deefb0d4990f85c0512371ad771c791d7f4364ba5bb93512a
GSM2533531	GSM2533531_S263L_28d_1C.txt.gz	https://ftp.ncbi.nlm.nih.gov/geo/samples/GSM2533nnn/GSM2533531/suppl/GSM2533531_S263L_28d_1C.txt.gz	4594536	5925a14a7984fec735064a35c9ade8ae311b34f0b9bf99194b29d90e9bdf16ba
GSM2533532	GSM2533532_S265L_28d_1C.txt.gz	https://ftp.ncbi.nlm.nih.gov/geo/samples/GSM2533nnn/GSM2533532/suppl/GSM2533532_S265L_28d_1C.txt.gz	4607168	45093e50e0677eabbcb804a46deeacac076b1f534e253fb23e903e3fed737ec8
GSM2533533	GSM2533533_S269L_28d_1C.txt.gz	https://ftp.ncbi.nlm.nih.gov/geo/samples/GSM2533nnn/GSM2533533/suppl/GSM2533533_S269L_28d_1C.txt.gz	4587043	9429d865bd75726c7feee9bece19cda1f4a54729ac089a7ef6230e4669ffb372
GSM2533534	GSM2533534_S271L_28d_1C.txt.gz	https://ftp.ncbi.nlm.nih.gov/geo/samples/GSM2533nnn/GSM2533534/suppl/GSM2533534_S271L_28d_1C.txt.gz	4574877	dde9b483cc8e58fd863c6b907fbd823583ccd0b968e7ca4b60b718df6c6b4c61
GSM2533535	GSM2533535_S307L_28d_1C.txt.gz	https://ftp.ncbi.nlm.nih.gov/geo/samples/GSM2533nnn/GSM2533535/suppl/GSM2533535_S307L_28d_1C.txt.gz	4562555	9bded70e2e6242529c136dfae4b8b679432b21394bda647e9a72320706cbec50
GSM2533536	GSM2533536_S157L_0d_5C.txt.gz	https://ftp.ncbi.nlm.nih.gov/geo/samples/GSM2533nnn/GSM2533536/suppl/GSM2533536_S157L_0d_5C.txt.gz	15106399	b405aa26f65563491dfc13a96954aca393997279e19c87125bb5a9a33d04479b
GSM2533537	GSM2533537_S196L_0d_5C.txt.gz	https://ftp.ncbi.nlm.nih.gov/geo/samples/GSM2533nnn/GSM2533537/suppl/GSM2533537_S196L_0d_5C.txt.gz	15119298	94c16e51e4a7ef4b9d82bc6c2dfa8c99d1fb380d54489d3ffa922a8b91457fe3
GSM2533538	GSM2533538_S216L_0d_5C.txt.gz	https://ftp.ncbi.nlm.nih.gov/geo/samples/GSM2533nnn/GSM2533538/suppl/GSM2533538_S216L_0d_5C.txt.gz	15048622	5e50f49e441489a3736b369af34304a160870e2d12c57ec0763e69c060234524
GSM2533539	GSM2533539_S217L_0d_5C.txt.gz	https://ftp.ncbi.nlm.nih.gov/geo/samples/GSM2533nnn/GSM2533539/suppl/GSM2533539_S217L_0d_5C.txt.gz	15084788	7acfd0195f62b2a819a1d36a13605d53ad822c7a4792584ae5884e815c982e84
GSM2533540	GSM2533540_S246L_0d_5C.txt.gz	https://ftp.ncbi.nlm.nih.gov/geo/samples/GSM2533nnn/GSM2533540/suppl/GSM2533540_S246L_0d_5C.txt.gz	15074123	c69a26799a732cc2d403cfff81dcc5fd9cdcfe27e824700804726791529cf392
GSM2533541	GSM2533541_S274L_10d_5C.txt.gz	https://ftp.ncbi.nlm.nih.gov/geo/samples/GSM2533nnn/GSM2533541/suppl/GSM2533541_S274L_10d_5C.txt.gz	4568919	f3c4402c60052b3d0a5d37ce90a4c8437187a3009bb1294b3b95b3247b6433c3
GSM2533542	GSM2533542_S277L_10d_5C.txt.gz	https://ftp.ncbi.nlm.nih.gov/geo/samples/GSM2533nnn/GSM2533542/suppl/GSM2533542_S277L_10d_5C.txt.gz	4548033	47e1dfe116148a4c5f32d9ec190da9632be83a14f2432d3f1e8266698bb94073
GSM2533543	GSM2533543_S282L_10d_5C.txt.gz	https://ftp.ncbi.nlm.nih.gov/geo/samples/GSM2533nnn/GSM2533543/suppl/GSM2533543_S282L_10d_5C.txt.gz	4534157	7eaa98c1a557f5cb8310a160c8c66b3a5913179b30b171c2f4c42c3d1a822d8e
GSM2533544	GSM2533544_S283L_10d_5C.txt.gz	https://ftp.ncbi.nlm.nih.gov/geo/samples/GSM2533nnn/GSM2533544/suppl/GSM2533544_S283L_10d_5C.txt.gz	4510420	2ae8892cd3900da6669f461136c3007dd32f677fbc3310140fcb86f8b35608ab
GSM2533545	GSM2533545_S285L_10d_5C.txt.gz	https://ftp.ncbi.nlm.nih.gov/geo/samples/GSM2533nnn/GSM2533545/suppl/GSM2533545_S285L_10d_5C.txt.gz	4569819	a1469a247b3597cec32adcd641cd13202ae880536bb4315d4b1bdf87ae67cb78
GSM2533546	GSM2533546_S286L_10d_5C.txt.gz	https://ftp.ncbi.nlm.nih.gov/geo/samples/GSM2533nnn/GSM2533546/suppl/GSM2533546_S286L_10d_5C.txt.gz	4555207	f31ef4b83e556246f7541383d3945963f8beb49ecc8f532ddb1a35492fcf2851
GSM2533547	GSM2533547_S287L_28d_5C.txt.gz	https://ftp.ncbi.nlm.nih.gov/geo/samples/GSM2533nnn/GSM2533547/suppl/GSM2533547_S287L_28d_5C.txt.gz	4574243	82fa3621063935a2ec7098211e9044ecf548b629a93c876f1f4fd1ccce350e68
GSM2533548	GSM2533548_S288L_28d_5C.txt.gz	https://ftp.ncbi.nlm.nih.gov/geo/samples/GSM2533nnn/GSM2533548/suppl/GSM2533548_S288L_28d_5C.txt.gz	4558755	c0f9fbb85a5050f338bcb9fe908e6f2f6926e99521f5f417f38606d91bce7350
GSM2533549	GSM2533549_S289L_28d_5C.txt.gz	https://ftp.ncbi.nlm.nih.gov/geo/samples/GSM2533nnn/GSM2533549/suppl/GSM2533549_S289L_28d_5C.txt.gz	4572638	d8af4a8202157e49af218a27c4bf3f02c7b3ca75e223dc57de5d41ec088c5a1b
GSM2533550	GSM2533550_S293L_28d_5C.txt.gz	https://ftp.ncbi.nlm.nih.gov/geo/samples/GSM2533nnn/GSM2533550/suppl/GSM2533550_S293L_28d_5C.txt.gz	4555280	e51b1082e8b49b29d4b16c17cb5402a6be80491c202e6b04cc1db69175b5dfbe
GSM2533551	GSM2533551_S295L_28d_5C.txt.gz	https://ftp.ncbi.nlm.nih.gov/geo/samples/GSM2533nnn/GSM2533551/suppl/GSM2533551_S295L_28d_5C.txt.gz	4541526	44e4bf8572253c09cab7934a661794673f1467abe43909573427f9fbd4c0227f
GSM2533552	GSM2533552_S297L_28d_5C.txt.gz	https://ftp.ncbi.nlm.nih.gov/geo/samples/GSM2533nnn/GSM2533552/suppl/GSM2533552_S297L_28d_5C.txt.gz	4546829	41b9c2575f499eab7464db1fc93bb283ae71d7ea9b772f396fe07eb69a2ecbf4
