module	label	celltype	family	source	note	gene	weight
TAL_salt	TAL salt transport	TAL	primary_transport	https://pmc.ncbi.nlm.nih.gov/articles/PMC4491294/	NKCC2, apical K recycling, basolateral Cl exit and Na/K pump; transcript program only	SLC12A1	1
TAL_salt	TAL salt transport	TAL	primary_transport	https://pmc.ncbi.nlm.nih.gov/articles/PMC4491294/	NKCC2, apical K recycling, basolateral Cl exit and Na/K pump; transcript program only	KCNJ1	1
TAL_salt	TAL salt transport	TAL	primary_transport	https://pmc.ncbi.nlm.nih.gov/articles/PMC4491294/	NKCC2, apical K recycling, basolateral Cl exit and Na/K pump; transcript program only	CLCNKA	1
TAL_salt	TAL salt transport	TAL	primary_transport	https://pmc.ncbi.nlm.nih.gov/articles/PMC4491294/	NKCC2, apical K recycling, basolateral Cl exit and Na/K pump; transcript program only	CLCNKB	1
TAL_salt	TAL salt transport	TAL	primary_transport	https://pmc.ncbi.nlm.nih.gov/articles/PMC4491294/	NKCC2, apical K recycling, basolateral Cl exit and Na/K pump; transcript program only	BSND	1
TAL_salt	TAL salt transport	TAL	primary_transport	https://pmc.ncbi.nlm.nih.gov/articles/PMC4491294/	NKCC2, apical K recycling, basolateral Cl exit and Na/K pump; transcript program only	ATP1A1	1
TAL_salt	TAL salt transport	TAL	primary_transport	https://pmc.ncbi.nlm.nih.gov/articles/PMC4491294/	NKCC2, apical K recycling, basolateral Cl exit and Na/K pump; transcript program only	ATP1B1	1
TAL_CaMg	TAL paracellular Ca/Mg	TAL	primary_transport	https://pmc.ncbi.nlm.nih.gov/articles/PMC4491294/	Two-gene tight-junction program; small set, report both constituent genes	CLDN16	1
TAL_CaMg	TAL paracellular Ca/Mg	TAL	primary_transport	https://pmc.ncbi.nlm.nih.gov/articles/PMC4491294/	Two-gene tight-junction program; small set, report both constituent genes	CLDN19	1
DCT_NaCl	DCT NaCl transport	DCT	primary_transport	https://pmc.ncbi.nlm.nih.gov/articles/PMC4255408/	NCC and supporting basolateral ion transport	SLC12A3	1
DCT_NaCl	DCT NaCl transport	DCT	primary_transport	https://pmc.ncbi.nlm.nih.gov/articles/PMC4255408/	NCC and supporting basolateral ion transport	CLCNKB	1
DCT_NaCl	DCT NaCl transport	DCT	primary_transport	https://pmc.ncbi.nlm.nih.gov/articles/PMC4255408/	NCC and supporting basolateral ion transport	BSND	1
DCT_NaCl	DCT NaCl transport	DCT	primary_transport	https://pmc.ncbi.nlm.nih.gov/articles/PMC4255408/	NCC and supporting basolateral ion transport	KCNJ10	1
DCT_NaCl	DCT NaCl transport	DCT	primary_transport	https://pmc.ncbi.nlm.nih.gov/articles/PMC4255408/	NCC and supporting basolateral ion transport	KCNJ16	1
DCT_NaCl	DCT NaCl transport	DCT	primary_transport	https://pmc.ncbi.nlm.nih.gov/articles/PMC4255408/	NCC and supporting basolateral ion transport	ATP1A1	1
DCT_NaCl	DCT NaCl transport	DCT	primary_transport	https://pmc.ncbi.nlm.nih.gov/articles/PMC4255408/	NCC and supporting basolateral ion transport	ATP1B1	1
DCT_Mg	DCT magnesium handling	DCT	primary_transport	https://pmc.ncbi.nlm.nih.gov/articles/PMC4255408/;https://pmc.ncbi.nlm.nih.gov/articles/PMC7792700/	TRPM6 entry and Mg handling/pump-voltage support; CNNM2 is not assumed to be a proven stand-alone Mg exporter	TRPM6	1
DCT_Mg	DCT magnesium handling	DCT	primary_transport	https://pmc.ncbi.nlm.nih.gov/articles/PMC4255408/;https://pmc.ncbi.nlm.nih.gov/articles/PMC7792700/	TRPM6 entry and Mg handling/pump-voltage support; CNNM2 is not assumed to be a proven stand-alone Mg exporter	CNNM2	1
DCT_Mg	DCT magnesium handling	DCT	primary_transport	https://pmc.ncbi.nlm.nih.gov/articles/PMC4255408/;https://pmc.ncbi.nlm.nih.gov/articles/PMC7792700/	TRPM6 entry and Mg handling/pump-voltage support; CNNM2 is not assumed to be a proven stand-alone Mg exporter	FXYD2	1
DCT_Mg	DCT magnesium handling	DCT	primary_transport	https://pmc.ncbi.nlm.nih.gov/articles/PMC4255408/;https://pmc.ncbi.nlm.nih.gov/articles/PMC7792700/	TRPM6 entry and Mg handling/pump-voltage support; CNNM2 is not assumed to be a proven stand-alone Mg exporter	KCNJ10	1
DCT_Mg	DCT magnesium handling	DCT	primary_transport	https://pmc.ncbi.nlm.nih.gov/articles/PMC4255408/;https://pmc.ncbi.nlm.nih.gov/articles/PMC7792700/	TRPM6 entry and Mg handling/pump-voltage support; CNNM2 is not assumed to be a proven stand-alone Mg exporter	KCNJ16	1
DCT_Ca	DCT calcium handling	DCT	primary_transport	https://pmc.ncbi.nlm.nih.gov/articles/PMC4255408/;https://pmc.ncbi.nlm.nih.gov/articles/PMC4491294/	TRPV5, calbindin, NCX1 and PMCA1; affected by DCT1/DCT2 composition	TRPV5	1
DCT_Ca	DCT calcium handling	DCT	primary_transport	https://pmc.ncbi.nlm.nih.gov/articles/PMC4255408/;https://pmc.ncbi.nlm.nih.gov/articles/PMC4491294/	TRPV5, calbindin, NCX1 and PMCA1; affected by DCT1/DCT2 composition	CALB1	1
DCT_Ca	DCT calcium handling	DCT	primary_transport	https://pmc.ncbi.nlm.nih.gov/articles/PMC4255408/;https://pmc.ncbi.nlm.nih.gov/articles/PMC4491294/	TRPV5, calbindin, NCX1 and PMCA1; affected by DCT1/DCT2 composition	SLC8A1	1
DCT_Ca	DCT calcium handling	DCT	primary_transport	https://pmc.ncbi.nlm.nih.gov/articles/PMC4255408/;https://pmc.ncbi.nlm.nih.gov/articles/PMC4491294/	TRPV5, calbindin, NCX1 and PMCA1; affected by DCT1/DCT2 composition	ATP2B1	1
PC_water	PC water / vasopressin	PC	exploratory_transport	https://reactome.org/content/detail/R-HSA-432040;https://insight.jci.org/articles/view/146374	Classical selected core members; not the full Reactome pathway; no inference about membrane localisation	AQP2	1
PC_water	PC water / vasopressin	PC	exploratory_transport	https://reactome.org/content/detail/R-HSA-432040;https://insight.jci.org/articles/view/146374	Classical selected core members; not the full Reactome pathway; no inference about membrane localisation	AQP3	1
PC_water	PC water / vasopressin	PC	exploratory_transport	https://reactome.org/content/detail/R-HSA-432040;https://insight.jci.org/articles/view/146374	Classical selected core members; not the full Reactome pathway; no inference about membrane localisation	AQP4	1
PC_water	PC water / vasopressin	PC	exploratory_transport	https://reactome.org/content/detail/R-HSA-432040;https://insight.jci.org/articles/view/146374	Classical selected core members; not the full Reactome pathway; no inference about membrane localisation	AVPR2	1
PC_NaK	PC sodium / potassium	PC	exploratory_transport	https://pmc.ncbi.nlm.nih.gov/articles/PMC4255408/	ENaC, ROMK and basolateral Na/K pump	SCNN1A	1
PC_NaK	PC sodium / potassium	PC	exploratory_transport	https://pmc.ncbi.nlm.nih.gov/articles/PMC4255408/	ENaC, ROMK and basolateral Na/K pump	SCNN1B	1
PC_NaK	PC sodium / potassium	PC	exploratory_transport	https://pmc.ncbi.nlm.nih.gov/articles/PMC4255408/	ENaC, ROMK and basolateral Na/K pump	SCNN1G	1
PC_NaK	PC sodium / potassium	PC	exploratory_transport	https://pmc.ncbi.nlm.nih.gov/articles/PMC4255408/	ENaC, ROMK and basolateral Na/K pump	KCNJ1	1
PC_NaK	PC sodium / potassium	PC	exploratory_transport	https://pmc.ncbi.nlm.nih.gov/articles/PMC4255408/	ENaC, ROMK and basolateral Na/K pump	ATP1A1	1
PC_NaK	PC sodium / potassium	PC	exploratory_transport	https://pmc.ncbi.nlm.nih.gov/articles/PMC4255408/	ENaC, ROMK and basolateral Na/K pump	ATP1B1	1
ICA_acid	IC-A acid secretion	IC-A	exploratory_transport	https://pmc.ncbi.nlm.nih.gov/articles/PMC4317747/;https://pmc.ncbi.nlm.nih.gov/articles/PMC6166241/;https://insight.jci.org/articles/view/146374	H-ATPase, AE1, carbonic anhydrase and ammonia handling; no measured acid flux	ATP6V1B1	1
ICA_acid	IC-A acid secretion	IC-A	exploratory_transport	https://pmc.ncbi.nlm.nih.gov/articles/PMC4317747/;https://pmc.ncbi.nlm.nih.gov/articles/PMC6166241/;https://insight.jci.org/articles/view/146374	H-ATPase, AE1, carbonic anhydrase and ammonia handling; no measured acid flux	ATP6V0A4	1
ICA_acid	IC-A acid secretion	IC-A	exploratory_transport	https://pmc.ncbi.nlm.nih.gov/articles/PMC4317747/;https://pmc.ncbi.nlm.nih.gov/articles/PMC6166241/;https://insight.jci.org/articles/view/146374	H-ATPase, AE1, carbonic anhydrase and ammonia handling; no measured acid flux	ATP6V1G3	1
ICA_acid	IC-A acid secretion	IC-A	exploratory_transport	https://pmc.ncbi.nlm.nih.gov/articles/PMC4317747/;https://pmc.ncbi.nlm.nih.gov/articles/PMC6166241/;https://insight.jci.org/articles/view/146374	H-ATPase, AE1, carbonic anhydrase and ammonia handling; no measured acid flux	SLC4A1	1
ICA_acid	IC-A acid secretion	IC-A	exploratory_transport	https://pmc.ncbi.nlm.nih.gov/articles/PMC4317747/;https://pmc.ncbi.nlm.nih.gov/articles/PMC6166241/;https://insight.jci.org/articles/view/146374	H-ATPase, AE1, carbonic anhydrase and ammonia handling; no measured acid flux	CA2	1
ICA_acid	IC-A acid secretion	IC-A	exploratory_transport	https://pmc.ncbi.nlm.nih.gov/articles/PMC4317747/;https://pmc.ncbi.nlm.nih.gov/articles/PMC6166241/;https://insight.jci.org/articles/view/146374	H-ATPase, AE1, carbonic anhydrase and ammonia handling; no measured acid flux	RHCG	1
ICA_acid	IC-A acid secretion	IC-A	exploratory_transport	https://pmc.ncbi.nlm.nih.gov/articles/PMC4317747/;https://pmc.ncbi.nlm.nih.gov/articles/PMC6166241/;https://insight.jci.org/articles/view/146374	H-ATPase, AE1, carbonic anhydrase and ammonia handling; no measured acid flux	RHBG	1
ICB_base	IC-B bicarbonate handling	IC-B	exploratory_transport	https://pmc.ncbi.nlm.nih.gov/articles/PMC4317747/;https://pmc.ncbi.nlm.nih.gov/articles/PMC7474261/;https://insight.jci.org/articles/view/146374	Pendrin and acid-base machinery; membrane polarity cannot be inferred from RNA	SLC26A4	1
ICB_base	IC-B bicarbonate handling	IC-B	exploratory_transport	https://pmc.ncbi.nlm.nih.gov/articles/PMC4317747/;https://pmc.ncbi.nlm.nih.gov/articles/PMC7474261/;https://insight.jci.org/articles/view/146374	Pendrin and acid-base machinery; membrane polarity cannot be inferred from RNA	ATP6V1B1	1
ICB_base	IC-B bicarbonate handling	IC-B	exploratory_transport	https://pmc.ncbi.nlm.nih.gov/articles/PMC4317747/;https://pmc.ncbi.nlm.nih.gov/articles/PMC7474261/;https://insight.jci.org/articles/view/146374	Pendrin and acid-base machinery; membrane polarity cannot be inferred from RNA	ATP6V0A4	1
ICB_base	IC-B bicarbonate handling	IC-B	exploratory_transport	https://pmc.ncbi.nlm.nih.gov/articles/PMC4317747/;https://pmc.ncbi.nlm.nih.gov/articles/PMC7474261/;https://insight.jci.org/articles/view/146374	Pendrin and acid-base machinery; membrane polarity cannot be inferred from RNA	ATP6V1G3	1
ICB_base	IC-B bicarbonate handling	IC-B	exploratory_transport	https://pmc.ncbi.nlm.nih.gov/articles/PMC4317747/;https://pmc.ncbi.nlm.nih.gov/articles/PMC7474261/;https://insight.jci.org/articles/view/146374	Pendrin and acid-base machinery; membrane polarity cannot be inferred from RNA	CA2	1
epithelial_injury	Epithelial injury	ALL_TARGET	context	https://doi.org/10.1038/s41467-025-59997-4	Original Figure 1d signature; reused contextual signature, not independent validation	PROM1	1
epithelial_injury	Epithelial injury	ALL_TARGET	context	https://doi.org/10.1038/s41467-025-59997-4	Original Figure 1d signature; reused contextual signature, not independent validation	DCDC2	1
epithelial_injury	Epithelial injury	ALL_TARGET	context	https://doi.org/10.1038/s41467-025-59997-4	Original Figure 1d signature; reused contextual signature, not independent validation	SPP1	1
epithelial_injury	Epithelial injury	ALL_TARGET	context	https://doi.org/10.1038/s41467-025-59997-4	Original Figure 1d signature; reused contextual signature, not independent validation	ITGB6	1
epithelial_injury	Epithelial injury	ALL_TARGET	context	https://doi.org/10.1038/s41467-025-59997-4	Original Figure 1d signature; reused contextual signature, not independent validation	ITGB8	1
chemokine_adhesion	Chemokine / adhesion	ALL_TARGET	context	https://doi.org/10.1038/s41467-025-59997-4	Fixed small core from original inflammatory phenotype; sparse expression must be shown	CCL2	1
chemokine_adhesion	Chemokine / adhesion	ALL_TARGET	context	https://doi.org/10.1038/s41467-025-59997-4	Fixed small core from original inflammatory phenotype; sparse expression must be shown	CXCL1	1
chemokine_adhesion	Chemokine / adhesion	ALL_TARGET	context	https://doi.org/10.1038/s41467-025-59997-4	Fixed small core from original inflammatory phenotype; sparse expression must be shown	ICAM1	1
