donor	group	celltype	state	n_nuclei	fraction_within_celltype
Control1	Control	ATL	ATL	17	1.0
Control1	Control	B Cell	Memory B Cell	8	0.8
Control1	Control	B Cell	Naïve B Cell	1	0.1
Control1	Control	B Cell	Plasma Cell	1	0.1
Control1	Control	CNT	CNT	76	1.0
Control1	Control	DCT	DCT Injured	1	0.008264462809917356
Control1	Control	DCT	DCT1	85	0.7024793388429752
Control1	Control	DCT	DCT2	35	0.2892561983471074
Control1	Control	DTL	DTL	8	1.0
Control1	Control	Endothelia	Ascending Vasa Recta	16	0.13559322033898305
Control1	Control	Endothelia	Descending Vasa Recta	5	0.0423728813559322
Control1	Control	Endothelia	Endothelia Glomerular	20	0.1694915254237288
Control1	Control	Endothelia	Peritubular Capillary Endothelia	77	0.652542372881356
Control1	Control	IC-A	cIC-A	25	0.6097560975609756
Control1	Control	IC-A	mIC-A	16	0.3902439024390244
Control1	Control	IC-B	IC-B	11	1.0
Control1	Control	Interstitium	Fibroblast	1	0.2
Control1	Control	Interstitium	Myofibroblast	2	0.4
Control1	Control	Interstitium	Pericyte	1	0.2
Control1	Control	Interstitium	vSMC	1	0.2
Control1	Control	Myeloid Cell	CD14 Monocyte	1	0.043478260869565216
Control1	Control	Myeloid Cell	CD16 Monocyte	5	0.21739130434782608
Control1	Control	Myeloid Cell	Macrophage Activated	10	0.43478260869565216
Control1	Control	Myeloid Cell	Macrophage Resident	2	0.08695652173913043
Control1	Control	Myeloid Cell	Mast Cell	1	0.043478260869565216
Control1	Control	Myeloid Cell	Monocyte Transitioning	1	0.043478260869565216
Control1	Control	Myeloid Cell	cDC CCR7+	1	0.043478260869565216
Control1	Control	Myeloid Cell	cDC2	1	0.043478260869565216
Control1	Control	Myeloid Cell	pDC	1	0.043478260869565216
Control1	Control	PC	cPC	60	0.6122448979591837
Control1	Control	PC	mPC	38	0.3877551020408163
Control1	Control	PEC	PEC	26	1.0
Control1	Control	PT	PT Inflammatory	6	0.047244094488188976
Control1	Control	PT	PT Injured	23	0.18110236220472442
Control1	Control	PT	PT S1	40	0.31496062992125984
Control1	Control	PT	PT S2	23	0.18110236220472442
Control1	Control	PT	PT S3	35	0.2755905511811024
Control1	Control	Podocyte	Podocyte	6	1.0
Control1	Control	T Cell	Effector Tc Cell	8	0.18604651162790697
Control1	Control	T Cell	Effector Th Cell	2	0.046511627906976744
Control1	Control	T Cell	NK CD56dim	19	0.4418604651162791
Control1	Control	T Cell	NKT Cell	4	0.09302325581395349
Control1	Control	T Cell	Naïve Th Cell	10	0.23255813953488372
Control1	Control	TAL	Macula Densa	8	0.018223234624145785
Control1	Control	TAL	TAL Inflammatory	17	0.0387243735763098
Control1	Control	TAL	TAL Injured	25	0.05694760820045558
Control1	Control	TAL	cTAL1	96	0.21867881548974943
Control1	Control	TAL	cTAL2	153	0.34851936218678814
Control1	Control	TAL	mTAL	140	0.31890660592255127
Control2	Control	ATL	ATL	12	1.0
Control2	Control	B Cell	Memory B Cell	16	0.8421052631578947
Control2	Control	B Cell	Naïve B Cell	2	0.10526315789473684
Control2	Control	B Cell	Plasma Cell	1	0.05263157894736842
Control2	Control	CNT	CNT	293	0.9865319865319865
Control2	Control	CNT	CNT Injured	4	0.013468013468013467
Control2	Control	DCT	DCT Injured	4	0.007326007326007326
Control2	Control	DCT	DCT1	302	0.5531135531135531
Control2	Control	DCT	DCT2	240	0.43956043956043955
Control2	Control	DTL	DTL	9	1.0
Control2	Control	Endothelia	Ascending Vasa Recta	22	0.12790697674418605
Control2	Control	Endothelia	Descending Vasa Recta	4	0.023255813953488372
Control2	Control	Endothelia	Endothelia Glomerular	7	0.040697674418604654
Control2	Control	Endothelia	Peritubular Capillary Endothelia	139	0.8081395348837209
Control2	Control	IC-A	IC-A Injured	1	0.007874015748031496
Control2	Control	IC-A	cIC-A	101	0.7952755905511811
Control2	Control	IC-A	mIC-A	25	0.1968503937007874
Control2	Control	IC-B	IC-B	108	1.0
Control2	Control	Interstitium	Fibroblast	47	0.5875
Control2	Control	Interstitium	JG Cell	5	0.0625
Control2	Control	Interstitium	Myofibroblast	15	0.1875
Control2	Control	Interstitium	Pericyte	12	0.15
Control2	Control	Interstitium	vSMC	1	0.0125
Control2	Control	Myeloid Cell	CD14 Monocyte	10	0.06756756756756757
Control2	Control	Myeloid Cell	CD16 Monocyte	22	0.14864864864864866
Control2	Control	Myeloid Cell	Macrophage Activated	11	0.07432432432432433
Control2	Control	Myeloid Cell	Macrophage HIF1A+	1	0.006756756756756757
Control2	Control	Myeloid Cell	Macrophage Resident	87	0.5878378378378378
Control2	Control	Myeloid Cell	Mast Cell	5	0.033783783783783786
Control2	Control	Myeloid Cell	Monocyte Transitioning	4	0.02702702702702703
Control2	Control	Myeloid Cell	cDC1	1	0.006756756756756757
Control2	Control	Myeloid Cell	cDC2	6	0.04054054054054054
Control2	Control	Myeloid Cell	pDC	1	0.006756756756756757
Control2	Control	PC	PC Injured	1	0.006493506493506494
Control2	Control	PC	cPC	113	0.7337662337662337
Control2	Control	PC	mPC	40	0.2597402597402597
Control2	Control	PEC	PEC	83	1.0
Control2	Control	PT	PT Inflammatory	14	0.017456359102244388
Control2	Control	PT	PT Injured	94	0.1172069825436409
Control2	Control	PT	PT S1	432	0.5386533665835411
Control2	Control	PT	PT S2	162	0.20199501246882792
Control2	Control	PT	PT S3	100	0.12468827930174564
Control2	Control	Podocyte	Podocyte	9	1.0
Control2	Control	T Cell	Effector Tc Cell	18	0.10465116279069768
Control2	Control	T Cell	Effector Th Cell	37	0.21511627906976744
Control2	Control	T Cell	MAIT	7	0.040697674418604654
Control2	Control	T Cell	NK CD56bright	2	0.011627906976744186
Control2	Control	T Cell	NK CD56dim	53	0.3081395348837209
Control2	Control	T Cell	NKT Cell	12	0.06976744186046512
Control2	Control	T Cell	Naïve Tc Cell	3	0.01744186046511628
Control2	Control	T Cell	Naïve Th Cell	31	0.18023255813953487
Control2	Control	T Cell	Treg	9	0.05232558139534884
Control2	Control	TAL	Macula Densa	35	0.02834008097165992
Control2	Control	TAL	TAL Inflammatory	6	0.004858299595141701
Control2	Control	TAL	TAL Injured	11	0.008906882591093117
Control2	Control	TAL	cTAL1	354	0.28663967611336033
Control2	Control	TAL	cTAL2	571	0.46234817813765183
Control2	Control	TAL	mTAL	258	0.2089068825910931
Control3	Control	ATL	ATL	34	1.0
Control3	Control	B Cell	Memory B Cell	6	1.0
Control3	Control	CNT	CNT	3	1.0
Control3	Control	DCT	DCT1	4	0.3076923076923077
Control3	Control	DCT	DCT2	9	0.6923076923076923
Control3	Control	DTL	DTL	17	1.0
Control3	Control	Endothelia	Ascending Vasa Recta	4	0.36363636363636365
Control3	Control	Endothelia	Endothelia Glomerular	2	0.18181818181818182
Control3	Control	Endothelia	Peritubular Capillary Endothelia	5	0.45454545454545453
Control3	Control	IC-A	cIC-A	2	0.5
Control3	Control	IC-A	mIC-A	2	0.5
Control3	Control	IC-B	IC-B	2	1.0
Control3	Control	Interstitium	Fibroblast	12	0.631578947368421
Control3	Control	Interstitium	Myofibroblast	3	0.15789473684210525
Control3	Control	Interstitium	Pericyte	4	0.21052631578947367
Control3	Control	Myeloid Cell	CD14 Monocyte	5	0.29411764705882354
Control3	Control	Myeloid Cell	CD16 Monocyte	1	0.058823529411764705
Control3	Control	Myeloid Cell	Macrophage HIF1A+	2	0.11764705882352941
Control3	Control	Myeloid Cell	Macrophage Resident	9	0.5294117647058824
Control3	Control	PC	cPC	13	0.4642857142857143
Control3	Control	PC	mPC	15	0.5357142857142857
Control3	Control	PT	PT Inflammatory	1	0.006369426751592357
Control3	Control	PT	PT Injured	12	0.07643312101910828
Control3	Control	PT	PT S1	19	0.12101910828025478
Control3	Control	PT	PT S2	10	0.06369426751592357
Control3	Control	PT	PT S3	115	0.732484076433121
Control3	Control	T Cell	Effector Th Cell	8	0.26666666666666666
Control3	Control	T Cell	MAIT	5	0.16666666666666666
Control3	Control	T Cell	NK CD56bright	1	0.03333333333333333
Control3	Control	T Cell	NK CD56dim	4	0.13333333333333333
Control3	Control	T Cell	NKT Cell	1	0.03333333333333333
Control3	Control	T Cell	Naïve Tc Cell	2	0.06666666666666667
Control3	Control	T Cell	Naïve Th Cell	8	0.26666666666666666
Control3	Control	T Cell	Treg	1	0.03333333333333333
Control3	Control	TAL	TAL Inflammatory	9	0.08823529411764706
Control3	Control	TAL	TAL Injured	3	0.029411764705882353
Control3	Control	TAL	cTAL1	53	0.5196078431372549
Control3	Control	TAL	cTAL2	25	0.24509803921568626
Control3	Control	TAL	mTAL	12	0.11764705882352941
Control4	Control	ATL	ATL	45	1.0
Control4	Control	B Cell	Naïve B Cell	3	0.6
Control4	Control	B Cell	Plasma Cell	2	0.4
Control4	Control	CNT	CNT	96	0.9411764705882353
Control4	Control	CNT	CNT Injured	6	0.058823529411764705
Control4	Control	DCT	DCT Injured	4	0.03418803418803419
Control4	Control	DCT	DCT1	80	0.6837606837606838
Control4	Control	DCT	DCT2	33	0.28205128205128205
Control4	Control	DTL	DTL	18	1.0
Control4	Control	Endothelia	Ascending Vasa Recta	19	0.19791666666666666
Control4	Control	Endothelia	Descending Vasa Recta	8	0.08333333333333333
Control4	Control	Endothelia	Endothelia Glomerular	18	0.1875
Control4	Control	Endothelia	Peritubular Capillary Endothelia	51	0.53125
Control4	Control	IC-A	IC-A Injured	6	0.07894736842105263
Control4	Control	IC-A	cIC-A	47	0.618421052631579
Control4	Control	IC-A	mIC-A	23	0.3026315789473684
Control4	Control	IC-B	IC-B	27	1.0
Control4	Control	Interstitium	Fibroblast	15	0.7142857142857143
Control4	Control	Interstitium	JG Cell	2	0.09523809523809523
Control4	Control	Interstitium	Myofibroblast	3	0.14285714285714285
Control4	Control	Interstitium	vSMC	1	0.047619047619047616
Control4	Control	Myeloid Cell	CD14 Monocyte	3	0.04285714285714286
Control4	Control	Myeloid Cell	CD16 Monocyte	4	0.05714285714285714
Control4	Control	Myeloid Cell	Macrophage Activated	1	0.014285714285714285
Control4	Control	Myeloid Cell	Macrophage HIF1A+	1	0.014285714285714285
Control4	Control	Myeloid Cell	Macrophage Resident	46	0.6571428571428571
Control4	Control	Myeloid Cell	Mast Cell	4	0.05714285714285714
Control4	Control	Myeloid Cell	Monocyte Transitioning	6	0.08571428571428572
Control4	Control	Myeloid Cell	cDC1	1	0.014285714285714285
Control4	Control	Myeloid Cell	cDC2	3	0.04285714285714286
Control4	Control	Myeloid Cell	pDC	1	0.014285714285714285
Control4	Control	PC	cPC	49	0.49
Control4	Control	PC	mPC	51	0.51
Control4	Control	PEC	PEC	19	1.0
Control4	Control	PT	PT Inflammatory	13	0.02443609022556391
Control4	Control	PT	PT Injured	43	0.08082706766917293
Control4	Control	PT	PT S1	178	0.33458646616541354
Control4	Control	PT	PT S2	136	0.2556390977443609
Control4	Control	PT	PT S3	162	0.30451127819548873
Control4	Control	Podocyte	Podocyte	6	1.0
Control4	Control	T Cell	Effector Tc Cell	16	0.2222222222222222
Control4	Control	T Cell	Effector Th Cell	8	0.1111111111111111
Control4	Control	T Cell	NK CD56bright	1	0.013888888888888888
Control4	Control	T Cell	NK CD56dim	25	0.3472222222222222
Control4	Control	T Cell	NKT Cell	9	0.125
Control4	Control	T Cell	Naïve Tc Cell	5	0.06944444444444445
Control4	Control	T Cell	Naïve Th Cell	7	0.09722222222222222
Control4	Control	T Cell	Treg	1	0.013888888888888888
Control4	Control	TAL	Macula Densa	9	0.009433962264150943
Control4	Control	TAL	TAL Inflammatory	37	0.03878406708595388
Control4	Control	TAL	TAL Injured	47	0.049266247379454925
Control4	Control	TAL	cTAL1	235	0.24633123689727462
Control4	Control	TAL	cTAL2	276	0.2893081761006289
Control4	Control	TAL	mTAL	350	0.3668763102725367
Control5	Control	ATL	ATL	44	1.0
Control5	Control	CNT	CNT	96	1.0
Control5	Control	DCT	DCT1	136	0.6634146341463415
Control5	Control	DCT	DCT2	69	0.33658536585365856
Control5	Control	DTL	DTL	21	1.0
Control5	Control	Endothelia	Ascending Vasa Recta	21	0.26582278481012656
Control5	Control	Endothelia	Endothelia Glomerular	13	0.16455696202531644
Control5	Control	Endothelia	Peritubular Capillary Endothelia	45	0.569620253164557
Control5	Control	IC-A	cIC-A	61	0.7439024390243902
Control5	Control	IC-A	mIC-A	21	0.25609756097560976
Control5	Control	IC-B	IC-B	70	1.0
Control5	Control	Interstitium	Fibroblast	1	0.16666666666666666
Control5	Control	Interstitium	JG Cell	1	0.16666666666666666
Control5	Control	Interstitium	Myofibroblast	4	0.6666666666666666
Control5	Control	Myeloid Cell	CD14 Monocyte	1	0.029411764705882353
Control5	Control	Myeloid Cell	CD16 Monocyte	1	0.029411764705882353
Control5	Control	Myeloid Cell	Macrophage Activated	9	0.2647058823529412
Control5	Control	Myeloid Cell	Macrophage HIF1A+	2	0.058823529411764705
Control5	Control	Myeloid Cell	Macrophage Resident	18	0.5294117647058824
Control5	Control	Myeloid Cell	Monocyte Transitioning	2	0.058823529411764705
Control5	Control	Myeloid Cell	cDC2	1	0.029411764705882353
Control5	Control	PC	cPC	99	0.6827586206896552
Control5	Control	PC	mPC	46	0.31724137931034485
Control5	Control	PEC	PEC	6	1.0
Control5	Control	PT	PT Inflammatory	2	0.00881057268722467
Control5	Control	PT	PT Injured	50	0.22026431718061673
Control5	Control	PT	PT S1	60	0.2643171806167401
Control5	Control	PT	PT S2	26	0.1145374449339207
Control5	Control	PT	PT S3	89	0.3920704845814978
Control5	Control	Podocyte	Podocyte	2	1.0
Control5	Control	T Cell	Effector Tc Cell	5	0.17857142857142858
Control5	Control	T Cell	Effector Th Cell	5	0.17857142857142858
Control5	Control	T Cell	MAIT	1	0.03571428571428571
Control5	Control	T Cell	NK CD56bright	1	0.03571428571428571
Control5	Control	T Cell	NKT Cell	10	0.35714285714285715
Control5	Control	T Cell	Naïve Tc Cell	6	0.21428571428571427
Control5	Control	TAL	TAL Inflammatory	5	0.006361323155216285
Control5	Control	TAL	TAL Injured	6	0.007633587786259542
Control5	Control	TAL	cTAL1	215	0.27353689567430023
Control5	Control	TAL	cTAL2	252	0.32061068702290074
Control5	Control	TAL	mTAL	308	0.39185750636132316
Control6	Control	ATL	ATL	37	1.0
Control6	Control	B Cell	Memory B Cell	4	1.0
Control6	Control	CNT	CNT	202	1.0
Control6	Control	DCT	DCT Injured	1	0.004545454545454545
Control6	Control	DCT	DCT1	150	0.6818181818181818
Control6	Control	DCT	DCT2	69	0.31363636363636366
Control6	Control	DTL	DTL	12	1.0
Control6	Control	Endothelia	Ascending Vasa Recta	6	0.11764705882352941
Control6	Control	Endothelia	Endothelia Glomerular	6	0.11764705882352941
Control6	Control	Endothelia	Peritubular Capillary Endothelia	39	0.7647058823529411
Control6	Control	IC-A	cIC-A	66	0.8571428571428571
Control6	Control	IC-A	mIC-A	11	0.14285714285714285
Control6	Control	IC-B	IC-B	45	1.0
Control6	Control	Interstitium	Fibroblast	27	0.7941176470588235
Control6	Control	Interstitium	JG Cell	2	0.058823529411764705
Control6	Control	Interstitium	Pericyte	4	0.11764705882352941
Control6	Control	Interstitium	vSMC	1	0.029411764705882353
Control6	Control	Myeloid Cell	CD14 Monocyte	3	0.0379746835443038
Control6	Control	Myeloid Cell	CD16 Monocyte	8	0.10126582278481013
Control6	Control	Myeloid Cell	Macrophage Activated	1	0.012658227848101266
Control6	Control	Myeloid Cell	Macrophage Resident	64	0.810126582278481
Control6	Control	Myeloid Cell	Mast Cell	1	0.012658227848101266
Control6	Control	Myeloid Cell	cDC2	2	0.02531645569620253
Control6	Control	PC	cPC	51	0.75
Control6	Control	PC	mPC	17	0.25
Control6	Control	PEC	PEC	30	1.0
Control6	Control	PT	PT Inflammatory	2	0.00546448087431694
Control6	Control	PT	PT Injured	64	0.17486338797814208
Control6	Control	PT	PT S1	154	0.4207650273224044
Control6	Control	PT	PT S2	96	0.26229508196721313
Control6	Control	PT	PT S3	50	0.1366120218579235
Control6	Control	Podocyte	Podocyte	4	1.0
Control6	Control	T Cell	Effector Tc Cell	9	0.10112359550561797
Control6	Control	T Cell	Effector Th Cell	10	0.11235955056179775
Control6	Control	T Cell	NK CD56bright	2	0.02247191011235955
Control6	Control	T Cell	NK CD56dim	25	0.2808988764044944
Control6	Control	T Cell	NKT Cell	24	0.2696629213483146
Control6	Control	T Cell	Naïve Tc Cell	10	0.11235955056179775
Control6	Control	T Cell	Naïve Th Cell	7	0.07865168539325842
Control6	Control	T Cell	Treg	2	0.02247191011235955
Control6	Control	TAL	Macula Densa	3	0.004739336492890996
Control6	Control	TAL	TAL Inflammatory	1	0.001579778830963665
Control6	Control	TAL	TAL Injured	5	0.007898894154818325
Control6	Control	TAL	cTAL1	136	0.21484992101105846
Control6	Control	TAL	cTAL2	261	0.41232227488151657
Control6	Control	TAL	mTAL	227	0.358609794628752
Control7	Control	ATL	ATL	1	1.0
Control7	Control	B Cell	Memory B Cell	7	0.4666666666666667
Control7	Control	B Cell	Naïve B Cell	2	0.13333333333333333
Control7	Control	B Cell	Plasma Cell	6	0.4
Control7	Control	CNT	CNT	323	0.9817629179331308
Control7	Control	CNT	CNT Injured	6	0.0182370820668693
Control7	Control	DCT	DCT Injured	30	0.05042016806722689
Control7	Control	DCT	DCT1	300	0.5042016806722689
Control7	Control	DCT	DCT2	265	0.44537815126050423
Control7	Control	DTL	DTL	6	1.0
Control7	Control	Endothelia	Ascending Vasa Recta	2	0.012195121951219513
Control7	Control	Endothelia	Descending Vasa Recta	7	0.042682926829268296
Control7	Control	Endothelia	Endothelia Glomerular	10	0.06097560975609756
Control7	Control	Endothelia	Peritubular Capillary Endothelia	145	0.8841463414634146
Control7	Control	IC-A	IC-A Injured	4	0.03333333333333333
Control7	Control	IC-A	cIC-A	116	0.9666666666666667
Control7	Control	IC-B	IC-B	179	1.0
Control7	Control	Interstitium	Fibroblast	36	0.5714285714285714
Control7	Control	Interstitium	JG Cell	12	0.19047619047619047
Control7	Control	Interstitium	Myofibroblast	1	0.015873015873015872
Control7	Control	Interstitium	Pericyte	13	0.20634920634920634
Control7	Control	Interstitium	vSMC	1	0.015873015873015872
Control7	Control	Myeloid Cell	CD14 Monocyte	10	0.11904761904761904
Control7	Control	Myeloid Cell	CD16 Monocyte	9	0.10714285714285714
Control7	Control	Myeloid Cell	Macrophage Resident	53	0.6309523809523809
Control7	Control	Myeloid Cell	Mast Cell	2	0.023809523809523808
Control7	Control	Myeloid Cell	Monocyte Transitioning	5	0.05952380952380952
Control7	Control	Myeloid Cell	cDC1	1	0.011904761904761904
Control7	Control	Myeloid Cell	cDC2	2	0.023809523809523808
Control7	Control	Myeloid Cell	pDC	2	0.023809523809523808
Control7	Control	PC	PC Injured	3	0.033707865168539325
Control7	Control	PC	cPC	83	0.9325842696629213
Control7	Control	PC	mPC	3	0.033707865168539325
Control7	Control	PEC	PEC	47	1.0
Control7	Control	PT	PT Inflammatory	25	0.0249500998003992
Control7	Control	PT	PT Injured	225	0.2245508982035928
Control7	Control	PT	PT S1	339	0.3383233532934132
Control7	Control	PT	PT S2	317	0.31636726546906185
Control7	Control	PT	PT S3	96	0.09580838323353294
Control7	Control	Podocyte	Podocyte	8	1.0
Control7	Control	T Cell	Effector Tc Cell	27	0.17532467532467533
Control7	Control	T Cell	Effector Th Cell	19	0.12337662337662338
Control7	Control	T Cell	MAIT	3	0.01948051948051948
Control7	Control	T Cell	NK CD56bright	5	0.032467532467532464
Control7	Control	T Cell	NK CD56dim	47	0.3051948051948052
Control7	Control	T Cell	NKT Cell	7	0.045454545454545456
Control7	Control	T Cell	Naïve Tc Cell	16	0.1038961038961039
Control7	Control	T Cell	Naïve Th Cell	28	0.18181818181818182
Control7	Control	T Cell	Treg	2	0.012987012987012988
Control7	Control	TAL	Macula Densa	22	0.0334855403348554
Control7	Control	TAL	TAL Inflammatory	12	0.0182648401826484
Control7	Control	TAL	TAL Injured	40	0.060882800608828
Control7	Control	TAL	cTAL1	157	0.2389649923896499
Control7	Control	TAL	cTAL2	412	0.6270928462709284
Control7	Control	TAL	mTAL	14	0.0213089802130898
UUO1	UUO	ATL	ATL	1	1.0
UUO1	UUO	B Cell	Memory B Cell	270	0.7627118644067796
UUO1	UUO	B Cell	Naïve B Cell	45	0.1271186440677966
UUO1	UUO	B Cell	Plasma Cell	39	0.11016949152542373
UUO1	UUO	CNT	CNT	4	0.043010752688172046
UUO1	UUO	CNT	CNT Injured	89	0.956989247311828
UUO1	UUO	DCT	DCT Injured	207	0.971830985915493
UUO1	UUO	DCT	DCT1	5	0.023474178403755867
UUO1	UUO	DCT	DCT2	1	0.004694835680751174
UUO1	UUO	Endothelia	Ascending Vasa Recta	49	0.5212765957446809
UUO1	UUO	Endothelia	Descending Vasa Recta	1	0.010638297872340425
UUO1	UUO	Endothelia	Endothelia Glomerular	37	0.39361702127659576
UUO1	UUO	Endothelia	Peritubular Capillary Endothelia	7	0.07446808510638298
UUO1	UUO	IC-A	IC-A Injured	174	0.9354838709677419
UUO1	UUO	IC-A	cIC-A	12	0.06451612903225806
UUO1	UUO	IC-B	IC-B	59	1.0
UUO1	UUO	Interstitium	JG Cell	1	0.05
UUO1	UUO	Interstitium	Myofibroblast	18	0.9
UUO1	UUO	Interstitium	Pericyte	1	0.05
UUO1	UUO	Myeloid Cell	CD14 Monocyte	71	0.23355263157894737
UUO1	UUO	Myeloid Cell	CD16 Monocyte	27	0.08881578947368421
UUO1	UUO	Myeloid Cell	Macrophage Activated	60	0.19736842105263158
UUO1	UUO	Myeloid Cell	Macrophage HIF1A+	20	0.06578947368421052
UUO1	UUO	Myeloid Cell	Mast Cell	2	0.006578947368421052
UUO1	UUO	Myeloid Cell	Monocyte Transitioning	37	0.12171052631578948
UUO1	UUO	Myeloid Cell	cDC CCR7+	6	0.019736842105263157
UUO1	UUO	Myeloid Cell	cDC1	4	0.013157894736842105
UUO1	UUO	Myeloid Cell	cDC2	28	0.09210526315789473
UUO1	UUO	Myeloid Cell	pDC	49	0.1611842105263158
UUO1	UUO	PC	PC Injured	39	1.0
UUO1	UUO	PEC	PEC	18	1.0
UUO1	UUO	PT	PT Inflammatory	231	0.2880299251870324
UUO1	UUO	PT	PT Injured	500	0.6234413965087282
UUO1	UUO	PT	PT S1	21	0.026184538653366583
UUO1	UUO	PT	PT S2	24	0.029925187032418952
UUO1	UUO	PT	PT S3	26	0.032418952618453865
UUO1	UUO	Podocyte	Podocyte	4	1.0
UUO1	UUO	T Cell	Effector Tc Cell	179	0.12251882272416154
UUO1	UUO	T Cell	Effector Th Cell	150	0.1026694045174538
UUO1	UUO	T Cell	MAIT	15	0.01026694045174538
UUO1	UUO	T Cell	NK CD56bright	16	0.010951403148528405
UUO1	UUO	T Cell	NK CD56dim	55	0.03764544832306639
UUO1	UUO	T Cell	NKT Cell	42	0.028747433264887063
UUO1	UUO	T Cell	Naïve Tc Cell	188	0.12867898699520877
UUO1	UUO	T Cell	Naïve Th Cell	768	0.5256673511293635
UUO1	UUO	T Cell	Treg	48	0.03285420944558522
UUO1	UUO	TAL	Macula Densa	2	0.006191950464396285
UUO1	UUO	TAL	TAL Inflammatory	224	0.6934984520123839
UUO1	UUO	TAL	TAL Injured	57	0.17647058823529413
UUO1	UUO	TAL	cTAL1	15	0.04643962848297214
UUO1	UUO	TAL	cTAL2	20	0.06191950464396285
UUO1	UUO	TAL	mTAL	5	0.015479876160990712
UUO2	UUO	ATL	ATL	15	1.0
UUO2	UUO	B Cell	Memory B Cell	117	0.5792079207920792
UUO2	UUO	B Cell	Naïve B Cell	75	0.3712871287128713
UUO2	UUO	B Cell	Plasma Cell	10	0.04950495049504951
UUO2	UUO	CNT	CNT	4	0.04938271604938271
UUO2	UUO	CNT	CNT Injured	77	0.9506172839506173
UUO2	UUO	DCT	DCT Injured	222	0.9823008849557522
UUO2	UUO	DCT	DCT2	4	0.017699115044247787
UUO2	UUO	DTL	DTL	6	1.0
UUO2	UUO	Endothelia	Ascending Vasa Recta	44	0.19047619047619047
UUO2	UUO	Endothelia	Descending Vasa Recta	2	0.008658008658008658
UUO2	UUO	Endothelia	Endothelia Glomerular	144	0.6233766233766234
UUO2	UUO	Endothelia	Peritubular Capillary Endothelia	41	0.1774891774891775
UUO2	UUO	IC-A	IC-A Injured	126	0.9333333333333333
UUO2	UUO	IC-A	cIC-A	9	0.06666666666666667
UUO2	UUO	IC-B	IC-B	113	1.0
UUO2	UUO	Interstitium	JG Cell	2	0.0392156862745098
UUO2	UUO	Interstitium	Myofibroblast	38	0.7450980392156863
UUO2	UUO	Interstitium	Pericyte	9	0.17647058823529413
UUO2	UUO	Interstitium	vSMC	2	0.0392156862745098
UUO2	UUO	Myeloid Cell	CD14 Monocyte	77	0.17073170731707318
UUO2	UUO	Myeloid Cell	CD16 Monocyte	19	0.04212860310421286
UUO2	UUO	Myeloid Cell	Macrophage Activated	142	0.3148558758314856
UUO2	UUO	Myeloid Cell	Macrophage HIF1A+	22	0.04878048780487805
UUO2	UUO	Myeloid Cell	Macrophage Resident	9	0.019955654101995565
UUO2	UUO	Myeloid Cell	Mast Cell	13	0.028824833702882482
UUO2	UUO	Myeloid Cell	Monocyte Transitioning	54	0.1197339246119734
UUO2	UUO	Myeloid Cell	cDC CCR7+	8	0.017738359201773836
UUO2	UUO	Myeloid Cell	cDC1	5	0.011086474501108648
UUO2	UUO	Myeloid Cell	cDC2	57	0.12638580931263857
UUO2	UUO	Myeloid Cell	pDC	45	0.09977827050997783
UUO2	UUO	PC	PC Injured	40	0.975609756097561
UUO2	UUO	PC	mPC	1	0.024390243902439025
UUO2	UUO	PEC	PEC	31	1.0
UUO2	UUO	PT	PT Inflammatory	137	0.2150706436420722
UUO2	UUO	PT	PT Injured	358	0.5620094191522763
UUO2	UUO	PT	PT S1	61	0.09576138147566719
UUO2	UUO	PT	PT S2	61	0.09576138147566719
UUO2	UUO	PT	PT S3	20	0.03139717425431711
UUO2	UUO	Podocyte	Podocyte	6	1.0
UUO2	UUO	T Cell	Effector Tc Cell	239	0.1679550245959241
UUO2	UUO	T Cell	Effector Th Cell	95	0.06676036542515812
UUO2	UUO	T Cell	MAIT	228	0.1602248770203795
UUO2	UUO	T Cell	NK CD56bright	60	0.0421644413211525
UUO2	UUO	T Cell	NK CD56dim	90	0.06324666198172874
UUO2	UUO	T Cell	NKT Cell	67	0.04708362614195362
UUO2	UUO	T Cell	Naïve Tc Cell	235	0.1651440618411806
UUO2	UUO	T Cell	Naïve Th Cell	303	0.2129304286718201
UUO2	UUO	T Cell	Treg	106	0.07449051300070274
UUO2	UUO	TAL	Macula Densa	2	0.0017761989342806395
UUO2	UUO	TAL	TAL Inflammatory	446	0.3960923623445826
UUO2	UUO	TAL	TAL Injured	652	0.5790408525754884
UUO2	UUO	TAL	cTAL1	12	0.010657193605683837
UUO2	UUO	TAL	cTAL2	4	0.003552397868561279
UUO2	UUO	TAL	mTAL	10	0.008880994671403197
UUO3	UUO	ATL	ATL	272	1.0
UUO3	UUO	B Cell	Memory B Cell	129	0.645
UUO3	UUO	B Cell	Naïve B Cell	35	0.175
UUO3	UUO	B Cell	Plasma Cell	36	0.18
UUO3	UUO	CNT	CNT	15	0.40540540540540543
UUO3	UUO	CNT	CNT Injured	22	0.5945945945945946
UUO3	UUO	DCT	DCT Injured	53	0.8833333333333333
UUO3	UUO	DCT	DCT1	3	0.05
UUO3	UUO	DCT	DCT2	4	0.06666666666666667
UUO3	UUO	DTL	DTL	112	1.0
UUO3	UUO	Endothelia	Ascending Vasa Recta	67	0.8072289156626506
UUO3	UUO	Endothelia	Descending Vasa Recta	4	0.04819277108433735
UUO3	UUO	Endothelia	Endothelia Glomerular	8	0.0963855421686747
UUO3	UUO	Endothelia	Peritubular Capillary Endothelia	4	0.04819277108433735
UUO3	UUO	IC-A	IC-A Injured	35	0.813953488372093
UUO3	UUO	IC-A	cIC-A	4	0.09302325581395349
UUO3	UUO	IC-A	mIC-A	4	0.09302325581395349
UUO3	UUO	IC-B	IC-B	9	1.0
UUO3	UUO	Interstitium	Fibroblast	1	0.0049504950495049506
UUO3	UUO	Interstitium	Myofibroblast	173	0.8564356435643564
UUO3	UUO	Interstitium	Pericyte	9	0.04455445544554455
UUO3	UUO	Interstitium	vSMC	19	0.09405940594059406
UUO3	UUO	Myeloid Cell	CD14 Monocyte	100	0.17889087656529518
UUO3	UUO	Myeloid Cell	CD16 Monocyte	22	0.03935599284436494
UUO3	UUO	Myeloid Cell	Macrophage Activated	315	0.5635062611806798
UUO3	UUO	Myeloid Cell	Macrophage HIF1A+	2	0.0035778175313059034
UUO3	UUO	Myeloid Cell	Macrophage Resident	1	0.0017889087656529517
UUO3	UUO	Myeloid Cell	Mast Cell	16	0.028622540250447227
UUO3	UUO	Myeloid Cell	Monocyte Transitioning	48	0.08586762075134168
UUO3	UUO	Myeloid Cell	cDC CCR7+	3	0.005366726296958855
UUO3	UUO	Myeloid Cell	cDC1	6	0.01073345259391771
UUO3	UUO	Myeloid Cell	cDC2	31	0.055456171735241505
UUO3	UUO	Myeloid Cell	pDC	15	0.026833631484794274
UUO3	UUO	PC	PC Injured	197	0.8418803418803419
UUO3	UUO	PC	cPC	7	0.029914529914529916
UUO3	UUO	PC	mPC	30	0.1282051282051282
UUO3	UUO	PEC	PEC	12	1.0
UUO3	UUO	PT	PT Inflammatory	36	0.145748987854251
UUO3	UUO	PT	PT Injured	172	0.6963562753036437
UUO3	UUO	PT	PT S1	12	0.048582995951417005
UUO3	UUO	PT	PT S2	5	0.020242914979757085
UUO3	UUO	PT	PT S3	22	0.08906882591093117
UUO3	UUO	Podocyte	Podocyte	13	1.0
UUO3	UUO	T Cell	Effector Tc Cell	510	0.29772329246935203
UUO3	UUO	T Cell	Effector Th Cell	185	0.10799766491535318
UUO3	UUO	T Cell	MAIT	10	0.005837711617046118
UUO3	UUO	T Cell	NK CD56bright	50	0.02918855808523059
UUO3	UUO	T Cell	NK CD56dim	30	0.017513134851138354
UUO3	UUO	T Cell	NKT Cell	146	0.08523058960887332
UUO3	UUO	T Cell	Naïve Tc Cell	291	0.16987740805604204
UUO3	UUO	T Cell	Naïve Th Cell	432	0.2521891418563923
UUO3	UUO	T Cell	Treg	59	0.034442498540572096
UUO3	UUO	TAL	Macula Densa	3	0.001851851851851852
UUO3	UUO	TAL	TAL Inflammatory	266	0.16419753086419753
UUO3	UUO	TAL	TAL Injured	499	0.3080246913580247
UUO3	UUO	TAL	cTAL1	223	0.13765432098765432
UUO3	UUO	TAL	cTAL2	126	0.07777777777777778
UUO3	UUO	TAL	mTAL	503	0.31049382716049384
UUO4	UUO	ATL	ATL	4	1.0
UUO4	UUO	B Cell	Memory B Cell	2560	0.818937939859245
UUO4	UUO	B Cell	Naïve B Cell	425	0.13595649392194498
UUO4	UUO	B Cell	Plasma Cell	141	0.045105566218809984
UUO4	UUO	CNT	CNT	4	0.14814814814814814
UUO4	UUO	CNT	CNT Injured	23	0.8518518518518519
UUO4	UUO	DCT	DCT Injured	177	0.9833333333333333
UUO4	UUO	DCT	DCT1	2	0.011111111111111112
UUO4	UUO	DCT	DCT2	1	0.005555555555555556
UUO4	UUO	DTL	DTL	4	1.0
UUO4	UUO	Endothelia	Ascending Vasa Recta	8	0.1111111111111111
UUO4	UUO	Endothelia	Descending Vasa Recta	4	0.05555555555555555
UUO4	UUO	Endothelia	Endothelia Glomerular	55	0.7638888888888888
UUO4	UUO	Endothelia	Peritubular Capillary Endothelia	5	0.06944444444444445
UUO4	UUO	IC-A	IC-A Injured	10	0.20408163265306123
UUO4	UUO	IC-A	cIC-A	39	0.7959183673469388
UUO4	UUO	IC-B	IC-B	8	1.0
UUO4	UUO	Interstitium	JG Cell	4	0.01834862385321101
UUO4	UUO	Interstitium	Myofibroblast	190	0.8715596330275229
UUO4	UUO	Interstitium	Pericyte	17	0.0779816513761468
UUO4	UUO	Interstitium	vSMC	7	0.03211009174311927
UUO4	UUO	Myeloid Cell	CD14 Monocyte	68	0.08531994981179424
UUO4	UUO	Myeloid Cell	CD16 Monocyte	32	0.04015056461731493
UUO4	UUO	Myeloid Cell	Macrophage Activated	217	0.2722710163111669
UUO4	UUO	Myeloid Cell	Macrophage HIF1A+	40	0.050188205771643665
UUO4	UUO	Myeloid Cell	Macrophage Resident	2	0.002509410288582183
UUO4	UUO	Myeloid Cell	Mast Cell	90	0.11292346298619825
UUO4	UUO	Myeloid Cell	Monocyte Transitioning	87	0.10915934755332497
UUO4	UUO	Myeloid Cell	cDC CCR7+	18	0.02258469259723965
UUO4	UUO	Myeloid Cell	cDC1	26	0.03262233375156838
UUO4	UUO	Myeloid Cell	cDC2	135	0.16938519447929737
UUO4	UUO	Myeloid Cell	pDC	82	0.1028858218318695
UUO4	UUO	PC	PC Injured	8	0.5714285714285714
UUO4	UUO	PC	cPC	2	0.14285714285714285
UUO4	UUO	PC	mPC	4	0.2857142857142857
UUO4	UUO	PEC	PEC	10	1.0
UUO4	UUO	PT	PT Inflammatory	56	0.25806451612903225
UUO4	UUO	PT	PT Injured	150	0.6912442396313364
UUO4	UUO	PT	PT S1	4	0.018433179723502304
UUO4	UUO	PT	PT S2	1	0.004608294930875576
UUO4	UUO	PT	PT S3	6	0.027649769585253458
UUO4	UUO	Podocyte	Podocyte	9	1.0
UUO4	UUO	T Cell	Effector Tc Cell	432	0.10632537533841989
UUO4	UUO	T Cell	Effector Th Cell	135	0.03322667979325621
UUO4	UUO	T Cell	MAIT	108	0.026581343834604972
UUO4	UUO	T Cell	NK CD56bright	156	0.038395274427762735
UUO4	UUO	T Cell	NK CD56dim	34	0.008368200836820083
UUO4	UUO	T Cell	NKT Cell	27	0.006645335958651243
UUO4	UUO	T Cell	Naïve Tc Cell	913	0.22471080482402167
UUO4	UUO	T Cell	Naïve Th Cell	1431	0.3522028058085159
UUO4	UUO	T Cell	Treg	827	0.20354417917794734
UUO4	UUO	TAL	Macula Densa	4	0.010230179028132993
UUO4	UUO	TAL	TAL Inflammatory	39	0.09974424552429667
UUO4	UUO	TAL	TAL Injured	344	0.8797953964194374
UUO4	UUO	TAL	cTAL1	1	0.0025575447570332483
UUO4	UUO	TAL	cTAL2	2	0.005115089514066497
UUO4	UUO	TAL	mTAL	1	0.0025575447570332483
UUO5	UUO	ATL	ATL	135	1.0
UUO5	UUO	B Cell	Memory B Cell	239	0.6112531969309463
UUO5	UUO	B Cell	Naïve B Cell	32	0.08184143222506395
UUO5	UUO	B Cell	Plasma Cell	120	0.3069053708439898
UUO5	UUO	CNT	CNT	446	0.971677559912854
UUO5	UUO	CNT	CNT Injured	13	0.02832244008714597
UUO5	UUO	DCT	DCT Injured	25	0.05102040816326531
UUO5	UUO	DCT	DCT1	263	0.536734693877551
UUO5	UUO	DCT	DCT2	202	0.4122448979591837
UUO5	UUO	DTL	DTL	56	1.0
UUO5	UUO	Endothelia	Ascending Vasa Recta	96	0.22535211267605634
UUO5	UUO	Endothelia	Descending Vasa Recta	20	0.046948356807511735
UUO5	UUO	Endothelia	Endothelia Glomerular	43	0.10093896713615023
UUO5	UUO	Endothelia	Peritubular Capillary Endothelia	267	0.6267605633802817
UUO5	UUO	IC-A	IC-A Injured	4	0.024539877300613498
UUO5	UUO	IC-A	cIC-A	147	0.901840490797546
UUO5	UUO	IC-A	mIC-A	12	0.0736196319018405
UUO5	UUO	IC-B	IC-B	60	1.0
UUO5	UUO	Interstitium	Fibroblast	1	0.005376344086021506
UUO5	UUO	Interstitium	JG Cell	3	0.016129032258064516
UUO5	UUO	Interstitium	Myofibroblast	138	0.7419354838709677
UUO5	UUO	Interstitium	Pericyte	17	0.0913978494623656
UUO5	UUO	Interstitium	vSMC	27	0.14516129032258066
UUO5	UUO	Myeloid Cell	CD14 Monocyte	75	0.15789473684210525
UUO5	UUO	Myeloid Cell	CD16 Monocyte	60	0.12631578947368421
UUO5	UUO	Myeloid Cell	Macrophage Activated	216	0.45473684210526316
UUO5	UUO	Myeloid Cell	Macrophage HIF1A+	3	0.00631578947368421
UUO5	UUO	Myeloid Cell	Macrophage Resident	1	0.002105263157894737
UUO5	UUO	Myeloid Cell	Mast Cell	8	0.016842105263157894
UUO5	UUO	Myeloid Cell	Monocyte Transitioning	43	0.09052631578947369
UUO5	UUO	Myeloid Cell	cDC CCR7+	2	0.004210526315789474
UUO5	UUO	Myeloid Cell	cDC1	7	0.014736842105263158
UUO5	UUO	Myeloid Cell	cDC2	28	0.05894736842105263
UUO5	UUO	Myeloid Cell	pDC	32	0.06736842105263158
UUO5	UUO	PC	PC Injured	49	0.1022964509394572
UUO5	UUO	PC	cPC	328	0.6847599164926931
UUO5	UUO	PC	mPC	102	0.21294363256784968
UUO5	UUO	PEC	PEC	51	1.0
UUO5	UUO	PT	PT Inflammatory	90	0.06028131279303416
UUO5	UUO	PT	PT Injured	328	0.21969189551239116
UUO5	UUO	PT	PT S1	495	0.3315472203616879
UUO5	UUO	PT	PT S2	299	0.20026791694574683
UUO5	UUO	PT	PT S3	281	0.18821165438714
UUO5	UUO	Podocyte	Podocyte	41	1.0
UUO5	UUO	T Cell	Effector Tc Cell	378	0.20953436807095344
UUO5	UUO	T Cell	Effector Th Cell	140	0.07760532150776053
UUO5	UUO	T Cell	MAIT	18	0.009977827050997782
UUO5	UUO	T Cell	NK CD56bright	87	0.048226164079822616
UUO5	UUO	T Cell	NK CD56dim	179	0.0992239467849224
UUO5	UUO	T Cell	NKT Cell	131	0.07261640798226164
UUO5	UUO	T Cell	Naïve Tc Cell	133	0.07372505543237251
UUO5	UUO	T Cell	Naïve Th Cell	633	0.3508869179600887
UUO5	UUO	T Cell	Treg	105	0.0582039911308204
UUO5	UUO	TAL	Macula Densa	23	0.01309049516220831
UUO5	UUO	TAL	TAL Inflammatory	117	0.0665907797381901
UUO5	UUO	TAL	TAL Injured	180	0.10244735344336937
UUO5	UUO	TAL	cTAL1	415	0.23619806488332384
UUO5	UUO	TAL	cTAL2	651	0.3705179282868526
UUO5	UUO	TAL	mTAL	371	0.21115537848605578
