donor	group	celltype	n_nuclei	fraction_all_captured	fraction_captured_epithelia
Control1	Control	ATL	17	0.01454234388366125	0.01752577319587629
Control1	Control	B Cell	10	0.00855431993156544	
Control1	Control	CNT	76	0.06501283147989735	0.07835051546391752
Control1	Control	DCT	121	0.10350727117194183	0.12474226804123711
Control1	Control	DTL	8	0.006843455945252352	0.008247422680412371
Control1	Control	Endothelia	118	0.1009409751924722	
Control1	Control	IC-A	41	0.03507271171941831	0.042268041237113405
Control1	Control	IC-B	11	0.009409751924721984	0.01134020618556701
Control1	Control	Interstitium	5	0.00427715996578272	
Control1	Control	Myeloid Cell	23	0.019674935842600515	
Control1	Control	PC	98	0.08383233532934131	0.10103092783505155
Control1	Control	PEC	26	0.022241231822070145	0.026804123711340205
Control1	Control	PT	127	0.1086398631308811	0.1309278350515464
Control1	Control	Podocyte	6	0.0051325919589392645	0.006185567010309278
Control1	Control	T Cell	43	0.036783575705731396	
Control1	Control	TAL	439	0.37553464499572287	0.45257731958762887
Control2	Control	ATL	12	0.003020387616410773	0.0035481963335304554
Control2	Control	B Cell	19	0.00478228039265039	
Control2	Control	CNT	297	0.07475459350616663	0.08781785925487877
Control2	Control	DCT	546	0.13742763654669016	0.1614429331756357
Control2	Control	DTL	9	0.0022652907123080794	0.0026611472501478417
Control2	Control	Endothelia	172	0.043292222501887745	
Control2	Control	IC-A	127	0.03196576894034735	0.037551744529863984
Control2	Control	IC-B	108	0.027183488547696956	0.0319337670017741
Control2	Control	Interstitium	80	0.020135917442738484	
Control2	Control	Myeloid Cell	148	0.0372514472690662	
Control2	Control	PC	154	0.038761641077271584	0.04553518628030751
Control2	Control	PEC	83	0.020891014346841177	0.024541691306918984
Control2	Control	PT	802	0.2018625723634533	0.2371377882909521
Control2	Control	Podocyte	9	0.0022652907123080794	0.0026611472501478417
Control2	Control	T Cell	172	0.043292222501887745	
Control2	Control	TAL	1235	0.31084822552227537	0.3651685393258427
Control3	Control	ATL	34	0.07674943566591422	0.09444444444444444
Control3	Control	B Cell	6	0.013544018058690745	
Control3	Control	CNT	3	0.006772009029345372	0.008333333333333333
Control3	Control	DCT	13	0.029345372460496615	0.03611111111111111
Control3	Control	DTL	17	0.03837471783295711	0.04722222222222222
Control3	Control	Endothelia	11	0.024830699774266364	
Control3	Control	IC-A	4	0.009029345372460496	0.011111111111111112
Control3	Control	IC-B	2	0.004514672686230248	0.005555555555555556
Control3	Control	Interstitium	19	0.04288939051918736	
Control3	Control	Myeloid Cell	17	0.03837471783295711	
Control3	Control	PC	28	0.06320541760722348	0.07777777777777778
Control3	Control	PT	157	0.3544018058690745	0.4361111111111111
Control3	Control	T Cell	30	0.06772009029345373	
Control3	Control	TAL	102	0.23024830699774265	0.2833333333333333
Control4	Control	ATL	45	0.01991150442477876	0.022545090180360723
Control4	Control	B Cell	5	0.0022123893805309734	
Control4	Control	CNT	102	0.04513274336283186	0.05110220440881764
Control4	Control	DCT	117	0.05176991150442478	0.05861723446893788
Control4	Control	DTL	18	0.007964601769911504	0.009018036072144289
Control4	Control	Endothelia	96	0.04247787610619469	
Control4	Control	IC-A	76	0.033628318584070796	0.03807615230460922
Control4	Control	IC-B	27	0.011946902654867256	0.013527054108216433
Control4	Control	Interstitium	21	0.009292035398230088	
Control4	Control	Myeloid Cell	70	0.030973451327433628	
Control4	Control	PC	100	0.04424778761061947	0.050100200400801605
Control4	Control	PEC	19	0.008407079646017699	0.009519038076152305
Control4	Control	PT	532	0.23539823008849559	0.2665330661322645
Control4	Control	Podocyte	6	0.002654867256637168	0.003006012024048096
Control4	Control	T Cell	72	0.03185840707964602	
Control4	Control	TAL	954	0.42212389380530974	0.4779559118236473
Control5	Control	ATL	44	0.02403058438012015	0.026128266033254157
Control5	Control	CNT	96	0.05243036592026215	0.057007125890736345
Control5	Control	DCT	205	0.1119606772255598	0.12173396674584323
Control5	Control	DTL	21	0.011469142545057346	0.012470308788598575
Control5	Control	Endothelia	79	0.04314582195521573	
Control5	Control	IC-A	82	0.04478427089022392	0.048693586698337295
Control5	Control	IC-B	70	0.03823047515019115	0.04156769596199525
Control5	Control	Interstitium	6	0.0032768978700163844	
Control5	Control	Myeloid Cell	34	0.018569087930092845	
Control5	Control	PC	145	0.07919169852539595	0.08610451306413301
Control5	Control	PEC	6	0.0032768978700163844	0.0035629453681710215
Control5	Control	PT	227	0.12397596941561988	0.1347980997624703
Control5	Control	Podocyte	2	0.0010922992900054614	0.0011876484560570072
Control5	Control	T Cell	28	0.015292190060076462	
Control5	Control	TAL	786	0.4292736209721464	0.4667458432304038
Control6	Control	ATL	37	0.018964633521271142	0.021841794569067298
Control6	Control	B Cell	4	0.0020502306509482316	
Control6	Control	CNT	202	0.1035366478728857	0.1192443919716647
Control6	Control	DCT	220	0.11276268580215275	0.12987012987012986
Control6	Control	DTL	12	0.006150691952844695	0.0070838252656434475
Control6	Control	Endothelia	51	0.026140440799589954	
Control6	Control	IC-A	77	0.03946694003075346	0.045454545454545456
Control6	Control	IC-B	45	0.023065094823167605	0.026564344746162927
Control6	Control	Interstitium	34	0.01742696053305997	
Control6	Control	Myeloid Cell	79	0.040492055356227574	
Control6	Control	PC	68	0.03485392106611994	0.04014167650531287
Control6	Control	PEC	30	0.015376729882111738	0.01770956316410862
Control6	Control	PT	366	0.1875961045617632	0.21605667060212513
Control6	Control	Podocyte	4	0.0020502306509482316	0.0023612750885478157
Control6	Control	T Cell	89	0.04561763198359815	
Control6	Control	TAL	633	0.32444900051255765	0.37367178276269186
Control7	Control	ATL	1	0.0002846569883290635	0.0003297065611605671
Control7	Control	B Cell	15	0.004269854824935952	
Control7	Control	CNT	329	0.09365214916026189	0.10847345862182657
Control7	Control	DCT	595	0.16937090805579277	0.19617540389053742
Control7	Control	DTL	6	0.0017079419299743809	0.0019782393669634025
Control7	Control	Endothelia	164	0.04668374608596641	
Control7	Control	IC-A	120	0.034158838599487616	0.03956478733926805
Control7	Control	IC-B	179	0.05095360091090236	0.05901747444774151
Control7	Control	Interstitium	63	0.017933390264730998	
Control7	Control	Myeloid Cell	84	0.02391118701964133	
Control7	Control	PC	89	0.02533447196128665	0.02934388394329047
Control7	Control	PEC	47	0.013378878451465983	0.015496208374546653
Control7	Control	PT	1002	0.2852263023057216	0.3303659742828882
Control7	Control	Podocyte	8	0.002277255906632508	0.002637652489284537
Control7	Control	T Cell	154	0.04383717620267578	
Control7	Control	TAL	657	0.1870196413321947	0.2166172106824926
UUO1	UUO	ATL	1	0.0002518257365902795	0.0005753739930955121
UUO1	UUO	B Cell	354	0.08914631075295895	
UUO1	UUO	CNT	93	0.023419793502895997	0.053509781357882626
UUO1	UUO	DCT	213	0.05363888189372954	0.12255466052934408
UUO1	UUO	Endothelia	94	0.023671619239486276	
UUO1	UUO	IC-A	186	0.046839587005791994	0.10701956271576525
UUO1	UUO	IC-B	59	0.014857718458826491	0.03394706559263521
UUO1	UUO	Interstitium	20	0.005036514731805591	
UUO1	UUO	Myeloid Cell	304	0.07655502392344497	
UUO1	UUO	PC	39	0.009821203727020902	0.02243958573072497
UUO1	UUO	PEC	18	0.004532863258625032	0.010356731875719217
UUO1	UUO	PT	802	0.20196424074540417	0.4614499424626007
UUO1	UUO	Podocyte	4	0.001007302946361118	0.0023014959723820483
UUO1	UUO	T Cell	1461	0.3679174011583984	
UUO1	UUO	TAL	323	0.08133971291866028	0.1858457997698504
UUO2	UUO	ATL	15	0.0031413612565445027	0.006206040546131568
UUO2	UUO	B Cell	202	0.04230366492146597	
UUO2	UUO	CNT	81	0.016963350785340316	0.033512618949110465
UUO2	UUO	DCT	226	0.04732984293193717	0.09350434422838229
UUO2	UUO	DTL	6	0.001256544502617801	0.0024824162184526274
UUO2	UUO	Endothelia	231	0.04837696335078534	
UUO2	UUO	IC-A	135	0.028272251308900525	0.05585436491518411
UUO2	UUO	IC-B	113	0.023664921465968585	0.046752172114191144
UUO2	UUO	Interstitium	51	0.01068062827225131	
UUO2	UUO	Myeloid Cell	451	0.09445026178010471	
UUO2	UUO	PC	41	0.008586387434554974	0.01696317749275962
UUO2	UUO	PEC	31	0.006492146596858639	0.012825817128671908
UUO2	UUO	PT	637	0.13340314136125656	0.2635498551923873
UUO2	UUO	Podocyte	6	0.001256544502617801	0.0024824162184526274
UUO2	UUO	T Cell	1423	0.2980104712041885	
UUO2	UUO	TAL	1126	0.23581151832460734	0.4658667769962764
UUO3	UUO	ATL	272	0.050221565731166914	0.10229409552463332
UUO3	UUO	B Cell	200	0.03692762186115214	
UUO3	UUO	CNT	37	0.006831610044313146	0.013915005641218503
UUO3	UUO	DCT	60	0.011078286558345642	0.022564874012786763
UUO3	UUO	DTL	112	0.0206794682422452	0.042121098157201955
UUO3	UUO	Endothelia	83	0.015324963072378139	
UUO3	UUO	IC-A	43	0.00793943870014771	0.016171493042497178
UUO3	UUO	IC-B	9	0.0016617429837518464	0.003384731101918014
UUO3	UUO	Interstitium	202	0.03729689807976366	
UUO3	UUO	Myeloid Cell	559	0.10321270310192024	
UUO3	UUO	PC	234	0.043205317577548	0.08800300864986838
UUO3	UUO	PEC	12	0.0022156573116691287	0.0045129748025573525
UUO3	UUO	PT	247	0.04560561299852289	0.09289206468597216
UUO3	UUO	Podocyte	13	0.0024002954209748893	0.004889056036103798
UUO3	UUO	T Cell	1713	0.3162850812407681	
UUO3	UUO	TAL	1620	0.29911373707533234	0.6092515983452426
UUO4	UUO	ATL	4	0.0004353030797692894	0.004381161007667032
UUO4	UUO	B Cell	3126	0.34018935683969964	
UUO4	UUO	CNT	27	0.002938295788442703	0.029572836801752465
UUO4	UUO	DCT	180	0.019588638589618023	0.19715224534501644
UUO4	UUO	DTL	4	0.0004353030797692894	0.004381161007667032
UUO4	UUO	Endothelia	72	0.007835455435847209	
UUO4	UUO	IC-A	49	0.005332462727173795	0.05366922234392114
UUO4	UUO	IC-B	8	0.0008706061595385788	0.008762322015334063
UUO4	UUO	Interstitium	218	0.02372401784742627	
UUO4	UUO	Myeloid Cell	797	0.0867341386440309	
UUO4	UUO	PC	14	0.0015235607791925128	0.01533406352683461
UUO4	UUO	PEC	10	0.0010882576994232234	0.01095290251916758
UUO4	UUO	PT	217	0.023615192077483946	0.23767798466593648
UUO4	UUO	Podocyte	9	0.0009794319294809011	0.009857612267250822
UUO4	UUO	T Cell	4063	0.44215910327565566	
UUO4	UUO	TAL	391	0.04255087604744803	0.42825848849945236
UUO5	UUO	ATL	135	0.015946137491141033	0.026041666666666668
UUO5	UUO	B Cell	391	0.04618473895582329	
UUO5	UUO	CNT	459	0.05421686746987952	0.08854166666666667
UUO5	UUO	DCT	490	0.057878573115993384	0.09452160493827161
UUO5	UUO	DTL	56	0.006614694070399244	0.010802469135802469
UUO5	UUO	Endothelia	426	0.050318922749822824	
UUO5	UUO	IC-A	163	0.019253484526340656	0.0314429012345679
UUO5	UUO	IC-B	60	0.007087172218284904	0.011574074074074073
UUO5	UUO	Interstitium	186	0.021970233876683204	
UUO5	UUO	Myeloid Cell	475	0.05610678006142216	
UUO5	UUO	PC	479	0.05657925820930782	0.09239969135802469
UUO5	UUO	PEC	51	0.006024096385542169	0.009837962962962963
UUO5	UUO	PT	1493	0.1763524686983227	0.28800154320987653
UUO5	UUO	Podocyte	41	0.004842901015828018	0.007908950617283951
UUO5	UUO	T Cell	1804	0.2130876446964328	
UUO5	UUO	TAL	1757	0.20753602645877628	0.33892746913580246
