human_symbol	human_ensembl	mouse_ensembl	type	source_url	mouse_symbol
ATP1A1	ENSG00000163399	ENSMUSG00000033161	ortholog_one2one	https://rest.ensembl.org/homology/symbol/homo_sapiens/ATP1A1?target_species=mus_musculus;type=orthologues;sequence=none;content-type=application/json	Atp1a1
ATP1B1	ENSG00000143153	ENSMUSG00000026576	ortholog_one2one	https://rest.ensembl.org/homology/symbol/homo_sapiens/ATP1B1?target_species=mus_musculus;type=orthologues;sequence=none;content-type=application/json	Atp1b1
ATP2B1	ENSG00000070961	ENSMUSG00000019943	ortholog_one2one	https://rest.ensembl.org/homology/symbol/homo_sapiens/ATP2B1?target_species=mus_musculus;type=orthologues;sequence=none;content-type=application/json	Atp2b1
BSND	ENSG00000162399	ENSMUSG00000025418	ortholog_one2one	https://rest.ensembl.org/homology/symbol/homo_sapiens/BSND?target_species=mus_musculus;type=orthologues;sequence=none;content-type=application/json	Bsnd
CALB1	ENSG00000104327	ENSMUSG00000028222	ortholog_one2one	https://rest.ensembl.org/homology/symbol/homo_sapiens/CALB1?target_species=mus_musculus;type=orthologues;sequence=none;content-type=application/json	Calb1
CLCNKA	ENSG00000186510	ENSMUSG00000033770	ortholog_many2many	https://rest.ensembl.org/homology/symbol/homo_sapiens/CLCNKA?target_species=mus_musculus;type=orthologues;sequence=none;content-type=application/json	Clcnka
CLCNKA	ENSG00000186510	ENSMUSG00000006216	ortholog_many2many	https://rest.ensembl.org/homology/symbol/homo_sapiens/CLCNKA?target_species=mus_musculus;type=orthologues;sequence=none;content-type=application/json	Clcnkb
CLCNKB	ENSG00000184908	ENSMUSG00000033770	ortholog_many2many	https://rest.ensembl.org/homology/symbol/homo_sapiens/CLCNKB?target_species=mus_musculus;type=orthologues;sequence=none;content-type=application/json	Clcnka
CLCNKB	ENSG00000184908	ENSMUSG00000006216	ortholog_many2many	https://rest.ensembl.org/homology/symbol/homo_sapiens/CLCNKB?target_species=mus_musculus;type=orthologues;sequence=none;content-type=application/json	Clcnkb
CLDN16	ENSG00000113946	ENSMUSG00000038148	ortholog_one2one	https://rest.ensembl.org/homology/symbol/homo_sapiens/CLDN16?target_species=mus_musculus;type=orthologues;sequence=none;content-type=application/json	Cldn16
CLDN19	ENSG00000164007	ENSMUSG00000066058	ortholog_one2one	https://rest.ensembl.org/homology/symbol/homo_sapiens/CLDN19?target_species=mus_musculus;type=orthologues;sequence=none;content-type=application/json	Cldn19
CNNM2	ENSG00000148842	ENSMUSG00000064105	ortholog_one2one	https://rest.ensembl.org/homology/symbol/homo_sapiens/CNNM2?target_species=mus_musculus;type=orthologues;sequence=none;content-type=application/json	Cnnm2
FXYD2	ENSG00000137731	ENSMUSG00000059412	ortholog_one2one	https://rest.ensembl.org/homology/symbol/homo_sapiens/FXYD2?target_species=mus_musculus;type=orthologues;sequence=none;content-type=application/json	Fxyd2
KCNJ1	ENSG00000151704	ENSMUSG00000041248	ortholog_one2one	https://rest.ensembl.org/homology/symbol/homo_sapiens/KCNJ1?target_species=mus_musculus;type=orthologues;sequence=none;content-type=application/json	Kcnj1
KCNJ10	ENSG00000177807	ENSMUSG00000044708	ortholog_one2one	https://rest.ensembl.org/homology/symbol/homo_sapiens/KCNJ10?target_species=mus_musculus;type=orthologues;sequence=none;content-type=application/json	Kcnj10
KCNJ16	ENSG00000153822	ENSMUSG00000051497	ortholog_one2one	https://rest.ensembl.org/homology/symbol/homo_sapiens/KCNJ16?target_species=mus_musculus;type=orthologues;sequence=none;content-type=application/json	Kcnj16
SLC12A1	ENSG00000074803	ENSMUSG00000027202	ortholog_one2one	https://rest.ensembl.org/homology/symbol/homo_sapiens/SLC12A1?target_species=mus_musculus;type=orthologues;sequence=none;content-type=application/json	Slc12a1
SLC12A3	ENSG00000070915	ENSMUSG00000031766	ortholog_one2one	https://rest.ensembl.org/homology/symbol/homo_sapiens/SLC12A3?target_species=mus_musculus;type=orthologues;sequence=none;content-type=application/json	Slc12a3
SLC8A1	ENSG00000183023	ENSMUSG00000054640	ortholog_one2one	https://rest.ensembl.org/homology/symbol/homo_sapiens/SLC8A1?target_species=mus_musculus;type=orthologues;sequence=none;content-type=application/json	Slc8a1
TRPM6	ENSG00000119121	ENSMUSG00000024727	ortholog_one2one	https://rest.ensembl.org/homology/symbol/homo_sapiens/TRPM6?target_species=mus_musculus;type=orthologues;sequence=none;content-type=application/json	Trpm6
TRPV5	ENSG00000127412	ENSMUSG00000036899	ortholog_one2one	https://rest.ensembl.org/homology/symbol/homo_sapiens/TRPV5?target_species=mus_musculus;type=orthologues;sequence=none;content-type=application/json	Trpv5
