sample	reported_animal_id	condition	duration_days	recovery_days	title	description	filename	source_url	value_definition	reference	label_ch1	label_ch2
GSM2533478	S127	RUUO	1	0	Kidney Tissue from RUUO Mice Replicate_1	Biological replicate 1 of 36. Kidney tissue, harvested at 0min after 1 day  RUUO. | RUUO-rep1 | 1 day Ob_0d	GSM2533478_S127L_0d_1O.txt.gz	https://ftp.ncbi.nlm.nih.gov/geo/samples/GSM2533nnn/GSM2533478/suppl/GSM2533478_S127L_0d_1O.txt.gz	normalized log10 ratio (Cy5/Cy3) representing test/reference	Mouse Universal Reference RNA	Cy5	Cy3
GSM2533479	S134	RUUO	1	0	Kidney Tissue from RUUO Mice Replicate_2	Biological replicate 2 of 36. Kidney tissue, harvested at 0min after 1 day  RUUO. | RUUO-rep2 | 1 day Ob_0d	GSM2533479_S134L_0d_1O.txt.gz	https://ftp.ncbi.nlm.nih.gov/geo/samples/GSM2533nnn/GSM2533479/suppl/GSM2533479_S134L_0d_1O.txt.gz	normalized log10 ratio (Cy5/Cy3) representing test/reference	Mouse Universal Reference RNA	Cy5	Cy3
GSM2533480	S151	RUUO	1	0	Kidney Tissue from RUUO Mice Replicate_3	Biological replicate 3 of 36. Kidney tissue, harvested at 0min after 1 day  RUUO. | RUUO-rep3 | 1 day Ob_0d	GSM2533480_S151L_0d_1O.txt.gz	https://ftp.ncbi.nlm.nih.gov/geo/samples/GSM2533nnn/GSM2533480/suppl/GSM2533480_S151L_0d_1O.txt.gz	normalized log10 ratio (Cy5/Cy3) representing test/reference	Mouse Universal Reference RNA	Cy5	Cy3
GSM2533481	S171	RUUO	1	0	Kidney Tissue from RUUO Mice Replicate_4	Biological replicate 4 of 36. Kidney tissue, harvested at 0min after 1 day  RUUO. | RUUO-rep4 | 1 day Ob_0d	GSM2533481_S171L_0d_1O.txt.gz	https://ftp.ncbi.nlm.nih.gov/geo/samples/GSM2533nnn/GSM2533481/suppl/GSM2533481_S171L_0d_1O.txt.gz	normalized log10 ratio (Cy5/Cy3) representing test/reference	Mouse Universal Reference RNA	Cy5	Cy3
GSM2533482	S206	RUUO	1	0	Kidney Tissue from RUUO Mice Replicate_5	Biological replicate 5 of 36. Kidney tissue, harvested at 0min after 1 day  RUUO. | RUUO-rep5 | 1 day Ob_0d	GSM2533482_S206L_0d_1O.txt.gz	https://ftp.ncbi.nlm.nih.gov/geo/samples/GSM2533nnn/GSM2533482/suppl/GSM2533482_S206L_0d_1O.txt.gz	normalized log10 ratio (Cy5/Cy3) representing test/reference	Mouse Universal Reference RNA	Cy5	Cy3
GSM2533483	S248	RUUO	1	0	Kidney Tissue from RUUO Mice Replicate_6	Biological replicate 6 of 36. Kidney tissue, harvested at 0min after 1 day  RUUO. | RUUO-rep6 | 1 day Ob_0d	GSM2533483_S248L_0d_1O.txt.gz	https://ftp.ncbi.nlm.nih.gov/geo/samples/GSM2533nnn/GSM2533483/suppl/GSM2533483_S248L_0d_1O.txt.gz	normalized log10 ratio (Cy5/Cy3) representing test/reference	Mouse Universal Reference RNA	Cy5	Cy3
GSM2533484	S251	RUUO	1	10	Kidney Tissue from RUUO Mice Replicate_7	Biological replicate 7 of 36. Kidney tissue, harvested at 10 days after 1 day  RUUO. | RUUO-rep7 | 1 day Ob_10d	GSM2533484_S251L_10d_1O.txt.gz	https://ftp.ncbi.nlm.nih.gov/geo/samples/GSM2533nnn/GSM2533484/suppl/GSM2533484_S251L_10d_1O.txt.gz	normalized log10 ratio (Cy5/Cy3) representing test/reference	Mouse Universal Reference RNA	Cy5	Cy3
GSM2533485	S252	RUUO	1	10	Kidney Tissue from RUUO Mice Replicate_8	Biological replicate 8 of 36. Kidney tissue, harvested at 10 days after 1 day  RUUO. | RUUO-rep8 | 1 day Ob_10d	GSM2533485_S252L_10d_1O.txt.gz	https://ftp.ncbi.nlm.nih.gov/geo/samples/GSM2533nnn/GSM2533485/suppl/GSM2533485_S252L_10d_1O.txt.gz	normalized log10 ratio (Cy5/Cy3) representing test/reference	Mouse Universal Reference RNA	Cy5	Cy3
GSM2533486	S253	RUUO	1	10	Kidney Tissue from RUUO Mice Replicate_9	Biological replicate 9 of 36. Kidney tissue, harvested at 10 days after 1 day  RUUO. | RUUO-rep9 | 1 day Ob_10d	GSM2533486_S253L_10d_1O.txt.gz	https://ftp.ncbi.nlm.nih.gov/geo/samples/GSM2533nnn/GSM2533486/suppl/GSM2533486_S253L_10d_1O.txt.gz	normalized log10 ratio (Cy5/Cy3) representing test/reference	Mouse Universal Reference RNA	Cy5	Cy3
GSM2533487	S272	RUUO	1	10	Kidney Tissue from RUUO Mice Replicate_10	Biological replicate 10 of 36. Kidney tissue, harvested at 10 days after 1 day  RUUO. | RUUO-rep10 | 1 day Ob_10d	GSM2533487_S272L_10d_1O.txt.gz	https://ftp.ncbi.nlm.nih.gov/geo/samples/GSM2533nnn/GSM2533487/suppl/GSM2533487_S272L_10d_1O.txt.gz	normalized log10 ratio (Cy5/Cy3) representing test/reference	Mouse Universal Reference RNA	Cy5	Cy3
GSM2533488	S299	RUUO	1	10	Kidney Tissue from RUUO Mice Replicate_11	Biological replicate 11 of 36. Kidney tissue, harvested at 10 days after 1 day  RUUO. | RUUO-rep11 | 1 day Ob_10d	GSM2533488_S299L_10d_1O.txt.gz	https://ftp.ncbi.nlm.nih.gov/geo/samples/GSM2533nnn/GSM2533488/suppl/GSM2533488_S299L_10d_1O.txt.gz	normalized log10 ratio (Cy5/Cy3) representing test/reference	Mouse Universal Reference RNA	Cy5	Cy3
GSM2533489	S268	RUUO	1	28	Kidney Tissue from RUUO Mice Replicate_12	Biological replicate 12 of 36. Kidney tissue, harvested at 28 days after 1 day  RUUO. | RUUO-rep12 | 1 day Ob_28d	GSM2533489_S268L_28d_1O.txt.gz	https://ftp.ncbi.nlm.nih.gov/geo/samples/GSM2533nnn/GSM2533489/suppl/GSM2533489_S268L_28d_1O.txt.gz	normalized log10 ratio (Cy5/Cy3) representing test/reference	Mouse Universal Reference RNA	Cy5	Cy3
GSM2533490	S270	RUUO	1	28	Kidney Tissue from RUUO Mice Replicate_13	Biological replicate 13 of 36. Kidney tissue, harvested at 28 days after 1 day  RUUO. | RUUO-rep13 | 1 day Ob_28d	GSM2533490_S270L_28d_1O.txt.gz	https://ftp.ncbi.nlm.nih.gov/geo/samples/GSM2533nnn/GSM2533490/suppl/GSM2533490_S270L_28d_1O.txt.gz	normalized log10 ratio (Cy5/Cy3) representing test/reference	Mouse Universal Reference RNA	Cy5	Cy3
GSM2533491	S303	RUUO	1	28	Kidney Tissue from RUUO Mice Replicate_14	Biological replicate 14 of 36. Kidney tissue, harvested at 28 days after 1 day  RUUO. | RUUO-rep14 | 1 day Ob_28d	GSM2533491_S303L_28d_1O.txt.gz	https://ftp.ncbi.nlm.nih.gov/geo/samples/GSM2533nnn/GSM2533491/suppl/GSM2533491_S303L_28d_1O.txt.gz	normalized log10 ratio (Cy5/Cy3) representing test/reference	Mouse Universal Reference RNA	Cy5	Cy3
GSM2533492	S304	RUUO	1	28	Kidney Tissue from RUUO Mice Replicate_15	Biological replicate 15 of 36. Kidney tissue, harvested at 28 days after 1 day  RUUO. | RUUO-rep15 | 1 day Ob_28d	GSM2533492_S304L_28d_1O.txt.gz	https://ftp.ncbi.nlm.nih.gov/geo/samples/GSM2533nnn/GSM2533492/suppl/GSM2533492_S304L_28d_1O.txt.gz	normalized log10 ratio (Cy5/Cy3) representing test/reference	Mouse Universal Reference RNA	Cy5	Cy3
GSM2533493	S305	RUUO	1	28	Kidney Tissue from RUUO Mice Replicate_16	Biological replicate 16 of 36. Kidney tissue, harvested at 28 days after 1 day  RUUO. | RUUO-rep16 | 1 day Ob_28d	GSM2533493_S305L_28d_1O.txt.gz	https://ftp.ncbi.nlm.nih.gov/geo/samples/GSM2533nnn/GSM2533493/suppl/GSM2533493_S305L_28d_1O.txt.gz	normalized log10 ratio (Cy5/Cy3) representing test/reference	Mouse Universal Reference RNA	Cy5	Cy3
GSM2533494	S306	RUUO	1	28	Kidney Tissue from RUUO Mice Replicate_17	Biological replicate 17 of 36. Kidney tissue, harvested at 28 days after 1 day  RUUO. | RUUO-rep17 | 1 day Ob_28d	GSM2533494_S306L_28d_1O.txt.gz	https://ftp.ncbi.nlm.nih.gov/geo/samples/GSM2533nnn/GSM2533494/suppl/GSM2533494_S306L_28d_1O.txt.gz	normalized log10 ratio (Cy5/Cy3) representing test/reference	Mouse Universal Reference RNA	Cy5	Cy3
GSM2533495	S113	RUUO	5	0	Kidney Tissue from RUUO Mice Replicate_18	Biological replicate 18 of 36. Kidney tissue, harvested at 0min after 5 day  RUUO. | RUUO-rep18 | 5 day Ob_0d	GSM2533495_S113L_0d_5O.txt.gz	https://ftp.ncbi.nlm.nih.gov/geo/samples/GSM2533nnn/GSM2533495/suppl/GSM2533495_S113L_0d_5O.txt.gz	normalized log10 ratio (Cy5/Cy3) representing test/reference	Mouse Universal Reference RNA	Cy5	Cy3
GSM2533496	S141	RUUO	5	0	Kidney Tissue from RUUO Mice Replicate_19	Biological replicate 19 of 36. Kidney tissue, harvested at 0min after 5 day  RUUO. | RUUO-rep19 | 5 day Ob_0d	GSM2533496_S141L_0d_5O.txt.gz	https://ftp.ncbi.nlm.nih.gov/geo/samples/GSM2533nnn/GSM2533496/suppl/GSM2533496_S141L_0d_5O.txt.gz	normalized log10 ratio (Cy5/Cy3) representing test/reference	Mouse Universal Reference RNA	Cy5	Cy3
GSM2533497	S158	RUUO	5	0	Kidney Tissue from RUUO Mice Replicate_20	Biological replicate 20 of 36. Kidney tissue, harvested at 0min after 5 day  RUUO. | RUUO-rep20 | 5 day Ob_0d	GSM2533497_S158L_0d_5O.txt.gz	https://ftp.ncbi.nlm.nih.gov/geo/samples/GSM2533nnn/GSM2533497/suppl/GSM2533497_S158L_0d_5O.txt.gz	normalized log10 ratio (Cy5/Cy3) representing test/reference	Mouse Universal Reference RNA	Cy5	Cy3
GSM2533498	S194	RUUO	5	0	Kidney Tissue from RUUO Mice Replicate_21	Biological replicate 21 of 36. Kidney tissue, harvested at 0min after 5 day  RUUO. | RUUO-rep21 | 5 day Ob_0d	GSM2533498_S194L_0d_5O.txt.gz	https://ftp.ncbi.nlm.nih.gov/geo/samples/GSM2533nnn/GSM2533498/suppl/GSM2533498_S194L_0d_5O.txt.gz	normalized log10 ratio (Cy5/Cy3) representing test/reference	Mouse Universal Reference RNA	Cy5	Cy3
GSM2533499	S215	RUUO	5	0	Kidney Tissue from RUUO Mice Replicate_22	Biological replicate 22 of 36. Kidney tissue, harvested at 0min after 5 day  RUUO. | RUUO-rep22 | 5 day Ob_0d	GSM2533499_S215L_0d_5O.txt.gz	https://ftp.ncbi.nlm.nih.gov/geo/samples/GSM2533nnn/GSM2533499/suppl/GSM2533499_S215L_0d_5O.txt.gz	normalized log10 ratio (Cy5/Cy3) representing test/reference	Mouse Universal Reference RNA	Cy5	Cy3
GSM2533500	S245	RUUO	5	0	Kidney Tissue from RUUO Mice Replicate_23	Biological replicate 23 of 36. Kidney tissue, harvested at 0min after 5 day  RUUO. | RUUO-rep23 | 5 day Ob_0d	GSM2533500_S245L_0d_5O.txt.gz	https://ftp.ncbi.nlm.nih.gov/geo/samples/GSM2533nnn/GSM2533500/suppl/GSM2533500_S245L_0d_5O.txt.gz	normalized log10 ratio (Cy5/Cy3) representing test/reference	Mouse Universal Reference RNA	Cy5	Cy3
GSM2533501	S281	RUUO	5	10	Kidney Tissue from RUUO Mice Replicate_24	Biological replicate 24 of 36. Kidney tissue, harvested after 10 days of RUUO. | RUUO-rep24 | 5 day Ob_10d	GSM2533501_S281L_10d_5O.txt.gz	https://ftp.ncbi.nlm.nih.gov/geo/samples/GSM2533nnn/GSM2533501/suppl/GSM2533501_S281L_10d_5O.txt.gz	normalized log10 ratio (Cy5/Cy3) representing test/reference	Mouse Universal Reference RNA	Cy5	Cy3
GSM2533502	S284	RUUO	5	10	Kidney Tissue from RUUO Mice Replicate_25	Biological replicate 25 of 36. Kidney tissue, harvested after 10 days of RUUO. | RUUO-rep25 | 5 day Ob_10d	GSM2533502_S284L_10d_5O.txt.gz	https://ftp.ncbi.nlm.nih.gov/geo/samples/GSM2533nnn/GSM2533502/suppl/GSM2533502_S284L_10d_5O.txt.gz	normalized log10 ratio (Cy5/Cy3) representing test/reference	Mouse Universal Reference RNA	Cy5	Cy3
GSM2533503	S310	RUUO	5	10	Kidney Tissue from RUUO Mice Replicate_26	Biological replicate 26 of 36. Kidney tissue, harvested after 10 days of RUUO. | RUUO-rep26 | 5 day Ob_10d	GSM2533503_S310L_10d_5O.txt.gz	https://ftp.ncbi.nlm.nih.gov/geo/samples/GSM2533nnn/GSM2533503/suppl/GSM2533503_S310L_10d_5O.txt.gz	normalized log10 ratio (Cy5/Cy3) representing test/reference	Mouse Universal Reference RNA	Cy5	Cy3
GSM2533504	S314	RUUO	5	10	Kidney Tissue from RUUO Mice Replicate_27	Biological replicate 27 of 36. Kidney tissue, harvested after 10 days of RUUO. | RUUO-rep27 | 5 day Ob_10d	GSM2533504_S314L_10d_5O.txt.gz	https://ftp.ncbi.nlm.nih.gov/geo/samples/GSM2533nnn/GSM2533504/suppl/GSM2533504_S314L_10d_5O.txt.gz	normalized log10 ratio (Cy5/Cy3) representing test/reference	Mouse Universal Reference RNA	Cy5	Cy3
GSM2533505	S315	RUUO	5	10	Kidney Tissue from RUUO Mice Replicate_28	Biological replicate 28 of 36. Kidney tissue, harvested after 10 days of RUUO. | RUUO-rep28 | 5 day Ob_10d	GSM2533505_S315L_10d_5O.txt.gz	https://ftp.ncbi.nlm.nih.gov/geo/samples/GSM2533nnn/GSM2533505/suppl/GSM2533505_S315L_10d_5O.txt.gz	normalized log10 ratio (Cy5/Cy3) representing test/reference	Mouse Universal Reference RNA	Cy5	Cy3
GSM2533506	S316	RUUO	5	10	Kidney Tissue from RUUO Mice Replicate_29	Biological replicate 29 of 36. Kidney tissue, harvested after 10 days of RUUO. | RUUO-rep29 | 5 day Ob_10d	GSM2533506_S316L_10d_5O.txt.gz	https://ftp.ncbi.nlm.nih.gov/geo/samples/GSM2533nnn/GSM2533506/suppl/GSM2533506_S316L_10d_5O.txt.gz	normalized log10 ratio (Cy5/Cy3) representing test/reference	Mouse Universal Reference RNA	Cy5	Cy3
GSM2533507	S318	RUUO	5	10	Kidney Tissue from RUUO Mice Replicate_30	Biological replicate 30 of 36. Kidney tissue, harvested after 10 days of RUUO. | RUUO-rep30 | 5 day Ob_10d	GSM2533507_S318L_10d_5O.txt.gz	https://ftp.ncbi.nlm.nih.gov/geo/samples/GSM2533nnn/GSM2533507/suppl/GSM2533507_S318L_10d_5O.txt.gz	normalized log10 ratio (Cy5/Cy3) representing test/reference	Mouse Universal Reference RNA	Cy5	Cy3
GSM2533508	S320	RUUO	5	10	Kidney Tissue from RUUO Mice Replicate_31	Biological replicate 31 of 36. Kidney tissue, harvested after 10 days of RUUO. | RUUO-rep31 | 5 day Ob_10d	GSM2533508_S320L_10d_5O.txt.gz	https://ftp.ncbi.nlm.nih.gov/geo/samples/GSM2533nnn/GSM2533508/suppl/GSM2533508_S320L_10d_5O.txt.gz	normalized log10 ratio (Cy5/Cy3) representing test/reference	Mouse Universal Reference RNA	Cy5	Cy3
GSM2533509	S326	RUUO	5	28	Kidney Tissue from RUUO Mice Replicate_32	Biological replicate 32 of 36. Kidney tissue, harvested after 28 days of RUUO. | RUUO-rep32 | 5 day Ob_28d	GSM2533509_S326L_28d_5O.txt.gz	https://ftp.ncbi.nlm.nih.gov/geo/samples/GSM2533nnn/GSM2533509/suppl/GSM2533509_S326L_28d_5O.txt.gz	normalized log10 ratio (Cy5/Cy3) representing test/reference	Mouse Universal Reference RNA	Cy5	Cy3
GSM2533510	S329	RUUO	5	28	Kidney Tissue from RUUO Mice Replicate_33	Biological replicate 33 of 36. Kidney tissue, harvested after 28 days of RUUO. | RUUO-rep33 | 5 day Ob_28d	GSM2533510_S329L_28d_5O.txt.gz	https://ftp.ncbi.nlm.nih.gov/geo/samples/GSM2533nnn/GSM2533510/suppl/GSM2533510_S329L_28d_5O.txt.gz	normalized log10 ratio (Cy5/Cy3) representing test/reference	Mouse Universal Reference RNA	Cy5	Cy3
GSM2533511	S330	RUUO	5	28	Kidney Tissue from RUUO Mice Replicate_34	Biological replicate 34 of 36. Kidney tissue, harvested after 28 days of RUUO. | RUUO-rep34 | 5 day Ob_28d	GSM2533511_S330L_28d_5O.txt.gz	https://ftp.ncbi.nlm.nih.gov/geo/samples/GSM2533nnn/GSM2533511/suppl/GSM2533511_S330L_28d_5O.txt.gz	normalized log10 ratio (Cy5/Cy3) representing test/reference	Mouse Universal Reference RNA	Cy5	Cy3
GSM2533512	S334	RUUO	5	28	Kidney Tissue from RUUO Mice Replicate_35	Biological replicate 35 of 36. Kidney tissue, harvested after 28 days of RUUO. | RUUO-rep35 | 5 day Ob_28d	GSM2533512_S334L_28d_5O.txt.gz	https://ftp.ncbi.nlm.nih.gov/geo/samples/GSM2533nnn/GSM2533512/suppl/GSM2533512_S334L_28d_5O.txt.gz	normalized log10 ratio (Cy5/Cy3) representing test/reference	Mouse Universal Reference RNA	Cy5	Cy3
GSM2533513	S335	RUUO	5	28	Kidney Tissue from RUUO Mice Replicate_36	Biological replicate 36 of 36. Kidney tissue, harvested after 28 days of RUUO. | RUUO-rep36 | 5 day Ob_28d	GSM2533513_S335L_28d_5O.txt.gz	https://ftp.ncbi.nlm.nih.gov/geo/samples/GSM2533nnn/GSM2533513/suppl/GSM2533513_S335L_28d_5O.txt.gz	normalized log10 ratio (Cy5/Cy3) representing test/reference	Mouse Universal Reference RNA	Cy5	Cy3
GSM2533514	S200	Normal	0	-1	Kidney Tissue from Sham Mice Replicate_1	Biological replicate 1 of 39. Kidney tissue, harvested from normal mouse. | Sham-rep1 | Normal control	GSM2533514_S200L_0h_C.txt.gz	https://ftp.ncbi.nlm.nih.gov/geo/samples/GSM2533nnn/GSM2533514/suppl/GSM2533514_S200L_0h_C.txt.gz	normalized log10 ratio (Cy5/Cy3) representing test/reference	Mouse Universal Reference RNA	Cy5	Cy3
GSM2533515	S218	Normal	0	-1	Kidney Tissue from Sham Mice Replicate_2	Biological replicate 2 of 39. Kidney tissue, harvested from normal mouse. | Sham-rep2 | Normal control	GSM2533515_S218L_0h_C.txt.gz	https://ftp.ncbi.nlm.nih.gov/geo/samples/GSM2533nnn/GSM2533515/suppl/GSM2533515_S218L_0h_C.txt.gz	normalized log10 ratio (Cy5/Cy3) representing test/reference	Mouse Universal Reference RNA	Cy5	Cy3
GSM2533516	S226	Normal	0	-1	Kidney Tissue from Sham Mice Replicate_3	Biological replicate 3 of 39. Kidney tissue, harvested from normal mouse. | Sham-rep3 | Normal control	GSM2533516_S226L_0h_C.txt.gz	https://ftp.ncbi.nlm.nih.gov/geo/samples/GSM2533nnn/GSM2533516/suppl/GSM2533516_S226L_0h_C.txt.gz	normalized log10 ratio (Cy5/Cy3) representing test/reference	Mouse Universal Reference RNA	Cy5	Cy3
GSM2533517	S234	Normal	0	-1	Kidney Tissue from Sham Mice Replicate_4	Biological replicate 4 of 39. Kidney tissue, harvested from normal mouse. | Sham-rep4 | Normal control	GSM2533517_S234L_0h_C.txt.gz	https://ftp.ncbi.nlm.nih.gov/geo/samples/GSM2533nnn/GSM2533517/suppl/GSM2533517_S234L_0h_C.txt.gz	normalized log10 ratio (Cy5/Cy3) representing test/reference	Mouse Universal Reference RNA	Cy5	Cy3
GSM2533518	S172	Sham	1	0	Kidney Tissue from Sham Mice Replicate_5	Biological replicate 5 of 39. Kidney tissue, harvested at 0 day after 1 day  sham. | Sham-rep5 | 1 day Sham_0d	GSM2533518_S172L_0d_1C.txt.gz	https://ftp.ncbi.nlm.nih.gov/geo/samples/GSM2533nnn/GSM2533518/suppl/GSM2533518_S172L_0d_1C.txt.gz	normalized log10 ratio (Cy5/Cy3) representing test/reference	Mouse Universal Reference RNA	Cy5	Cy3
GSM2533519	S205	Sham	1	0	Kidney Tissue from Sham Mice Replicate_6	Biological replicate 6 of 39. Kidney tissue, harvested at 0 day after 1 day  sham. | Sham-rep6 | 1 day Sham_0d	GSM2533519_S205L_0d_1C.txt.gz	https://ftp.ncbi.nlm.nih.gov/geo/samples/GSM2533nnn/GSM2533519/suppl/GSM2533519_S205L_0d_1C.txt.gz	normalized log10 ratio (Cy5/Cy3) representing test/reference	Mouse Universal Reference RNA	Cy5	Cy3
GSM2533520	S231	Sham	1	0	Kidney Tissue from Sham Mice Replicate_7	Biological replicate 7 of 39. Kidney tissue, harvested at 0 day after 1 day  sham. | Sham-rep7 | 1 day Sham_0d	GSM2533520_S231L_0d_1C.txt.gz	https://ftp.ncbi.nlm.nih.gov/geo/samples/GSM2533nnn/GSM2533520/suppl/GSM2533520_S231L_0d_1C.txt.gz	normalized log10 ratio (Cy5/Cy3) representing test/reference	Mouse Universal Reference RNA	Cy5	Cy3
GSM2533521	S232	Sham	1	0	Kidney Tissue from Sham Mice Replicate_8	Biological replicate 8 of 39. Kidney tissue, harvested at 0 day after 1 day  sham. | Sham-rep8 | 1 day Sham_0d	GSM2533521_S232L_0d_1C.txt.gz	https://ftp.ncbi.nlm.nih.gov/geo/samples/GSM2533nnn/GSM2533521/suppl/GSM2533521_S232L_0d_1C.txt.gz	normalized log10 ratio (Cy5/Cy3) representing test/reference	Mouse Universal Reference RNA	Cy5	Cy3
GSM2533522	S239	Sham	1	0	Kidney Tissue from Sham Mice Replicate_9	Biological replicate 9 of 39. Kidney tissue, harvested at 0 day after 1 day  sham. | Sham-rep9 | 1 day Sham_0d	GSM2533522_S239L_0d_1C.txt.gz	https://ftp.ncbi.nlm.nih.gov/geo/samples/GSM2533nnn/GSM2533522/suppl/GSM2533522_S239L_0d_1C.txt.gz	normalized log10 ratio (Cy5/Cy3) representing test/reference	Mouse Universal Reference RNA	Cy5	Cy3
GSM2533523	S240	Sham	1	0	Kidney Tissue from Sham Mice Replicate_10	Biological replicate 10 of 39. Kidney tissue, harvested at 0 day after 1 day  sham. | Sham-rep10 | 1 day Sham_0d	GSM2533523_S240L_0d_1C.txt.gz	https://ftp.ncbi.nlm.nih.gov/geo/samples/GSM2533nnn/GSM2533523/suppl/GSM2533523_S240L_0d_1C.txt.gz	normalized log10 ratio (Cy5/Cy3) representing test/reference	Mouse Universal Reference RNA	Cy5	Cy3
GSM2533524	S254	Sham	1	10	Kidney Tissue from Sham Mice Replicate_11	Biological replicate 11 of 39. Kidney tissue, harvested at 10 day after 1 day  sham. | Sham-rep11 | 1 day Sham_10d	GSM2533524_S254L_10d_1C.txt.gz	https://ftp.ncbi.nlm.nih.gov/geo/samples/GSM2533nnn/GSM2533524/suppl/GSM2533524_S254L_10d_1C.txt.gz	normalized log10 ratio (Cy5/Cy3) representing test/reference	Mouse Universal Reference RNA	Cy5	Cy3
GSM2533525	S255	Sham	1	10	Kidney Tissue from Sham Mice Replicate_12	Biological replicate 12 of 39. Kidney tissue, harvested at 10 day after 1 day  sham. | Sham-rep12 | 1 day Sham_10d	GSM2533525_S255L_10d_1C.txt.gz	https://ftp.ncbi.nlm.nih.gov/geo/samples/GSM2533nnn/GSM2533525/suppl/GSM2533525_S255L_10d_1C.txt.gz	normalized log10 ratio (Cy5/Cy3) representing test/reference	Mouse Universal Reference RNA	Cy5	Cy3
GSM2533526	S259	Sham	1	10	Kidney Tissue from Sham Mice Replicate_13	Biological replicate 13 of 39. Kidney tissue, harvested at 10 day after 1 day  sham. | Sham-rep13 | 1 day Sham_10d	GSM2533526_S259L_10d_1C.txt.gz	https://ftp.ncbi.nlm.nih.gov/geo/samples/GSM2533nnn/GSM2533526/suppl/GSM2533526_S259L_10d_1C.txt.gz	normalized log10 ratio (Cy5/Cy3) representing test/reference	Mouse Universal Reference RNA	Cy5	Cy3
GSM2533527	S273	Sham	1	10	Kidney Tissue from Sham Mice Replicate_14	Biological replicate 14 of 39. Kidney tissue, harvested at 10 day after 1 day  sham. | Sham-rep14 | 1 day Sham_10d	GSM2533527_S273L_10d_1C.txt.gz	https://ftp.ncbi.nlm.nih.gov/geo/samples/GSM2533nnn/GSM2533527/suppl/GSM2533527_S273L_10d_1C.txt.gz	normalized log10 ratio (Cy5/Cy3) representing test/reference	Mouse Universal Reference RNA	Cy5	Cy3
GSM2533528	S298	Sham	1	10	Kidney Tissue from Sham Mice Replicate_15	Biological replicate 15 of 39. Kidney tissue, harvested at 10 day after 1 day  sham. | Sham-rep15 | 1 day Sham_10d	GSM2533528_S298L_10d_1C.txt.gz	https://ftp.ncbi.nlm.nih.gov/geo/samples/GSM2533nnn/GSM2533528/suppl/GSM2533528_S298L_10d_1C.txt.gz	normalized log10 ratio (Cy5/Cy3) representing test/reference	Mouse Universal Reference RNA	Cy5	Cy3
GSM2533529	S302	Sham	1	10	Kidney Tissue from Sham Mice Replicate_16	Biological replicate 16 of 39. Kidney tissue, harvested at 10 day after 1 day  sham. | Sham-rep16 | 1 day Sham_10d	GSM2533529_S302L_10d_1C.txt.gz	https://ftp.ncbi.nlm.nih.gov/geo/samples/GSM2533nnn/GSM2533529/suppl/GSM2533529_S302L_10d_1C.txt.gz	normalized log10 ratio (Cy5/Cy3) representing test/reference	Mouse Universal Reference RNA	Cy5	Cy3
GSM2533530	S257	Sham	1	28	Kidney Tissue from Sham Mice Replicate_17	Biological replicate 17 of 39. Kidney tissue, harvested at 28 day after 1 day  sham. | Sham-rep17 | 1 day Sham_28d	GSM2533530_S257L_28d_1C.txt.gz	https://ftp.ncbi.nlm.nih.gov/geo/samples/GSM2533nnn/GSM2533530/suppl/GSM2533530_S257L_28d_1C.txt.gz	normalized log10 ratio (Cy5/Cy3) representing test/reference	Mouse Universal Reference RNA	Cy5	Cy3
GSM2533531	S263	Sham	1	28	Kidney Tissue from Sham Mice Replicate_18	Biological replicate 18 of 39. Kidney tissue, harvested at 28 day after 1 day  sham. | Sham-rep18 | 1 day Sham_28d	GSM2533531_S263L_28d_1C.txt.gz	https://ftp.ncbi.nlm.nih.gov/geo/samples/GSM2533nnn/GSM2533531/suppl/GSM2533531_S263L_28d_1C.txt.gz	normalized log10 ratio (Cy5/Cy3) representing test/reference	Mouse Universal Reference RNA	Cy5	Cy3
GSM2533532	S265	Sham	1	28	Kidney Tissue from Sham Mice Replicate_19	Biological replicate 19 of 39. Kidney tissue, harvested at 28 day after 1 day  sham. | Sham-rep19 | 1 day Sham_28d	GSM2533532_S265L_28d_1C.txt.gz	https://ftp.ncbi.nlm.nih.gov/geo/samples/GSM2533nnn/GSM2533532/suppl/GSM2533532_S265L_28d_1C.txt.gz	normalized log10 ratio (Cy5/Cy3) representing test/reference	Mouse Universal Reference RNA	Cy5	Cy3
GSM2533533	S269	Sham	1	28	Kidney Tissue from Sham Mice Replicate_20	Biological replicate 20 of 39. Kidney tissue, harvested at 28 day after 1 day  sham. | Sham-rep20 | 1 day Sham_28d	GSM2533533_S269L_28d_1C.txt.gz	https://ftp.ncbi.nlm.nih.gov/geo/samples/GSM2533nnn/GSM2533533/suppl/GSM2533533_S269L_28d_1C.txt.gz	normalized log10 ratio (Cy5/Cy3) representing test/reference	Mouse Universal Reference RNA	Cy5	Cy3
GSM2533534	S271	Sham	1	28	Kidney Tissue from Sham Mice Replicate_21	Biological replicate 21 of 39. Kidney tissue, harvested at 28 day after 1 day  sham. | Sham-rep21 | 1 day Sham_28d	GSM2533534_S271L_28d_1C.txt.gz	https://ftp.ncbi.nlm.nih.gov/geo/samples/GSM2533nnn/GSM2533534/suppl/GSM2533534_S271L_28d_1C.txt.gz	normalized log10 ratio (Cy5/Cy3) representing test/reference	Mouse Universal Reference RNA	Cy5	Cy3
GSM2533535	S307	Sham	1	28	Kidney Tissue from Sham Mice Replicate_22	Biological replicate 22 of 39. Kidney tissue, harvested at 28 day after 1 day  sham. | Sham-rep22 | 1 day Sham_28d	GSM2533535_S307L_28d_1C.txt.gz	https://ftp.ncbi.nlm.nih.gov/geo/samples/GSM2533nnn/GSM2533535/suppl/GSM2533535_S307L_28d_1C.txt.gz	normalized log10 ratio (Cy5/Cy3) representing test/reference	Mouse Universal Reference RNA	Cy5	Cy3
GSM2533536	S157	Sham	5	0	Kidney Tissue from Sham Mice Replicate_23	Biological replicate 23 of 39. Kidney tissue, harvested at 0 day after 5 day  sham. | Sham-rep23 | 5 day Sham_0d	GSM2533536_S157L_0d_5C.txt.gz	https://ftp.ncbi.nlm.nih.gov/geo/samples/GSM2533nnn/GSM2533536/suppl/GSM2533536_S157L_0d_5C.txt.gz	normalized log10 ratio (Cy5/Cy3) representing test/reference	Mouse Universal Reference RNA	Cy5	Cy3
GSM2533537	S196	Sham	5	0	Kidney Tissue from Sham Mice Replicate_24	Biological replicate 24 of 39. Kidney tissue, harvested at 0 day after 5 day  sham. | Sham-rep24 | 5 day Sham_0d	GSM2533537_S196L_0d_5C.txt.gz	https://ftp.ncbi.nlm.nih.gov/geo/samples/GSM2533nnn/GSM2533537/suppl/GSM2533537_S196L_0d_5C.txt.gz	normalized log10 ratio (Cy5/Cy3) representing test/reference	Mouse Universal Reference RNA	Cy5	Cy3
GSM2533538	S216	Sham	5	0	Kidney Tissue from Sham Mice Replicate_25	Biological replicate 25 of 39. Kidney tissue, harvested at 0 day after 5 day  sham. | Sham-rep25 | 5 day Sham_0d	GSM2533538_S216L_0d_5C.txt.gz	https://ftp.ncbi.nlm.nih.gov/geo/samples/GSM2533nnn/GSM2533538/suppl/GSM2533538_S216L_0d_5C.txt.gz	normalized log10 ratio (Cy5/Cy3) representing test/reference	Mouse Universal Reference RNA	Cy5	Cy3
GSM2533539	S217	Sham	5	0	Kidney Tissue from Sham Mice Replicate_26	Biological replicate 26 of 39. Kidney tissue, harvested at 0 day after 5 day  sham. | Sham-rep26 | 5 day Sham_0d	GSM2533539_S217L_0d_5C.txt.gz	https://ftp.ncbi.nlm.nih.gov/geo/samples/GSM2533nnn/GSM2533539/suppl/GSM2533539_S217L_0d_5C.txt.gz	normalized log10 ratio (Cy5/Cy3) representing test/reference	Mouse Universal Reference RNA	Cy5	Cy3
GSM2533540	S246	Sham	5	0	Kidney Tissue from Sham Mice Replicate_27	Biological replicate 27 of 39. Kidney tissue, harvested at 0 day after 5 day  sham. | Sham-rep27 | 5 day Sham_0d	GSM2533540_S246L_0d_5C.txt.gz	https://ftp.ncbi.nlm.nih.gov/geo/samples/GSM2533nnn/GSM2533540/suppl/GSM2533540_S246L_0d_5C.txt.gz	normalized log10 ratio (Cy5/Cy3) representing test/reference	Mouse Universal Reference RNA	Cy5	Cy3
GSM2533541	S274	Sham	5	10	Kidney Tissue from Sham Mice Replicate_28	Biological replicate 28 of 39. Kidney tissue, harvested at 10 day after 5 day  sham. | Sham-rep28 | 5 day Sham_10d	GSM2533541_S274L_10d_5C.txt.gz	https://ftp.ncbi.nlm.nih.gov/geo/samples/GSM2533nnn/GSM2533541/suppl/GSM2533541_S274L_10d_5C.txt.gz	normalized log10 ratio (Cy5/Cy3) representing test/reference	Mouse Universal Reference RNA	Cy5	Cy3
GSM2533542	S277	Sham	5	10	Kidney Tissue from Sham Mice Replicate_29	Biological replicate 29 of 39. Kidney tissue, harvested at 10 day after 5 day  sham. | Sham-rep29 | 5 day Sham_10d	GSM2533542_S277L_10d_5C.txt.gz	https://ftp.ncbi.nlm.nih.gov/geo/samples/GSM2533nnn/GSM2533542/suppl/GSM2533542_S277L_10d_5C.txt.gz	normalized log10 ratio (Cy5/Cy3) representing test/reference	Mouse Universal Reference RNA	Cy5	Cy3
GSM2533543	S282	Sham	5	10	Kidney Tissue from Sham Mice Replicate_30	Biological replicate 30 of 39. Kidney tissue, harvested at 10 day after 5 day  sham. | Sham-rep30 | 5 day Sham_10d	GSM2533543_S282L_10d_5C.txt.gz	https://ftp.ncbi.nlm.nih.gov/geo/samples/GSM2533nnn/GSM2533543/suppl/GSM2533543_S282L_10d_5C.txt.gz	normalized log10 ratio (Cy5/Cy3) representing test/reference	Mouse Universal Reference RNA	Cy5	Cy3
GSM2533544	S283	Sham	5	10	Kidney Tissue from Sham Mice Replicate_31	Biological replicate 31 of 39. Kidney tissue, harvested at 10 day after 5 day  sham. | Sham-rep31 | 5 day Sham_10d	GSM2533544_S283L_10d_5C.txt.gz	https://ftp.ncbi.nlm.nih.gov/geo/samples/GSM2533nnn/GSM2533544/suppl/GSM2533544_S283L_10d_5C.txt.gz	normalized log10 ratio (Cy5/Cy3) representing test/reference	Mouse Universal Reference RNA	Cy5	Cy3
GSM2533545	S285	Sham	5	10	Kidney Tissue from Sham Mice Replicate_32	Biological replicate 32 of 39. Kidney tissue, harvested at 10 day after 5 day  sham. | Sham-rep32 | 5 day Sham_10d	GSM2533545_S285L_10d_5C.txt.gz	https://ftp.ncbi.nlm.nih.gov/geo/samples/GSM2533nnn/GSM2533545/suppl/GSM2533545_S285L_10d_5C.txt.gz	normalized log10 ratio (Cy5/Cy3) representing test/reference	Mouse Universal Reference RNA	Cy5	Cy3
GSM2533546	S286	Sham	5	10	Kidney Tissue from Sham Mice Replicate_33	Biological replicate 33 of 39. Kidney tissue, harvested at 10 day after 5 day  sham. | Sham-rep33 | 5 day Sham_10d	GSM2533546_S286L_10d_5C.txt.gz	https://ftp.ncbi.nlm.nih.gov/geo/samples/GSM2533nnn/GSM2533546/suppl/GSM2533546_S286L_10d_5C.txt.gz	normalized log10 ratio (Cy5/Cy3) representing test/reference	Mouse Universal Reference RNA	Cy5	Cy3
GSM2533547	S287	Sham	5	28	Kidney Tissue from Sham Mice Replicate_34	Biological replicate 34 of 39. Kidney tissue, harvested at 28 day after 5 day  sham. | Sham-rep34 | 5 day Sham_28d	GSM2533547_S287L_28d_5C.txt.gz	https://ftp.ncbi.nlm.nih.gov/geo/samples/GSM2533nnn/GSM2533547/suppl/GSM2533547_S287L_28d_5C.txt.gz	normalized log10 ratio (Cy5/Cy3) representing test/reference	Mouse Universal Reference RNA	Cy5	Cy3
GSM2533548	S288	Sham	5	28	Kidney Tissue from Sham Mice Replicate_35	Biological replicate 35 of 39. Kidney tissue, harvested at 28 day after 5 day  sham. | Sham-rep35 | 5 day Sham_28d	GSM2533548_S288L_28d_5C.txt.gz	https://ftp.ncbi.nlm.nih.gov/geo/samples/GSM2533nnn/GSM2533548/suppl/GSM2533548_S288L_28d_5C.txt.gz	normalized log10 ratio (Cy5/Cy3) representing test/reference	Mouse Universal Reference RNA	Cy5	Cy3
GSM2533549	S289	Sham	5	28	Kidney Tissue from Sham Mice Replicate_36	Biological replicate 36 of 39. Kidney tissue, harvested at 28 day after 5 day  sham. | Sham-rep36 | 5 day Sham_28d	GSM2533549_S289L_28d_5C.txt.gz	https://ftp.ncbi.nlm.nih.gov/geo/samples/GSM2533nnn/GSM2533549/suppl/GSM2533549_S289L_28d_5C.txt.gz	normalized log10 ratio (Cy5/Cy3) representing test/reference	Mouse Universal Reference RNA	Cy5	Cy3
GSM2533550	S293	Sham	5	28	Kidney Tissue from Sham Mice Replicate_37	Biological replicate 37 of 39. Kidney tissue, harvested at 28 day after 5 day  sham. | Sham-rep37 | 5 day Sham_28d	GSM2533550_S293L_28d_5C.txt.gz	https://ftp.ncbi.nlm.nih.gov/geo/samples/GSM2533nnn/GSM2533550/suppl/GSM2533550_S293L_28d_5C.txt.gz	normalized log10 ratio (Cy5/Cy3) representing test/reference	Mouse Universal Reference RNA	Cy5	Cy3
GSM2533551	S295	Sham	5	28	Kidney Tissue from Sham Mice Replicate_38	Biological replicate 38 of 39. Kidney tissue, harvested at 28 day after 5 day  sham. | Sham-rep38 | 5 day Sham_28d	GSM2533551_S295L_28d_5C.txt.gz	https://ftp.ncbi.nlm.nih.gov/geo/samples/GSM2533nnn/GSM2533551/suppl/GSM2533551_S295L_28d_5C.txt.gz	normalized log10 ratio (Cy5/Cy3) representing test/reference	Mouse Universal Reference RNA	Cy5	Cy3
GSM2533552	S297	Sham	5	28	Kidney Tissue from Sham Mice Replicate_39	Biological replicate 39 of 39. Kidney tissue, harvested at 28 day after 5 day  sham. | Sham-rep39 | 5 day Sham_28d	GSM2533552_S297L_28d_5C.txt.gz	https://ftp.ncbi.nlm.nih.gov/geo/samples/GSM2533nnn/GSM2533552/suppl/GSM2533552_S297L_28d_5C.txt.gz	normalized log10 ratio (Cy5/Cy3) representing test/reference	Mouse Universal Reference RNA	Cy5	Cy3
