sample	raw_median	normalized_median	normalized_min	normalized_max
GSM2533478	44	7.64472474278259	5.68168088469749	18.7834077652184
GSM2533479	45	7.56371702061954	5.68168088469749	18.7834077652184
GSM2533480	46.5	7.55948557607952	5.68168088469749	18.7834077652184
GSM2533481	45	7.58382963210106	5.68168088469749	18.7834077652184
GSM2533482	102.5	7.57351814319024	5.68168088469749	18.7834077652184
GSM2533483	93	7.57224651233782	5.69566175257441	18.7834077652184
GSM2533484	158	7.57335928421264	5.68168088469749	18.7834077652184
GSM2533485	113	7.57254009564595	5.68168088469749	18.7834077652184
GSM2533486	122	7.57235327681697	5.68168088469749	18.7834077652184
GSM2533487	300.5	7.57178486860415	5.68168088469749	18.7834077652184
GSM2533488	92	7.57045546160215	5.68168088469749	18.7834077652184
GSM2533489	128	7.57277239125207	5.68168088469749	18.7834077652184
GSM2533490	127	7.57346596637757	5.68168088469749	18.7834077652184
GSM2533491	80.5	7.57504817194321	5.68168088469749	18.7834077652184
GSM2533492	88	7.57382256687129	5.68168088469749	18.7834077652184
GSM2533493	87	7.57224651233782	5.68168088469749	18.7834077652184
GSM2533494	82	7.57499489031401	5.68168088469749	18.7834077652184
GSM2533495	124	7.57235327681697	5.68168088469749	18.7834077652184
GSM2533496	136.5	7.57119963704049	5.68168088469749	18.7834077652184
GSM2533497	120.5	7.57146672714825	5.69566175257441	18.7834077652184
GSM2533498	148	7.5721665145742	5.68168088469749	18.7834077652184
GSM2533499	128	7.57251340872289	5.68168088469749	18.7834077652184
GSM2533500	110	7.57224651233782	5.68168088469749	18.7834077652184
GSM2533501	103.5	7.57178486860415	5.68168088469749	18.7834077652184
GSM2533502	87.5	7.56935400149227	5.69566175257441	18.7834077652184
GSM2533503	95	7.57030683687872	5.68168088469749	18.7834077652184
GSM2533504	96	7.57229989556502	5.68168088469749	18.7834077652184
GSM2533505	82	7.57492896553566	5.68168088469749	18.7834077652184
GSM2533506	85	7.570907636842	5.68168088469749	18.7834077652184
GSM2533507	92	7.57492896553566	5.68168088469749	18.7834077652184
GSM2533508	93	7.57034106063454	5.69566175257441	18.7834077652184
GSM2533509	88	7.57152013923666	5.68168088469749	18.7834077652184
GSM2533510	86	7.57595365869628	5.68168088469749	18.7834077652184
GSM2533511	72	7.57256678207537	5.68168088469749	18.7834077652184
GSM2533512	105.5	7.57224651233782	5.68168088469749	18.7834077652184
GSM2533513	86	7.57193012608938	5.68168088469749	18.7834077652184
GSM2533518	46	7.52279405907022	5.68168088469749	18.7834077652184
GSM2533519	48	7.60791362715132	5.68168088469749	18.7834077652184
GSM2533520	135	7.57227320419833	5.68168088469749	18.7834077652184
GSM2533521	127	7.57224651233782	5.68168088469749	18.7834077652184
GSM2533522	118	7.57152013923666	5.68168088469749	18.7834077652184
GSM2533523	128	7.57287911682288	5.68168088469749	18.7834077652184
GSM2533524	129	7.57229989556502	5.69566175257441	18.7834077652184
GSM2533525	152	7.57229989556502	5.68168088469749	18.7834077652184
GSM2533526	269	7.57229989556502	5.68168088469749	18.7834077652184
GSM2533527	155	7.57367141369105	5.68168088469749	18.7834077652184
GSM2533528	85	7.57374030301666	5.68168088469749	18.7834077652184
GSM2533529	91	7.57224651233782	5.68168088469749	18.7834077652184
GSM2533530	124	7.57390255354557	5.69566175257441	18.7834077652184
GSM2533531	130	7.57327926741161	5.68168088469749	18.7834077652184
GSM2533532	130	7.57146672714825	5.68168088469749	18.7834077652184
GSM2533533	120	7.57319924617234	5.68168088469749	18.7834077652184
GSM2533534	145	7.57138660530774	5.68168088469749	18.7834077652184
GSM2533535	77	7.57369807920217	5.68168088469749	18.7834077652184
GSM2533536	99	7.57114621308478	5.68168088469749	18.7834077652184
GSM2533537	120	7.57256678207537	5.68168088469749	18.7834077652184
GSM2533538	106.5	7.5710412151089	5.68168088469749	18.7834077652184
GSM2533539	94	7.57224651233782	5.68168088469749	18.7834077652184
GSM2533540	97.5	7.5743823804857	5.68168088469749	18.7834077652184
GSM2533541	116	7.57229989556502	5.68168088469749	18.7834077652184
GSM2533542	74	7.57125305901796	5.68168088469749	18.7834077652184
GSM2533543	87	7.57229989556502	5.68168088469749	18.7834077652184
GSM2533544	83.5	7.57346596637757	5.68168088469749	18.7834077652184
GSM2533545	92.5	7.57074968380652	5.69566175257441	18.7834077652184
GSM2533546	102.5	7.57178486860415	5.69566175257441	18.7834077652184
GSM2533547	103	7.57067608671606	5.68168088469749	18.7834077652184
GSM2533548	105	7.57187672917781	5.68168088469749	18.7834077652184
GSM2533549	101.5	7.57114621308478	5.68168088469749	18.7834077652184
GSM2533550	95	7.57074968380652	5.68168088469749	18.7834077652184
GSM2533551	92	7.57114621308478	5.68168088469749	18.7834077652184
GSM2533552	84	7.57203501761862	5.68168088469749	18.7834077652184
