probe	mouse_symbol
A_51_P151484	Atp1b1
A_51_P171332	Cldn19
A_51_P197499	Bsnd
A_51_P222543	Atp2b1
A_51_P230799	Atp2b1
A_51_P239601	Trpv5
A_51_P243073	Trpm6
A_51_P277373	Slc8a1
A_51_P281586	Cnnm2
A_51_P300817	Atp1a1
A_51_P335801	Calb1
A_51_P352572	Clcnkb
A_51_P357773	Kcnj16
A_51_P428512	Cldn16
A_51_P442227	Slc12a1
A_51_P445985	Slc12a3
A_52_P152274	Clcnka
A_52_P184322	Trpm6
A_52_P231461	Slc8a1
A_52_P23661	Cldn19
A_52_P244931	Slc8a1
A_52_P260659	Kcnj10
A_52_P26118	Slc12a1
A_52_P313284	Slc8a1
A_52_P348986	Atp2b1
A_52_P351913	Atp2b1
A_52_P499907	Kcnj1
A_52_P515497	Atp1a1
A_52_P550325	Kcnj16
A_52_P550331	Kcnj16
A_52_P562704	Slc8a1
A_52_P611783	Fxyd2
