entity	analysis	contrast	duration_days	recovery_days	kind	status	n_groups	effect	se	df	ci_low	ci_high	p	acquisition_caveat	fdr	family_slots
ATP1A1	primary	d1_r0_vs_sham	1	0	same_time	tested	6;6	-0.22583912478097545	0.11589760743676521	8.410425644611033	-0.49084624368127217	0.03916799411932126	0.08541049518652878		0.1909175774757702	190
ATP1A1	primary	d1_r10_vs_sham	1	10	same_time	tested	5;6	0.0062894845250980325	0.20055764506079055	4.419271341669765	-0.5303192596078188	0.5428982286580148	0.9763484957965344		1.0	190
ATP1A1	primary	d1_r28_vs_sham	1	28	same_time	tested	6;6	0.024729559573859916	0.15165008448662484	8.230438789045662	-0.323279182945817	0.3727383020935368	0.8743965114521798		1.0	190
ATP1A1	primary	d1_r28_vs_r0	1	28	late_vs_acute	tested	6;6	0.384490539385979	0.16268563992787255	9.311859937105403	0.018340316490076114	0.7506407622818818	0.04147606012113695	era_confounded	0.11761867795546299	190
ATP1A1	primary	d1_sham_adjusted_change	1	28	difference_in_differences	tested	6;6;6;6	0.25056868435483537	0.19086645471210226	15.483480082830646	-0.15514990815981516	0.6562872768694858	0.20837778157947023	untestable_group_by_era_assumption	0.3700166214962556	190
ATP1A1	primary	d5_r0_vs_sham	5	0	same_time	tested	6;5	-0.26351979875133047	0.1565357743023565	7.218071214470794	-0.6314131390803338	0.10437354157767287	0.1348675378352537		0.25986201563928973	190
ATP1A1	primary	d5_r10_vs_sham	5	10	same_time	tested	8;6	-0.32478166959765886	0.15606855279581247	10.156299273924457	-0.6718000450371472	0.022236705841829463	0.06366444586602824		0.15120305893181707	190
ATP1A1	primary	d5_r28_vs_sham	5	28	same_time	tested	5;6	-0.15697444424251472	0.18490211869354325	5.019020236768915	-0.6317392121315144	0.3177903236464849	0.4345164136729534		0.625440292408039	190
ATP1A1	primary	d5_r28_vs_r0	5	28	late_vs_acute	tested	5;6	0.6013768326360687	0.19464952927066748	5.948082498937149	0.12407704158665256	1.0786766236854848	0.02164266122675979	era_confounded	0.07758689873744076	190
ATP1A1	primary	d5_sham_adjusted_change	5	28	difference_in_differences	tested	5;6;6;5	0.10654535450881575	0.24226481819240583	10.89873262156666	-0.42728101993970136	0.6403717289573329	0.6686836061494746	untestable_group_by_era_assumption	0.8526837930765113	190
ATP1B1	primary	d1_r0_vs_sham	1	0	same_time	tested	6;6	-0.2846193337234002	0.07580837473362528	6.003440308345402	-0.4700899799596234	-0.099148687487177	0.009450017092436487		0.03664292341965168	190
ATP1B1	primary	d1_r10_vs_sham	1	10	same_time	tested	5;6	-0.05093918038125267	0.15430520712333817	8.260738346095643	-0.4048221291479869	0.30294376838548154	0.7495261879557042		0.9187740368489278	190
ATP1B1	primary	d1_r28_vs_sham	1	28	same_time	tested	6;6	0.03825215941243343	0.11019535825218893	8.957751554299742	-0.21120639368327257	0.2877107125081394	0.736509308655982		0.9187740368489278	190
ATP1B1	primary	d1_r28_vs_r0	1	28	late_vs_acute	tested	6;6	0.5096224815467814	0.09601268476303845	9.82857510145082	0.29518604294673456	0.7240589201468282	0.00036417456339696167	era_confounded	0.003008398567192292	190
ATP1B1	primary	d1_sham_adjusted_change	1	28	difference_in_differences	tested	6;6;6;6	0.32287149313583363	0.13375323046596677	14.572699556609036	0.03705342634908443	0.6086895599225828	0.029445704408340972	untestable_group_by_era_assumption	0.09023683609007717	190
ATP1B1	primary	d5_r0_vs_sham	5	0	same_time	tested	6;5	-0.27744997542748706	0.14458201787142755	8.389086121722956	-0.6081841718181249	0.05328422096315083	0.08956443771463789		0.19560049615840458	190
ATP1B1	primary	d5_r10_vs_sham	5	10	same_time	tested	8;6	-0.44766527940366885	0.09714174740422375	9.523131956846141	-0.6655887496642501	-0.2297418091430876	0.0010997022726119106		0.007462265421295108	190
ATP1B1	primary	d5_r28_vs_sham	5	28	same_time	tested	5;6	-0.2067819727264677	0.08223753603376109	6.061033125392663	-0.4075198089089842	-0.006044136543951167	0.04523623826409719		0.12456355464026761	190
ATP1B1	primary	d5_r28_vs_r0	5	28	late_vs_acute	tested	5;6	0.3278993236549468	0.11897956953024477	8.840208242668195	0.05800540357268963	0.597793243737204	0.02262592765371537	era_confounded	0.07829387429631189	190
ATP1B1	primary	d5_sham_adjusted_change	5	28	difference_in_differences	tested	5;6;6;5	0.07066800270101936	0.16633391784202628	12.835801824294615	-0.28914241660704676	0.4304784220090855	0.6779767716262236	untestable_group_by_era_assumption	0.8558372981878973	190
ATP2B1	primary	d1_r0_vs_sham	1	0	same_time	tested	6;6	-0.11334392214951983	0.23162395665543703	5.483944214897349	-0.6932902113465109	0.46660236704747127	0.6435476438821386		0.8374935091616873	190
ATP2B1	primary	d1_r10_vs_sham	1	10	same_time	tested	5;6	0.11445376740203894	0.09438370083386004	8.956141840970153	-0.0992164843912072	0.3281240191952851	0.256281780849567		0.4309162686851127	190
ATP2B1	primary	d1_r28_vs_sham	1	28	same_time	tested	6;6	0.007945870760894813	0.05494790927269657	9.898015304241426	-0.11465690802441598	0.1305486495462056	0.8879229553205026		1.0	190
ATP2B1	primary	d1_r28_vs_r0	1	28	late_vs_acute	tested	6;6	-0.04314043187997818	0.2291811567582631	5.264903180539876	-0.6234643809536218	0.5371835171936654	0.8577326015694584	era_confounded	1.0	190
ATP2B1	primary	d1_sham_adjusted_change	1	28	difference_in_differences	tested	6;6;6;6	0.12128979291041375	0.23805236825152626	6.107841218120045	-0.458719411302995	0.7012989971238225	0.6282764305206238	untestable_group_by_era_assumption	0.828975845825823	190
ATP2B1	primary	d5_r0_vs_sham	5	0	same_time	tested	6;5	0.21206373832340297	0.09585055376396237	8.526588439040712	-0.006614360874962866	0.4307418375217688	0.05583790961642931		0.13913443664858546	190
ATP2B1	primary	d5_r10_vs_sham	5	10	same_time	tested	8;6	0.06698689983815598	0.07159329888784548	9.682464375063345	-0.09324487638759979	0.22721867606391175	0.3721973428654936		0.5703023801971273	190
ATP2B1	primary	d5_r28_vs_sham	5	28	same_time	tested	5;6	0.06819198324709408	0.092103523816276	4.918205161787227	-0.1697569060724185	0.30614087256660666	0.4928738670378395		0.6785944546173152	190
ATP2B1	primary	d5_r28_vs_r0	5	28	late_vs_acute	tested	5;6	-0.2870450917473466	0.10788306544026763	7.642325090897565	-0.5378652079788142	-0.036224975515879	0.02995956622627614	era_confounded	0.09035424734908677	190
ATP2B1	primary	d5_sham_adjusted_change	5	28	difference_in_differences	tested	5;6;6;5	-0.143871755076308	0.13293001074337413	12.728443617383522	-0.43167363934802716	0.14393012919541115	0.29919222492158787	untestable_group_by_era_assumption	0.4870054135871811	190
BSND	primary	d1_r0_vs_sham	1	0	same_time	tested	6;6	-0.9870244930497618	0.1483438704776466	9.788764551997316	-1.3185246098248358	-0.6555243762746878	6.29063954747307e-05		0.0005432825063726742	190
BSND	primary	d1_r10_vs_sham	1	10	same_time	tested	5;6	-0.1436287477677496	0.21966160020322018	7.580289394478509	-0.6550929535514435	0.3678354580159443	0.5325284398213728		0.7175915146529137	190
BSND	primary	d1_r28_vs_sham	1	28	same_time	tested	6;6	0.348712946801764	0.1632973443442354	7.848707739528805	-0.02911862502453172	0.7265445186280597	0.06589216656192948		0.15456187218230372	190
BSND	primary	d1_r28_vs_r0	1	28	late_vs_acute	tested	6;6	0.7323584963234326	0.1723369238236151	8.807829276097356	0.3412048302473923	1.123512162399473	0.0022511960417796037	era_confounded	0.013366476498066398	190
BSND	primary	d1_sham_adjusted_change	1	28	difference_in_differences	tested	6;6;6;6	1.3357374398515258	0.22061714932925902	16.912790905245327	0.8700930433808602	1.8013818363221914	1.3168291339509189e-05	untestable_group_by_era_assumption	0.00016679835696711639	190
BSND	primary	d5_r0_vs_sham	5	0	same_time	tested	6;5	-0.2269618370147155	0.2445580544711242	4.204680477600268	-0.8931248526426557	0.4392011786132247	0.40352036006476816		0.6036918772622516	190
BSND	primary	d5_r10_vs_sham	5	10	same_time	tested	8;6	-0.12143199848098973	0.136268561715668	7.832797015170776	-0.43683929347823514	0.19397529651625567	0.39940813675556147		0.6022821109806086	190
BSND	primary	d5_r28_vs_sham	5	28	same_time	tested	5;6	0.01965715297307291	0.25192692580118214	4.739387580624404	-0.6388004752737872	0.6781147812199331	0.9409926638000009		1.0	190
BSND	primary	d5_r28_vs_r0	5	28	late_vs_acute	tested	5;6	0.595729385057612	0.24412797114271675	4.205421902274102	-0.06921861999758083	1.2606773901128048	0.06810094461741227	era_confounded	0.15779487167449185	190
BSND	primary	d5_sham_adjusted_change	5	28	difference_in_differences	tested	5;6;6;5	0.24661898998778842	0.3511065621009321	8.935939833292073	-0.5485080342783396	1.0417460142539166	0.5003127605016909	untestable_group_by_era_assumption	0.6838807517649013	190
CALB1	primary	d1_r0_vs_sham	1	0	same_time	tested	6;6	-3.6055122947417892	0.1351127823933164	7.944424329693014	-3.9174627280809178	-3.2935618614026607	4.628090733747051e-09		4.3966861970596987e-07	190
CALB1	primary	d1_r10_vs_sham	1	10	same_time	tested	5;6	0.35314665376571064	0.21849595189835047	8.216591391805478	-0.14840339536346014	0.8546967028948814	0.14370440310976607		0.2730383659085555	190
CALB1	primary	d1_r28_vs_sham	1	28	same_time	tested	6;6	-0.026994890573325492	0.2019096729958048	9.338549091440061	-0.4812346102773309	0.4272448291306799	0.896478547981963		1.0	190
CALB1	primary	d1_r28_vs_r0	1	28	late_vs_acute	tested	6;6	2.9515046782567644	0.1694979842499816	9.982926908046883	2.573752065986317	3.3292572905272118	8.457390904995403e-09	era_confounded	5.356347573163755e-07	190
CALB1	primary	d1_sham_adjusted_change	1	28	difference_in_differences	tested	6;6;6;6	3.5785174041684638	0.24294645503759982	15.840808036148058	3.0630729615457626	4.093961846791165	1.158643921762168e-10	untestable_group_by_era_assumption	2.2014234513481193e-08	190
CALB1	primary	d5_r0_vs_sham	5	0	same_time	tested	6;5	-3.3807916923650083	0.19874441259289394	5.32676436024825	-3.8823965143392165	-2.8791868703908	7.57342455891869e-06		0.00011991255551621259	190
CALB1	primary	d5_r10_vs_sham	5	10	same_time	tested	8;6	-0.8396688476950498	0.3850028936279164	9.386432542972186	-1.7051707168683836	0.025833021478284035	0.05587906644043249		0.13913443664858546	190
CALB1	primary	d5_r28_vs_sham	5	28	same_time	tested	5;6	-0.5658730277430131	0.3616820745300951	7.120654398672532	-1.4181863013356857	0.28644024584965966	0.16094208057188084		0.30213422538386714	190
CALB1	primary	d5_r28_vs_r0	5	28	late_vs_acute	tested	5;6	2.694803678165062	0.3117353532865929	4.494933941905815	1.865607575995511	3.5239997803346133	0.0005750575889418631	era_confounded	0.00437043767595816	190
CALB1	primary	d5_sham_adjusted_change	5	28	difference_in_differences	tested	5;6;6;5	2.8149186646219952	0.4126902768097253	10.758778609123494	1.904102586723997	3.7257347425199936	3.21140521206725e-05	untestable_group_by_era_assumption	0.00032494977461696253	190
CLCNKA	primary	d1_r0_vs_sham	1	0	same_time	orthology_ambiguous	0;0									190
CLCNKA	primary	d1_r10_vs_sham	1	10	same_time	orthology_ambiguous	0;0									190
CLCNKA	primary	d1_r28_vs_sham	1	28	same_time	orthology_ambiguous	0;0									190
CLCNKA	primary	d1_r28_vs_r0	1	28	late_vs_acute	orthology_ambiguous	0;0							era_confounded		190
CLCNKA	primary	d1_sham_adjusted_change	1	28	difference_in_differences	orthology_ambiguous	0;0;0;0							untestable_group_by_era_assumption		190
CLCNKA	primary	d5_r0_vs_sham	5	0	same_time	orthology_ambiguous	0;0									190
CLCNKA	primary	d5_r10_vs_sham	5	10	same_time	orthology_ambiguous	0;0									190
CLCNKA	primary	d5_r28_vs_sham	5	28	same_time	orthology_ambiguous	0;0									190
CLCNKA	primary	d5_r28_vs_r0	5	28	late_vs_acute	orthology_ambiguous	0;0							era_confounded		190
CLCNKA	primary	d5_sham_adjusted_change	5	28	difference_in_differences	orthology_ambiguous	0;0;0;0							untestable_group_by_era_assumption		190
CLCNKB	primary	d1_r0_vs_sham	1	0	same_time	orthology_ambiguous	0;0									190
CLCNKB	primary	d1_r10_vs_sham	1	10	same_time	orthology_ambiguous	0;0									190
CLCNKB	primary	d1_r28_vs_sham	1	28	same_time	orthology_ambiguous	0;0									190
CLCNKB	primary	d1_r28_vs_r0	1	28	late_vs_acute	orthology_ambiguous	0;0							era_confounded		190
CLCNKB	primary	d1_sham_adjusted_change	1	28	difference_in_differences	orthology_ambiguous	0;0;0;0							untestable_group_by_era_assumption		190
CLCNKB	primary	d5_r0_vs_sham	5	0	same_time	orthology_ambiguous	0;0									190
CLCNKB	primary	d5_r10_vs_sham	5	10	same_time	orthology_ambiguous	0;0									190
CLCNKB	primary	d5_r28_vs_sham	5	28	same_time	orthology_ambiguous	0;0									190
CLCNKB	primary	d5_r28_vs_r0	5	28	late_vs_acute	orthology_ambiguous	0;0							era_confounded		190
CLCNKB	primary	d5_sham_adjusted_change	5	28	difference_in_differences	orthology_ambiguous	0;0;0;0							untestable_group_by_era_assumption		190
CLDN16	primary	d1_r0_vs_sham	1	0	same_time	tested	6;6	-0.46696966187412503	0.22736190848742446	8.613820513305356	-0.9848345432324178	0.05089521948416775	0.07156729995487505		0.1638287589328465	190
CLDN16	primary	d1_r10_vs_sham	1	10	same_time	tested	5;6	-0.23647999953472443	0.156744931203465	6.168450254519093	-0.6174963845319446	0.1445363854624957	0.18077973771469383		0.32712523967420787	190
CLDN16	primary	d1_r28_vs_sham	1	28	same_time	tested	6;6	0.13664042027947332	0.11030245655375544	7.956928579691639	-0.11795736060300832	0.39123820116195496	0.2507230917750379		0.42533381640408213	190
CLDN16	primary	d1_r28_vs_r0	1	28	late_vs_acute	tested	6;6	0.6114661400071997	0.2130284274100928	7.378576181197245	0.11292619786547048	1.1100060821489288	0.022664016243669233	era_confounded	0.07829387429631189	190
CLDN16	primary	d1_sham_adjusted_change	1	28	difference_in_differences	tested	6;6;6;6	0.6036100821535983	0.2527054992532554	12.401978413966347	0.05498491285490681	1.1522352514522898	0.03361197047648724	untestable_group_by_era_assumption	0.09745756949133295	190
CLDN16	primary	d5_r0_vs_sham	5	0	same_time	tested	6;5	0.1205559076666507	0.11065751402886653	8.448546472525749	-0.13228173508907481	0.3733935504223762	0.3060521004302651		0.48865461413235606	190
CLDN16	primary	d5_r10_vs_sham	5	10	same_time	tested	8;6	-0.16938419548781525	0.09165181474389386	8.083502231062784	-0.3803542410430307	0.04158585006740026	0.1013853928668563		0.21403582938558555	190
CLDN16	primary	d5_r28_vs_sham	5	28	same_time	tested	5;6	0.048608241444039635	0.11188044697080292	5.60799161039994	-0.229859668180743	0.32707615106882226	0.68016543171775		0.8558372981878973	190
CLDN16	primary	d5_r28_vs_r0	5	28	late_vs_acute	tested	5;6	0.23317280348448932	0.13695946500119743	8.579428991863173	-0.07898172601611031	0.545327332985089	0.12451868826512522	era_confounded	0.25168671032312545	190
CLDN16	primary	d5_sham_adjusted_change	5	28	difference_in_differences	tested	5;6;6;5	-0.07194766622261106	0.157360477329714	13.42127947142297	-0.41082276147361746	0.26692742902839534	0.6548290981120574	untestable_group_by_era_assumption	0.8463777458591218	190
CLDN19	primary	d1_r0_vs_sham	1	0	same_time	tested	6;6	-1.082356475884712	0.2880853468808198	6.302510308513633	-1.7791549011624315	-0.38555805060699244	0.008613481104118895		0.03557742195179543	190
CLDN19	primary	d1_r10_vs_sham	1	10	same_time	tested	5;6	-0.23974347208445934	0.18919833069113173	8.469454194515858	-0.6718618072007156	0.19237486303179702	0.23883161103771222		0.41252732815604837	190
CLDN19	primary	d1_r28_vs_sham	1	28	same_time	tested	6;6	0.11700359411589645	0.19692317455831668	9.837711780275173	-0.32275169410657023	0.5567588823383631	0.5658178730397218		0.7517859851576723	190
CLDN19	primary	d1_r28_vs_r0	1	28	late_vs_acute	tested	6;6	0.8232559020265366	0.30029925009625136	7.189626101825256	0.11694008031410874	1.5295717237389646	0.028115505925716284	era_confounded	0.08903243543143491	190
CLDN19	primary	d1_sham_adjusted_change	1	28	difference_in_differences	tested	6;6;6;6	1.1993600700006084	0.3489583123606136	11.903318642219817	0.4383597431761187	1.9603603968250982	0.004976823287730592	untestable_group_by_era_assumption	0.023639910616720314	190
CLDN19	primary	d5_r0_vs_sham	5	0	same_time	tested	6;5	-0.10073435506796002	0.13545613810093463	6.328007878332521	-0.4280632101793071	0.22659450004338705	0.4837661036003659		0.6709164940443031	190
CLDN19	primary	d5_r10_vs_sham	5	10	same_time	tested	8;6	-0.12956835064998984	0.11954927079004352	11.142923339333741	-0.3922833414320377	0.13314664013205801	0.3013441548416634		0.4870054135871811	190
CLDN19	primary	d5_r28_vs_sham	5	28	same_time	tested	5;6	0.3271796979924755	0.21254785372928664	6.189872850445816	-0.18906336139710966	0.8434227573820606	0.17314782558823294		0.31632775828619475	190
CLDN19	primary	d5_r28_vs_r0	5	28	late_vs_acute	tested	5;6	0.5208402344447318	0.19867795949827924	4.970467787222521	0.009208236390691127	1.0324722324987725	0.047283359407622315	era_confounded	0.12792957903042704	190
CLDN19	primary	d5_sham_adjusted_change	5	28	difference_in_differences	tested	5;6;6;5	0.4279140530604355	0.25204157489221035	10.538494080862694	-0.12980410585813595	0.985632211979007	0.11883753315519993	untestable_group_by_era_assumption	0.2427863580590106	190
CNNM2	primary	d1_r0_vs_sham	1	0	same_time	tested	6;6	-0.3862847235331959	0.30955985547514947	5.0742143886758875	-1.1785457914191664	0.40597634435277474	0.2665767936399491		0.4442946560665818	190
CNNM2	primary	d1_r10_vs_sham	1	10	same_time	tested	5;6	-0.1216656889368295	0.11657590723896574	8.3463955934138	-0.3885605359730044	0.1452291580993454	0.3259260955462228		0.5148821269152677	190
CNNM2	primary	d1_r28_vs_sham	1	28	same_time	tested	6;6	-0.14803665518052256	0.06963808470094594	9.449588602883122	-0.3044338100038485	0.008360499642803387	0.061014081937623706		0.14862404574549365	190
CNNM2	primary	d1_r28_vs_r0	1	28	late_vs_acute	tested	6;6	0.41658390588927574	0.3113853948755522	5.193316089213503	-0.37497836205443413	1.2081461738329855	0.23654208520755454	era_confounded	0.41232106595812257	190
CNNM2	primary	d1_sham_adjusted_change	1	28	difference_in_differences	tested	6;6;6;6	0.23824806835267331	0.3172960241834296	5.593091998623848	-0.552047018982475	1.0285431556878217	0.48311117861873987	untestable_group_by_era_assumption	0.6709164940443031	190
CNNM2	primary	d5_r0_vs_sham	5	0	same_time	tested	6;5	-0.1754286931105664	0.08271706453824582	8.98155622624188	-0.3626062831666438	0.011748896945510928	0.06301484121161041		0.15120305893181707	190
CNNM2	primary	d5_r10_vs_sham	5	10	same_time	tested	8;6	-0.34624667841696066	0.09236003288285384	11.501670671732052	-0.5484531715375834	-0.14404018529633786	0.0029816524715285215		0.016186113416869118	190
CNNM2	primary	d5_r28_vs_sham	5	28	same_time	tested	5;6	-0.19007759876335406	0.11137394272573246	6.434952159121889	-0.4581963431551614	0.07804114562845327	0.1354017870962615		0.25986201563928973	190
CNNM2	primary	d5_r28_vs_r0	5	28	late_vs_acute	tested	5;6	0.22690597347519592	0.11424335142829756	6.876663922923558	-0.04422193111033562	0.49803387806072746	0.08811952646876137	era_confounded	0.1946826747565658	190
CNNM2	primary	d5_sham_adjusted_change	5	28	difference_in_differences	tested	5;6;6;5	-0.014648905652787647	0.13873091899104198	12.719197065267167	-0.3150328362987622	0.2857350249931869	0.9175529841200336	untestable_group_by_era_assumption	1.0	190
FXYD2	primary	d1_r0_vs_sham	1	0	same_time	tested	6;6	-0.7917779209147984	0.16042988392053564	5.391644693959971	-1.195326731194972	-0.3882291106346248	0.003527696789890426		0.017976787120633	190
FXYD2	primary	d1_r10_vs_sham	1	10	same_time	tested	5;6	-0.23299716131383796	0.09482949740496721	6.717839599235404	-0.4591567489073703	-0.006837573720305634	0.0450707544268194		0.12456355464026761	190
FXYD2	primary	d1_r28_vs_sham	1	28	same_time	tested	6;6	-0.05934880218543448	0.13284255964623393	9.810837679641361	-0.35611587287205654	0.23741826850118758	0.6647480263044635		0.8526837930765113	190
FXYD2	primary	d1_r28_vs_r0	1	28	late_vs_acute	tested	6;6	1.3774231296730672	0.1865879798442099	8.48389338921763	0.951385029891139	1.8034612294549954	5.7141296530704716e-05	era_confounded	0.0005428423170416948	190
FXYD2	primary	d1_sham_adjusted_change	1	28	difference_in_differences	tested	6;6;6;6	0.7324291187293639	0.20829040618357766	12.174546982597242	0.2793238934559502	1.1855343440027775	0.0041640640733030245	untestable_group_by_era_assumption	0.02028646599814294	190
FXYD2	primary	d5_r0_vs_sham	5	0	same_time	tested	6;5	-0.8229797067802629	0.08140236649474485	8.954971886917185	-1.007265894903243	-0.6386935186572827	3.393469856873061e-06		7.163991920065351e-05	190
FXYD2	primary	d5_r10_vs_sham	5	10	same_time	tested	8;6	-0.65183625930276	0.08881211027109244	11.443776515382192	-0.8463895233143821	-0.457282995291138	1.175418038106953e-05		0.00015952101945737222	190
FXYD2	primary	d5_r28_vs_sham	5	28	same_time	tested	5;6	-0.2414385531002896	0.14657431898336534	4.1162109822410455	-0.6439027233802043	0.16102561717962505	0.1728460108284746		0.31632775828619475	190
FXYD2	primary	d5_r28_vs_r0	5	28	late_vs_acute	tested	5;6	1.1168492903507428	0.156922344305541	5.2962077333279485	0.7201597008175644	1.513538879883921	0.0006665970113075239	era_confounded	0.0048712858518626745	190
FXYD2	primary	d5_sham_adjusted_change	5	28	difference_in_differences	tested	5;6;6;5	0.5815411536799733	0.16766149306379832	6.751689683644595	0.1821097165537099	0.9809725908062367	0.011039797093868724	untestable_group_by_era_assumption	0.04112865583990309	190
KCNJ1	primary	d1_r0_vs_sham	1	0	same_time	tested	6;6	-2.1467189249472654	0.1796239785887795	8.195133380077655	-2.5592220741965934	-1.734215775697937	1.8038144910720964e-06		4.532271443987414e-05	190
KCNJ1	primary	d1_r10_vs_sham	1	10	same_time	tested	5;6	0.057406335616349224	0.1852417870720697	7.0677862307300074	-0.37977069260173335	0.4945833638344318	0.7655752062343404		0.9264922877995202	190
KCNJ1	primary	d1_r28_vs_sham	1	28	same_time	tested	6;6	0.19347717689011823	0.1987911431357581	8.48055097086372	-0.26045366282500676	0.6474080166052432	0.3573599148999865		0.5520193807398165	190
KCNJ1	primary	d1_r28_vs_r0	1	28	late_vs_acute	tested	6;6	1.888468132019801	0.22765281911353652	9.927808730454906	1.380725629293876	2.3962106347457257	8.962953035750178e-06	era_confounded	0.00013099700590711797	190
KCNJ1	primary	d1_sham_adjusted_change	1	28	difference_in_differences	tested	6;6;6;6	2.3401961018373836	0.267922922261765	16.55901195924052	1.7737792255558373	2.90661297811893	1.3311656104142167e-07	untestable_group_by_era_assumption	5.058429319574024e-06	190
KCNJ1	primary	d5_r0_vs_sham	5	0	same_time	tested	6;5	-0.8736872736009698	0.11757096402063948	8.30760090056827	-1.1430689526697657	-0.6043055945321738	6.075068749355986e-05		0.0005432825063726742	190
KCNJ1	primary	d5_r10_vs_sham	5	10	same_time	tested	8;6	-0.4187783774016083	0.2483529939400721	11.893003997071546	-0.9604334848403013	0.12287673003708477	0.11778495589023324		0.2427863580590106	190
KCNJ1	primary	d5_r28_vs_sham	5	28	same_time	tested	5;6	0.0015057322040021859	0.24408843934802552	8.52358334560882	-0.5554012660654988	0.5584127304735031	0.9952199961671606		1.0	190
KCNJ1	primary	d5_r28_vs_r0	5	28	late_vs_acute	tested	5;6	1.0527995908502863	0.19792749639582072	5.353029499555418	0.5539394053457194	1.5516597763548532	0.0025566225867443408	era_confounded	0.014287008572983081	190
KCNJ1	primary	d5_sham_adjusted_change	5	28	difference_in_differences	tested	5;6;6;5	0.875193005804972	0.27092821522332666	12.26038400919512	0.28627858129059147	1.4641074303193524	0.007034395412164171	untestable_group_by_era_assumption	0.03037579837070892	190
KCNJ10	primary	d1_r0_vs_sham	1	0	same_time	tested	6;6	-1.9604941752876854	0.15354852548734757	8.92826426526408	-2.3082709629806004	-1.6127173875947705	4.887512054035878e-07		1.5477121504446947e-05	190
KCNJ10	primary	d1_r10_vs_sham	1	10	same_time	tested	5;6	0.13511212476373125	0.17464691121445206	6.036861407411242	-0.2916017440157485	0.561825993543211	0.46835228026598963		0.6591624685225039	190
KCNJ10	primary	d1_r28_vs_sham	1	28	same_time	tested	6;6	0.0620846316486503	0.1883014383833244	9.93744905178278	-0.3578353671617315	0.4820046304590321	0.7484645738000585		0.9187740368489278	190
KCNJ10	primary	d1_r28_vs_r0	1	28	late_vs_acute	tested	6;6	1.8475505906145528	0.1871047395192167	9.91390676276573	1.4301639958843793	2.2649371853447264	1.9083248185210164e-06	era_confounded	4.532271443987414e-05	190
KCNJ10	primary	d1_sham_adjusted_change	1	28	difference_in_differences	tested	6;6;6;6	2.0225788069363357	0.24297033023924453	18.46154182382007	1.5130302974029426	2.5321273164697287	1.1464663383527453e-07	untestable_group_by_era_assumption	5.058429319574024e-06	190
KCNJ10	primary	d5_r0_vs_sham	5	0	same_time	tested	6;5	-1.1256009016966573	0.10036824665408925	7.443549184468009	-1.3600970615523964	-0.891104741840918	6.29195142282076e-06		0.00010867916093963131	190
KCNJ10	primary	d5_r10_vs_sham	5	10	same_time	tested	8;6	-0.7635633232616712	0.23689247176103703	8.872309598131478	-1.3006292925021694	-0.22649735402117288	0.010629848805317773		0.04039342546020754	190
KCNJ10	primary	d5_r28_vs_sham	5	28	same_time	tested	5;6	-0.4946544675153941	0.24332663795100973	5.195363280755432	-1.113136817286212	0.12382788225542363	0.095623039395227		0.20645883505787646	190
KCNJ10	primary	d5_r28_vs_r0	5	28	late_vs_acute	tested	5;6	1.0199135084742181	0.2340917738702844	4.515481380282642	0.398212060801317	1.6416149561471194	0.009223035194353711	era_confounded	0.036627660618568196	190
KCNJ10	primary	d5_sham_adjusted_change	5	28	difference_in_differences	tested	5;6;6;5	0.6309464341812632	0.2632140529549246	6.972781669611501	0.008051247984488419	1.2538416203780378	0.04780526374294905	untestable_group_by_era_assumption	0.12792957903042704	190
KCNJ16	primary	d1_r0_vs_sham	1	0	same_time	tested	6;6	0.09903405107776386	0.12207381763192753	8.803523023215154	-0.17805844942915305	0.3761265515846808	0.4385964168065593		0.6265663097236562	190
KCNJ16	primary	d1_r10_vs_sham	1	10	same_time	tested	5;6	-0.32538324399220286	0.09709269251216107	8.480722375791506	-0.5470894105041777	-0.10367707748022806	0.009253303735217228		0.036627660618568196	190
KCNJ16	primary	d1_r28_vs_sham	1	28	same_time	tested	6;6	-0.10902448102592288	0.1206251742113322	7.968570379982387	-0.38737771694344547	0.1693287548915997	0.3925899459975521		0.5967367179162791	190
KCNJ16	primary	d1_r28_vs_r0	1	28	late_vs_acute	tested	6;6	-0.21752065142032606	0.11747254426251462	8.140267671207157	-0.48760247195840295	0.05256116911775083	0.1005774827882791	era_confounded	0.21403582938558555	190
KCNJ16	primary	d1_sham_adjusted_change	1	28	difference_in_differences	tested	6;6;6;6	-0.20805853210368674	0.17161715999499394	16.748046642741567	-0.5705544700972167	0.15443740588984317	0.24220731321902111	untestable_group_by_era_assumption	0.4145890946992253	190
KCNJ16	primary	d5_r0_vs_sham	5	0	same_time	tested	6;5	-0.5185152292520385	0.17334897601792149	4.640637269921831	-0.9747046648559295	-0.0623257936481475	0.03338759087913893		0.09745756949133295	190
KCNJ16	primary	d5_r10_vs_sham	5	10	same_time	tested	8;6	-0.5183002881911989	0.1501890594596873	10.252312926405544	-0.8518293879209273	-0.1847711884614704	0.005994697882549769		0.02648819994615014	190
KCNJ16	primary	d5_r28_vs_sham	5	28	same_time	tested	5;6	-0.2635211598186942	0.1787743018862718	6.542746202715268	-0.6923186294801019	0.16527630984271358	0.18688675380468106		0.3349856907819755	190
KCNJ16	primary	d5_r28_vs_r0	5	28	late_vs_acute	tested	5;6	0.514028096279338	0.16173803825052674	4.744395752644631	0.09143890117742853	0.9366172913812474	0.026454882969261025	era_confounded	0.08818294323087009	190
KCNJ16	primary	d5_sham_adjusted_change	5	28	difference_in_differences	tested	5;6;6;5	0.25499406943334435	0.24901830957057305	10.964363353090684	-0.2933089548846234	0.8032970937513121	0.32789861766709155	untestable_group_by_era_assumption	0.5148821269152677	190
SLC12A1	primary	d1_r0_vs_sham	1	0	same_time	tested	6;6	-1.8194829116266646	0.1726392238916427	6.258941430905095	-2.237715434949747	-1.4012503883035823	3.249497746169626e-05		0.00032494977461696253	190
SLC12A1	primary	d1_r10_vs_sham	1	10	same_time	tested	5;6	-0.14517804131826573	0.08730621782386079	8.997555261567948	-0.34268660779133087	0.05233052515479941	0.1307117992838238		0.2576448241742824	190
SLC12A1	primary	d1_r28_vs_sham	1	28	same_time	tested	6;6	0.0361943928150712	0.07448817694777382	9.870486720657764	-0.1300712712846014	0.20246005691474378	0.6376385056457755		0.8355263177427403	190
SLC12A1	primary	d1_r28_vs_r0	1	28	late_vs_acute	tested	6;6	1.8987948619747819	0.17180025519090894	6.154382747265637	1.480957791339298	2.316631932610266	2.7464272476966066e-05	era_confounded	0.0003069536335660913	190
SLC12A1	primary	d1_sham_adjusted_change	1	28	difference_in_differences	tested	6;6;6;6	1.8556773044417358	0.18802337655438378	8.616870580038082	1.4274385302216508	2.2839160786618207	5.497290271129213e-06	untestable_group_by_era_assumption	0.00010444851515145505	190
SLC12A1	primary	d5_r0_vs_sham	5	0	same_time	tested	6;5	-0.8190862679644333	0.0771733926670667	6.998775825586536	-1.0015788146224198	-0.6365937213064468	1.4446864061320505e-05		0.000171556510728181	190
SLC12A1	primary	d5_r10_vs_sham	5	10	same_time	tested	8;6	-0.34411241211343047	0.1348803167180461	10.633949038836148	-0.6422335552618589	-0.04599126896500205	0.02757409100135289		0.08903243543143491	190
SLC12A1	primary	d5_r28_vs_sham	5	28	same_time	tested	5;6	-0.0536271427008046	0.18080105579647734	5.345246487365089	-0.509505573443092	0.4022512880414828	0.7779478401051898		0.9355068963290257	190
SLC12A1	primary	d5_r28_vs_r0	5	28	late_vs_acute	tested	5;6	0.8068878543799691	0.18124857223251867	5.389959953312106	0.35093208133762654	1.2628436274223116	0.0055951554506559935	era_confounded	0.025311417514872352	190
SLC12A1	primary	d5_sham_adjusted_change	5	28	difference_in_differences	tested	5;6;6;5	0.7654591252636287	0.19658269077634016	7.285712126706972	0.3042848814500799	1.2266333690771773	0.005499099774030025	untestable_group_by_era_assumption	0.025311417514872352	190
SLC12A3	primary	d1_r0_vs_sham	1	0	same_time	tested	6;6	-1.0116616392324325	0.2104890517566514	7.111277110657032	-1.5078146445770748	-0.5155086338877901	0.0018685399742591597		0.01145234177771743	190
SLC12A3	primary	d1_r10_vs_sham	1	10	same_time	tested	5;6	-0.02060173230366047	0.3111588793260573	8.056273027381499	-0.7372639296950597	0.6960604650877388	0.9488244901175782		1.0	190
SLC12A3	primary	d1_r28_vs_sham	1	28	same_time	tested	6;6	0.5160351987338494	0.3413400951148044	9.782154222334752	-0.24682001824746758	1.2788904157151664	0.1621983736271287		0.30213422538386714	190
SLC12A3	primary	d1_r28_vs_r0	1	28	late_vs_acute	tested	6;6	1.4342733954248494	0.32128201613104446	9.188378627374512	0.7097480237255638	2.158798767124135	0.0014892887936139515	era_confounded	0.009757409337470716	190
SLC12A3	primary	d1_sham_adjusted_change	1	28	difference_in_differences	tested	6;6;6;6	1.5276968379662819	0.4010220710165439	15.54432799662437	0.6755381245198783	2.3798555514126853	0.0016141804637564647	untestable_group_by_era_assumption	0.010223142937124277	190
SLC12A3	primary	d5_r0_vs_sham	5	0	same_time	tested	6;5	-1.406436331191605	0.37232954369562254	4.365025127181169	-2.406972136310892	-0.4059005260723181	0.016606384576000947		0.060677174412311144	190
SLC12A3	primary	d5_r10_vs_sham	5	10	same_time	tested	8;6	-0.8176720641918411	0.3214835331754591	11.995600585597193	-1.5181530036224093	-0.1171911247612728	0.02578121265558855		0.0874719715100326	190
SLC12A3	primary	d5_r28_vs_sham	5	28	same_time	tested	5;6	-0.403988506702337	0.47601263861891946	5.079509613617847	-1.6218793974565244	0.8139023840518504	0.434215061750071		0.625440292408039	190
SLC12A3	primary	d5_r28_vs_r0	5	28	late_vs_acute	tested	5;6	1.4006427441703817	0.45349201058694255	4.242318459532665	0.1694094759019107	2.6318760124388527	0.03385368203383145	era_confounded	0.09745756949133295	190
SLC12A3	primary	d5_sham_adjusted_change	5	28	difference_in_differences	tested	5;6;6;5	1.002447824489268	0.6043321282486448	9.192258421205286	-0.3603002094064034	2.3651958583849395	0.13082999436445875	untestable_group_by_era_assumption	0.2576448241742824	190
SLC8A1	primary	d1_r0_vs_sham	1	0	same_time	tested	6;6	-0.38886935854907634	0.17472294824503012	8.073208182878272	-0.7911461230056058	0.013407405907453152	0.05638606116811094		0.13913443664858546	190
SLC8A1	primary	d1_r10_vs_sham	1	10	same_time	tested	5;6	0.091396282338569	0.12001558565345108	8.481676728632046	-0.1826481060834112	0.3654406707605492	0.46698142889419014		0.6591624685225039	190
SLC8A1	primary	d1_r28_vs_sham	1	28	same_time	tested	6;6	0.019858095435203005	0.07123515953935826	8.914446096523623	-0.14152308777792225	0.18123927864832826	0.7867814760568462		0.9401791223320803	190
SLC8A1	primary	d1_r28_vs_r0	1	28	late_vs_acute	tested	6;6	0.457098817902156	0.1561181736994063	5.723181132955551	0.07056752906476499	0.8436301067395471	0.027857620009585294	era_confounded	0.08903243543143491	190
SLC8A1	primary	d1_sham_adjusted_change	1	28	difference_in_differences	tested	6;6;6;6	0.40872745398427934	0.18868639749073937	10.712118144386032	-0.00793426583275575	0.8253891738013144	0.05377298732286775	untestable_group_by_era_assumption	0.1380657782614172	190
SLC8A1	primary	d5_r0_vs_sham	5	0	same_time	tested	6;5	-0.37794312226465454	0.07459433940437414	5.2824072078644315	-0.5666512448336443	-0.18923499969566487	0.003318395551353837		0.01751375429881192	190
SLC8A1	primary	d5_r10_vs_sham	5	10	same_time	tested	8;6	-0.176013332081836	0.09272298608851581	11.416455421733522	-0.3791906252366372	0.027163961072965204	0.08322138598443724		0.1882388492505128	190
SLC8A1	primary	d5_r28_vs_sham	5	28	same_time	tested	5;6	-0.07988582460410942	0.0975190916196718	8.980673252099997	-0.3005617257481189	0.14079007653990008	0.4338828554523128		0.625440292408039	190
SLC8A1	primary	d5_r28_vs_r0	5	28	late_vs_acute	tested	5;6	0.3348373082361258	0.06913173732206311	5.525077703336778	0.16209006661534997	0.5075845498569016	0.0035953574241266	era_confounded	0.017976787120633	190
SLC8A1	primary	d5_sham_adjusted_change	5	28	difference_in_differences	tested	5;6;6;5	0.2980572976605451	0.12277739491250379	14.26298806831472	0.03518076671737769	0.5609338286037125	0.02899285420918719	untestable_group_by_era_assumption	0.09023683609007717	190
TRPM6	primary	d1_r0_vs_sham	1	0	same_time	tested	6;6	0.10829185034974209	0.12568902228384204	6.450418705891187	-0.19412662873050923	0.4107103294299934	0.4197871487977667		0.6231215489966849	190
TRPM6	primary	d1_r10_vs_sham	1	10	same_time	tested	5;6	0.005571957896141733	0.10895353972971861	5.920640181424263	-0.26189637181863284	0.2730402876109163	0.9608950611278874		1.0	190
TRPM6	primary	d1_r28_vs_sham	1	28	same_time	tested	6;6	0.06348587357652846	0.046902347065914465	7.198712789476942	-0.046802949406771585	0.17377469655982852	0.21683204837778708		0.3814637888127736	190
TRPM6	primary	d1_r28_vs_r0	1	28	late_vs_acute	tested	6;6	-0.10448014890281598	0.12467718295747986	6.276644254227662	-0.40632428640533946	0.1973639885997075	0.4327747844008319	era_confounded	0.625440292408039	190
TRPM6	primary	d1_sham_adjusted_change	1	28	difference_in_differences	tested	6;6;6;6	-0.04480597677321363	0.134154986798701	8.228956849375749	-0.3526760690803228	0.2630641155338955	0.7467422497590993	untestable_group_by_era_assumption	0.9187740368489278	190
TRPM6	primary	d5_r0_vs_sham	5	0	same_time	tested	6;5	-0.13148188131588334	0.06566638979613451	4.4816153370678915	-0.3063279323099094	0.04336416967814272	0.10821865453867065		0.22595103694887278	190
TRPM6	primary	d5_r10_vs_sham	5	10	same_time	tested	8;6	-0.03732912015143164	0.03788023732160496	8.877323937939355	-0.12320101970398636	0.04854277940112309	0.3504974260377492		0.5458566471079701	190
TRPM6	primary	d5_r28_vs_sham	5	28	same_time	tested	5;6	-0.05050073481486539	0.030056478574063957	7.977938138573617	-0.11984447526582	0.01884300563608922	0.13153446286792314		0.2576448241742824	190
TRPM6	primary	d5_r28_vs_r0	5	28	late_vs_acute	tested	5;6	0.13054941808047804	0.028395742789863145	7.149813456355317	0.06368831541843543	0.19741052074252063	0.0023586225485765252	era_confounded	0.01357994800695575	190
TRPM6	primary	d5_sham_adjusted_change	5	28	difference_in_differences	tested	5;6;6;5	0.08098114650101795	0.07221818782779754	6.398383221326367	-0.09309728843831805	0.25505958144035396	0.3024559937015125	untestable_group_by_era_assumption	0.4870054135871811	190
TRPV5	primary	d1_r0_vs_sham	1	0	same_time	tested	6;6	-0.03774996258483565	0.2315154736764416	6.14273439547572	-0.601072344923048	0.5255724197533767	0.8757069192503857		1.0	190
TRPV5	primary	d1_r10_vs_sham	1	10	same_time	tested	5;6	-0.031029638191280462	0.0988079961210468	7.5157333909650275	-0.2614622450615058	0.19940296867894486	0.7620295336475796		0.9264922877995202	190
TRPV5	primary	d1_r28_vs_sham	1	28	same_time	tested	6;6	0.11333827826442633	0.04914642828712998	7.645214567962813	-0.0009156008300985757	0.22759215735895122	0.05144701192429743		0.13390318172077414	190
TRPV5	primary	d1_r28_vs_r0	1	28	late_vs_acute	tested	6;6	-0.14988318590894867	0.22039496399796482	5.111867354008345	-0.7127176272110626	0.41295125539316524	0.5260367992156227	era_confounded	0.7139070846497737	190
TRPV5	primary	d1_sham_adjusted_change	1	28	difference_in_differences	tested	6;6;6;6	0.15108824084926198	0.2366744303151676	6.697904940094818	-0.413715685503401	0.715892167201925	0.544425970638088	untestable_group_by_era_assumption	0.7284572846565965	190
TRPV5	primary	d5_r0_vs_sham	5	0	same_time	tested	6;5	0.2748930433262906	0.08053593952258979	8.86533868626783	0.0922853785398754	0.4575007081127058	0.007881397786447388		0.0332770128761112	190
TRPV5	primary	d5_r10_vs_sham	5	10	same_time	tested	8;6	-0.05244537837805563	0.04548164947109312	10.756734202056156	-0.15282671580710383	0.04793595905099257	0.2738448302833858		0.45243928481602874	190
TRPV5	primary	d5_r28_vs_sham	5	28	same_time	tested	5;6	-0.13391035746206192	0.058491924382619874	8.310088453658572	-0.26792189911848285	0.00010118419435897752	0.05013731142022227		0.13230679402558654	190
TRPV5	primary	d5_r28_vs_r0	5	28	late_vs_acute	tested	5;6	-0.4180189226299085	0.07753059913878031	8.579656995262368	-0.5947239371105021	-0.24131390814931486	0.0005151405195188582	era_confounded	0.004078195779524295	190
TRPV5	primary	d5_sham_adjusted_change	5	28	difference_in_differences	tested	5;6;6;5	-0.40880340078835253	0.09953563569279278	15.95020352370479	-0.6198630742462989	-0.19774372733040613	0.000829078116234227	untestable_group_by_era_assumption	0.005834253410537153	190
