sample	module	analysis	value
GSM2533478	TAL_salt	primary	
GSM2533479	TAL_salt	primary	
GSM2533480	TAL_salt	primary	
GSM2533481	TAL_salt	primary	
GSM2533482	TAL_salt	primary	
GSM2533483	TAL_salt	primary	
GSM2533484	TAL_salt	primary	
GSM2533485	TAL_salt	primary	
GSM2533486	TAL_salt	primary	
GSM2533487	TAL_salt	primary	
GSM2533488	TAL_salt	primary	
GSM2533489	TAL_salt	primary	
GSM2533490	TAL_salt	primary	
GSM2533491	TAL_salt	primary	
GSM2533492	TAL_salt	primary	
GSM2533493	TAL_salt	primary	
GSM2533494	TAL_salt	primary	
GSM2533495	TAL_salt	primary	
GSM2533496	TAL_salt	primary	
GSM2533497	TAL_salt	primary	
GSM2533498	TAL_salt	primary	
GSM2533499	TAL_salt	primary	
GSM2533500	TAL_salt	primary	
GSM2533501	TAL_salt	primary	
GSM2533502	TAL_salt	primary	
GSM2533503	TAL_salt	primary	
GSM2533504	TAL_salt	primary	
GSM2533505	TAL_salt	primary	
GSM2533506	TAL_salt	primary	
GSM2533507	TAL_salt	primary	
GSM2533508	TAL_salt	primary	
GSM2533509	TAL_salt	primary	
GSM2533510	TAL_salt	primary	
GSM2533511	TAL_salt	primary	
GSM2533512	TAL_salt	primary	
GSM2533513	TAL_salt	primary	
GSM2533518	TAL_salt	primary	
GSM2533519	TAL_salt	primary	
GSM2533520	TAL_salt	primary	
GSM2533521	TAL_salt	primary	
GSM2533522	TAL_salt	primary	
GSM2533523	TAL_salt	primary	
GSM2533524	TAL_salt	primary	
GSM2533525	TAL_salt	primary	
GSM2533526	TAL_salt	primary	
GSM2533527	TAL_salt	primary	
GSM2533528	TAL_salt	primary	
GSM2533529	TAL_salt	primary	
GSM2533530	TAL_salt	primary	
GSM2533531	TAL_salt	primary	
GSM2533532	TAL_salt	primary	
GSM2533533	TAL_salt	primary	
GSM2533534	TAL_salt	primary	
GSM2533535	TAL_salt	primary	
GSM2533536	TAL_salt	primary	
GSM2533537	TAL_salt	primary	
GSM2533538	TAL_salt	primary	
GSM2533539	TAL_salt	primary	
GSM2533540	TAL_salt	primary	
GSM2533541	TAL_salt	primary	
GSM2533542	TAL_salt	primary	
GSM2533543	TAL_salt	primary	
GSM2533544	TAL_salt	primary	
GSM2533545	TAL_salt	primary	
GSM2533546	TAL_salt	primary	
GSM2533547	TAL_salt	primary	
GSM2533548	TAL_salt	primary	
GSM2533549	TAL_salt	primary	
GSM2533550	TAL_salt	primary	
GSM2533551	TAL_salt	primary	
GSM2533552	TAL_salt	primary	
GSM2533478	TAL_salt	detectable	
GSM2533479	TAL_salt	detectable	
GSM2533480	TAL_salt	detectable	
GSM2533481	TAL_salt	detectable	
GSM2533482	TAL_salt	detectable	
GSM2533483	TAL_salt	detectable	
GSM2533484	TAL_salt	detectable	
GSM2533485	TAL_salt	detectable	
GSM2533486	TAL_salt	detectable	
GSM2533487	TAL_salt	detectable	
GSM2533488	TAL_salt	detectable	
GSM2533489	TAL_salt	detectable	
GSM2533490	TAL_salt	detectable	
GSM2533491	TAL_salt	detectable	
GSM2533492	TAL_salt	detectable	
GSM2533493	TAL_salt	detectable	
GSM2533494	TAL_salt	detectable	
GSM2533495	TAL_salt	detectable	
GSM2533496	TAL_salt	detectable	
GSM2533497	TAL_salt	detectable	
GSM2533498	TAL_salt	detectable	
GSM2533499	TAL_salt	detectable	
GSM2533500	TAL_salt	detectable	
GSM2533501	TAL_salt	detectable	
GSM2533502	TAL_salt	detectable	
GSM2533503	TAL_salt	detectable	
GSM2533504	TAL_salt	detectable	
GSM2533505	TAL_salt	detectable	
GSM2533506	TAL_salt	detectable	
GSM2533507	TAL_salt	detectable	
GSM2533508	TAL_salt	detectable	
GSM2533509	TAL_salt	detectable	
GSM2533510	TAL_salt	detectable	
GSM2533511	TAL_salt	detectable	
GSM2533512	TAL_salt	detectable	
GSM2533513	TAL_salt	detectable	
GSM2533518	TAL_salt	detectable	
GSM2533519	TAL_salt	detectable	
GSM2533520	TAL_salt	detectable	
GSM2533521	TAL_salt	detectable	
GSM2533522	TAL_salt	detectable	
GSM2533523	TAL_salt	detectable	
GSM2533524	TAL_salt	detectable	
GSM2533525	TAL_salt	detectable	
GSM2533526	TAL_salt	detectable	
GSM2533527	TAL_salt	detectable	
GSM2533528	TAL_salt	detectable	
GSM2533529	TAL_salt	detectable	
GSM2533530	TAL_salt	detectable	
GSM2533531	TAL_salt	detectable	
GSM2533532	TAL_salt	detectable	
GSM2533533	TAL_salt	detectable	
GSM2533534	TAL_salt	detectable	
GSM2533535	TAL_salt	detectable	
GSM2533536	TAL_salt	detectable	
GSM2533537	TAL_salt	detectable	
GSM2533538	TAL_salt	detectable	
GSM2533539	TAL_salt	detectable	
GSM2533540	TAL_salt	detectable	
GSM2533541	TAL_salt	detectable	
GSM2533542	TAL_salt	detectable	
GSM2533543	TAL_salt	detectable	
GSM2533544	TAL_salt	detectable	
GSM2533545	TAL_salt	detectable	
GSM2533546	TAL_salt	detectable	
GSM2533547	TAL_salt	detectable	
GSM2533548	TAL_salt	detectable	
GSM2533549	TAL_salt	detectable	
GSM2533550	TAL_salt	detectable	
GSM2533551	TAL_salt	detectable	
GSM2533552	TAL_salt	detectable	
GSM2533478	TAL_CaMg	primary	7.708525246385785
GSM2533479	TAL_CaMg	primary	7.566395275892274
GSM2533480	TAL_CaMg	primary	8.042264302577538
GSM2533481	TAL_CaMg	primary	7.1444205725617
GSM2533482	TAL_CaMg	primary	8.51578539008766
GSM2533483	TAL_CaMg	primary	8.029838683873756
GSM2533484	TAL_CaMg	primary	8.74295214156253
GSM2533485	TAL_CaMg	primary	8.371080235712045
GSM2533486	TAL_CaMg	primary	8.223804004618371
GSM2533487	TAL_CaMg	primary	7.926641029627035
GSM2533488	TAL_CaMg	primary	8.504151217799429
GSM2533489	TAL_CaMg	primary	8.138873445304872
GSM2533490	TAL_CaMg	primary	8.337840257760087
GSM2533491	TAL_CaMg	primary	8.636555736273703
GSM2533492	TAL_CaMg	primary	8.844820917378502
GSM2533493	TAL_CaMg	primary	8.599269415243313
GSM2533494	TAL_CaMg	primary	8.75403582551945
GSM2533495	TAL_CaMg	primary	8.391601166035144
GSM2533496	TAL_CaMg	primary	8.27863938048302
GSM2533497	TAL_CaMg	primary	7.971207070198187
GSM2533498	TAL_CaMg	primary	8.373834482243636
GSM2533499	TAL_CaMg	primary	8.275742493028329
GSM2533500	TAL_CaMg	primary	8.226936296024082
GSM2533501	TAL_CaMg	primary	8.30958579165016
GSM2533502	TAL_CaMg	primary	8.469000923471196
GSM2533503	TAL_CaMg	primary	8.62335653135611
GSM2533504	TAL_CaMg	primary	8.38548625817548
GSM2533505	TAL_CaMg	primary	8.54380046551014
GSM2533506	TAL_CaMg	primary	8.1928836834833
GSM2533507	TAL_CaMg	primary	8.303724870241147
GSM2533508	TAL_CaMg	primary	8.39129833683515
GSM2533509	TAL_CaMg	primary	8.876442322791345
GSM2533510	TAL_CaMg	primary	8.974551354295052
GSM2533511	TAL_CaMg	primary	8.239485925129857
GSM2533512	TAL_CaMg	primary	8.660033324200441
GSM2533513	TAL_CaMg	primary	8.399487075083355
GSM2533518	TAL_CaMg	primary	8.635146804461236
GSM2533519	TAL_CaMg	primary	8.684522322378262
GSM2533520	TAL_CaMg	primary	8.769700547283195
GSM2533521	TAL_CaMg	primary	8.707177549133787
GSM2533522	TAL_CaMg	primary	8.310590725460296
GSM2533523	TAL_CaMg	primary	8.548069935938447
GSM2533524	TAL_CaMg	primary	8.718404546836256
GSM2533525	TAL_CaMg	primary	8.764458815523028
GSM2533526	TAL_CaMg	primary	8.22050836457289
GSM2533527	TAL_CaMg	primary	8.474162496909885
GSM2533528	TAL_CaMg	primary	8.814393417754534
GSM2533529	TAL_CaMg	primary	8.55909712844425
GSM2533530	TAL_CaMg	primary	8.175620358910379
GSM2533531	TAL_CaMg	primary	8.698290823582074
GSM2533532	TAL_CaMg	primary	8.702818261765497
GSM2533533	TAL_CaMg	primary	8.331062335071927
GSM2533534	TAL_CaMg	primary	8.161743226001542
GSM2533535	TAL_CaMg	primary	8.480928548962396
GSM2533536	TAL_CaMg	primary	8.245354128232162
GSM2533537	TAL_CaMg	primary	8.255049336632347
GSM2533538	TAL_CaMg	primary	8.315472171593392
GSM2533539	TAL_CaMg	primary	8.420400733046925
GSM2533540	TAL_CaMg	primary	7.97913715567545
GSM2533541	TAL_CaMg	primary	8.40917158557752
GSM2533542	TAL_CaMg	primary	8.836138445503874
GSM2533543	TAL_CaMg	primary	8.590250516226336
GSM2533544	TAL_CaMg	primary	8.31081274898199
GSM2533545	TAL_CaMg	primary	8.45154393601441
GSM2533546	TAL_CaMg	primary	8.713293051651302
GSM2533547	TAL_CaMg	primary	8.505125996035687
GSM2533548	TAL_CaMg	primary	8.612358703695312
GSM2533549	TAL_CaMg	primary	8.598225859958783
GSM2533550	TAL_CaMg	primary	8.301940539834847
GSM2533551	TAL_CaMg	primary	8.34903046099682
GSM2533552	TAL_CaMg	primary	8.285954622969072
GSM2533478	TAL_CaMg	detectable	
GSM2533479	TAL_CaMg	detectable	
GSM2533480	TAL_CaMg	detectable	
GSM2533481	TAL_CaMg	detectable	
GSM2533482	TAL_CaMg	detectable	8.51578539008766
GSM2533483	TAL_CaMg	detectable	8.029838683873756
GSM2533484	TAL_CaMg	detectable	8.74295214156253
GSM2533485	TAL_CaMg	detectable	8.371080235712045
GSM2533486	TAL_CaMg	detectable	8.223804004618371
GSM2533487	TAL_CaMg	detectable	7.926641029627035
GSM2533488	TAL_CaMg	detectable	8.504151217799429
GSM2533489	TAL_CaMg	detectable	8.138873445304872
GSM2533490	TAL_CaMg	detectable	8.337840257760087
GSM2533491	TAL_CaMg	detectable	8.636555736273703
GSM2533492	TAL_CaMg	detectable	8.844820917378502
GSM2533493	TAL_CaMg	detectable	8.599269415243313
GSM2533494	TAL_CaMg	detectable	8.75403582551945
GSM2533495	TAL_CaMg	detectable	8.391601166035144
GSM2533496	TAL_CaMg	detectable	8.27863938048302
GSM2533497	TAL_CaMg	detectable	7.971207070198187
GSM2533498	TAL_CaMg	detectable	8.373834482243636
GSM2533499	TAL_CaMg	detectable	8.275742493028329
GSM2533500	TAL_CaMg	detectable	8.226936296024082
GSM2533501	TAL_CaMg	detectable	8.30958579165016
GSM2533502	TAL_CaMg	detectable	8.469000923471196
GSM2533503	TAL_CaMg	detectable	8.62335653135611
GSM2533504	TAL_CaMg	detectable	8.38548625817548
GSM2533505	TAL_CaMg	detectable	8.54380046551014
GSM2533506	TAL_CaMg	detectable	8.1928836834833
GSM2533507	TAL_CaMg	detectable	8.303724870241147
GSM2533508	TAL_CaMg	detectable	8.39129833683515
GSM2533509	TAL_CaMg	detectable	8.876442322791345
GSM2533510	TAL_CaMg	detectable	8.974551354295052
GSM2533511	TAL_CaMg	detectable	8.239485925129857
GSM2533512	TAL_CaMg	detectable	8.660033324200441
GSM2533513	TAL_CaMg	detectable	8.399487075083355
GSM2533518	TAL_CaMg	detectable	
GSM2533519	TAL_CaMg	detectable	8.684522322378262
GSM2533520	TAL_CaMg	detectable	8.769700547283195
GSM2533521	TAL_CaMg	detectable	8.707177549133787
GSM2533522	TAL_CaMg	detectable	8.310590725460296
GSM2533523	TAL_CaMg	detectable	8.548069935938447
GSM2533524	TAL_CaMg	detectable	8.718404546836256
GSM2533525	TAL_CaMg	detectable	8.764458815523028
GSM2533526	TAL_CaMg	detectable	8.22050836457289
GSM2533527	TAL_CaMg	detectable	8.474162496909885
GSM2533528	TAL_CaMg	detectable	8.814393417754534
GSM2533529	TAL_CaMg	detectable	8.55909712844425
GSM2533530	TAL_CaMg	detectable	8.175620358910379
GSM2533531	TAL_CaMg	detectable	8.698290823582074
GSM2533532	TAL_CaMg	detectable	8.702818261765497
GSM2533533	TAL_CaMg	detectable	8.331062335071927
GSM2533534	TAL_CaMg	detectable	8.161743226001542
GSM2533535	TAL_CaMg	detectable	8.480928548962396
GSM2533536	TAL_CaMg	detectable	8.245354128232162
GSM2533537	TAL_CaMg	detectable	8.255049336632347
GSM2533538	TAL_CaMg	detectable	8.315472171593392
GSM2533539	TAL_CaMg	detectable	8.420400733046925
GSM2533540	TAL_CaMg	detectable	7.97913715567545
GSM2533541	TAL_CaMg	detectable	8.40917158557752
GSM2533542	TAL_CaMg	detectable	8.836138445503874
GSM2533543	TAL_CaMg	detectable	8.590250516226336
GSM2533544	TAL_CaMg	detectable	8.31081274898199
GSM2533545	TAL_CaMg	detectable	8.45154393601441
GSM2533546	TAL_CaMg	detectable	8.713293051651302
GSM2533547	TAL_CaMg	detectable	8.505125996035687
GSM2533548	TAL_CaMg	detectable	8.612358703695312
GSM2533549	TAL_CaMg	detectable	8.598225859958783
GSM2533550	TAL_CaMg	detectable	8.301940539834847
GSM2533551	TAL_CaMg	detectable	8.34903046099682
GSM2533552	TAL_CaMg	detectable	8.285954622969072
GSM2533478	DCT_NaCl	primary	
GSM2533479	DCT_NaCl	primary	
GSM2533480	DCT_NaCl	primary	
GSM2533481	DCT_NaCl	primary	
GSM2533482	DCT_NaCl	primary	
GSM2533483	DCT_NaCl	primary	
GSM2533484	DCT_NaCl	primary	
GSM2533485	DCT_NaCl	primary	
GSM2533486	DCT_NaCl	primary	
GSM2533487	DCT_NaCl	primary	
GSM2533488	DCT_NaCl	primary	
GSM2533489	DCT_NaCl	primary	
GSM2533490	DCT_NaCl	primary	
GSM2533491	DCT_NaCl	primary	
GSM2533492	DCT_NaCl	primary	
GSM2533493	DCT_NaCl	primary	
GSM2533494	DCT_NaCl	primary	
GSM2533495	DCT_NaCl	primary	
GSM2533496	DCT_NaCl	primary	
GSM2533497	DCT_NaCl	primary	
GSM2533498	DCT_NaCl	primary	
GSM2533499	DCT_NaCl	primary	
GSM2533500	DCT_NaCl	primary	
GSM2533501	DCT_NaCl	primary	
GSM2533502	DCT_NaCl	primary	
GSM2533503	DCT_NaCl	primary	
GSM2533504	DCT_NaCl	primary	
GSM2533505	DCT_NaCl	primary	
GSM2533506	DCT_NaCl	primary	
GSM2533507	DCT_NaCl	primary	
GSM2533508	DCT_NaCl	primary	
GSM2533509	DCT_NaCl	primary	
GSM2533510	DCT_NaCl	primary	
GSM2533511	DCT_NaCl	primary	
GSM2533512	DCT_NaCl	primary	
GSM2533513	DCT_NaCl	primary	
GSM2533518	DCT_NaCl	primary	
GSM2533519	DCT_NaCl	primary	
GSM2533520	DCT_NaCl	primary	
GSM2533521	DCT_NaCl	primary	
GSM2533522	DCT_NaCl	primary	
GSM2533523	DCT_NaCl	primary	
GSM2533524	DCT_NaCl	primary	
GSM2533525	DCT_NaCl	primary	
GSM2533526	DCT_NaCl	primary	
GSM2533527	DCT_NaCl	primary	
GSM2533528	DCT_NaCl	primary	
GSM2533529	DCT_NaCl	primary	
GSM2533530	DCT_NaCl	primary	
GSM2533531	DCT_NaCl	primary	
GSM2533532	DCT_NaCl	primary	
GSM2533533	DCT_NaCl	primary	
GSM2533534	DCT_NaCl	primary	
GSM2533535	DCT_NaCl	primary	
GSM2533536	DCT_NaCl	primary	
GSM2533537	DCT_NaCl	primary	
GSM2533538	DCT_NaCl	primary	
GSM2533539	DCT_NaCl	primary	
GSM2533540	DCT_NaCl	primary	
GSM2533541	DCT_NaCl	primary	
GSM2533542	DCT_NaCl	primary	
GSM2533543	DCT_NaCl	primary	
GSM2533544	DCT_NaCl	primary	
GSM2533545	DCT_NaCl	primary	
GSM2533546	DCT_NaCl	primary	
GSM2533547	DCT_NaCl	primary	
GSM2533548	DCT_NaCl	primary	
GSM2533549	DCT_NaCl	primary	
GSM2533550	DCT_NaCl	primary	
GSM2533551	DCT_NaCl	primary	
GSM2533552	DCT_NaCl	primary	
GSM2533478	DCT_NaCl	detectable	
GSM2533479	DCT_NaCl	detectable	
GSM2533480	DCT_NaCl	detectable	
GSM2533481	DCT_NaCl	detectable	
GSM2533482	DCT_NaCl	detectable	
GSM2533483	DCT_NaCl	detectable	
GSM2533484	DCT_NaCl	detectable	
GSM2533485	DCT_NaCl	detectable	
GSM2533486	DCT_NaCl	detectable	
GSM2533487	DCT_NaCl	detectable	
GSM2533488	DCT_NaCl	detectable	
GSM2533489	DCT_NaCl	detectable	
GSM2533490	DCT_NaCl	detectable	
GSM2533491	DCT_NaCl	detectable	
GSM2533492	DCT_NaCl	detectable	
GSM2533493	DCT_NaCl	detectable	
GSM2533494	DCT_NaCl	detectable	
GSM2533495	DCT_NaCl	detectable	
GSM2533496	DCT_NaCl	detectable	
GSM2533497	DCT_NaCl	detectable	
GSM2533498	DCT_NaCl	detectable	
GSM2533499	DCT_NaCl	detectable	
GSM2533500	DCT_NaCl	detectable	
GSM2533501	DCT_NaCl	detectable	
GSM2533502	DCT_NaCl	detectable	
GSM2533503	DCT_NaCl	detectable	
GSM2533504	DCT_NaCl	detectable	
GSM2533505	DCT_NaCl	detectable	
GSM2533506	DCT_NaCl	detectable	
GSM2533507	DCT_NaCl	detectable	
GSM2533508	DCT_NaCl	detectable	
GSM2533509	DCT_NaCl	detectable	
GSM2533510	DCT_NaCl	detectable	
GSM2533511	DCT_NaCl	detectable	
GSM2533512	DCT_NaCl	detectable	
GSM2533513	DCT_NaCl	detectable	
GSM2533518	DCT_NaCl	detectable	
GSM2533519	DCT_NaCl	detectable	
GSM2533520	DCT_NaCl	detectable	
GSM2533521	DCT_NaCl	detectable	
GSM2533522	DCT_NaCl	detectable	
GSM2533523	DCT_NaCl	detectable	
GSM2533524	DCT_NaCl	detectable	
GSM2533525	DCT_NaCl	detectable	
GSM2533526	DCT_NaCl	detectable	
GSM2533527	DCT_NaCl	detectable	
GSM2533528	DCT_NaCl	detectable	
GSM2533529	DCT_NaCl	detectable	
GSM2533530	DCT_NaCl	detectable	
GSM2533531	DCT_NaCl	detectable	
GSM2533532	DCT_NaCl	detectable	
GSM2533533	DCT_NaCl	detectable	
GSM2533534	DCT_NaCl	detectable	
GSM2533535	DCT_NaCl	detectable	
GSM2533536	DCT_NaCl	detectable	
GSM2533537	DCT_NaCl	detectable	
GSM2533538	DCT_NaCl	detectable	
GSM2533539	DCT_NaCl	detectable	
GSM2533540	DCT_NaCl	detectable	
GSM2533541	DCT_NaCl	detectable	
GSM2533542	DCT_NaCl	detectable	
GSM2533543	DCT_NaCl	detectable	
GSM2533544	DCT_NaCl	detectable	
GSM2533545	DCT_NaCl	detectable	
GSM2533546	DCT_NaCl	detectable	
GSM2533547	DCT_NaCl	detectable	
GSM2533548	DCT_NaCl	detectable	
GSM2533549	DCT_NaCl	detectable	
GSM2533550	DCT_NaCl	detectable	
GSM2533551	DCT_NaCl	detectable	
GSM2533552	DCT_NaCl	detectable	
GSM2533478	DCT_Mg	primary	9.790206645648516
GSM2533479	DCT_Mg	primary	9.71053895518616
GSM2533480	DCT_Mg	primary	9.992082008748913
GSM2533481	DCT_Mg	primary	9.662932127658957
GSM2533482	DCT_Mg	primary	9.93461067333563
GSM2533483	DCT_Mg	primary	9.719791428145696
GSM2533484	DCT_Mg	primary	10.583420372270686
GSM2533485	DCT_Mg	primary	10.589898772088812
GSM2533486	DCT_Mg	primary	10.419489383339194
GSM2533487	DCT_Mg	primary	10.470800485362787
GSM2533488	DCT_Mg	primary	10.563099571567864
GSM2533489	DCT_Mg	primary	10.44049628621892
GSM2533490	DCT_Mg	primary	10.408743767147396
GSM2533491	DCT_Mg	primary	10.566705063925502
GSM2533492	DCT_Mg	primary	10.390869857522926
GSM2533493	DCT_Mg	primary	10.424654413489987
GSM2533494	DCT_Mg	primary	10.562160641443644
GSM2533495	DCT_Mg	primary	9.867611552573129
GSM2533496	DCT_Mg	primary	9.729888329235596
GSM2533497	DCT_Mg	primary	9.769498595698744
GSM2533498	DCT_Mg	primary	9.69499101574891
GSM2533499	DCT_Mg	primary	9.817243025750846
GSM2533500	DCT_Mg	primary	9.734156837141981
GSM2533501	DCT_Mg	primary	9.82975524341659
GSM2533502	DCT_Mg	primary	9.933781867013337
GSM2533503	DCT_Mg	primary	10.27775241863032
GSM2533504	DCT_Mg	primary	9.892908816799997
GSM2533505	DCT_Mg	primary	10.221668786887621
GSM2533506	DCT_Mg	primary	10.197909480382046
GSM2533507	DCT_Mg	primary	10.075416982705374
GSM2533508	DCT_Mg	primary	9.770930921499009
GSM2533509	DCT_Mg	primary	10.325801217053177
GSM2533510	DCT_Mg	primary	10.70089712785725
GSM2533511	DCT_Mg	primary	10.08396131935063
GSM2533512	DCT_Mg	primary	10.325231515425443
GSM2533513	DCT_Mg	primary	10.416846237097811
GSM2533518	DCT_Mg	primary	10.352417295456627
GSM2533519	DCT_Mg	primary	10.340923301131198
GSM2533520	DCT_Mg	primary	10.400775429895196
GSM2533521	DCT_Mg	primary	10.404985440961964
GSM2533522	DCT_Mg	primary	10.369602607409773
GSM2533523	DCT_Mg	primary	10.458934865838923
GSM2533524	DCT_Mg	primary	10.522006155393658
GSM2533525	DCT_Mg	primary	10.738914838960303
GSM2533526	DCT_Mg	primary	10.647862488150162
GSM2533527	DCT_Mg	primary	10.72871553030512
GSM2533528	DCT_Mg	primary	10.672490598569238
GSM2533529	DCT_Mg	primary	10.489295104076323
GSM2533530	DCT_Mg	primary	10.618590016748495
GSM2533531	DCT_Mg	primary	10.472209104572801
GSM2533532	DCT_Mg	primary	10.488666460308952
GSM2533533	DCT_Mg	primary	10.401770266336937
GSM2533534	DCT_Mg	primary	10.616238560205113
GSM2533535	DCT_Mg	primary	10.425162941376119
GSM2533536	DCT_Mg	primary	10.306375621192851
GSM2533537	DCT_Mg	primary	10.441813598919298
GSM2533538	DCT_Mg	primary	10.44084888568619
GSM2533539	DCT_Mg	primary	10.057490760287832
GSM2533540	DCT_Mg	primary	10.371968676193577
GSM2533541	DCT_Mg	primary	10.43254514814721
GSM2533542	DCT_Mg	primary	10.452515367899727
GSM2533543	DCT_Mg	primary	10.520243666473695
GSM2533544	DCT_Mg	primary	10.493371290017091
GSM2533545	DCT_Mg	primary	10.476747096150138
GSM2533546	DCT_Mg	primary	10.55540162250168
GSM2533547	DCT_Mg	primary	10.549986157897367
GSM2533548	DCT_Mg	primary	10.582982964480426
GSM2533549	DCT_Mg	primary	10.69150591954828
GSM2533550	DCT_Mg	primary	10.616043638075416
GSM2533551	DCT_Mg	primary	10.60950751539011
GSM2533552	DCT_Mg	primary	10.661489721564699
GSM2533478	DCT_Mg	detectable	
GSM2533479	DCT_Mg	detectable	
GSM2533480	DCT_Mg	detectable	
GSM2533481	DCT_Mg	detectable	
GSM2533482	DCT_Mg	detectable	9.973167898351068
GSM2533483	DCT_Mg	detectable	9.75083646088272
GSM2533484	DCT_Mg	detectable	10.637243729742773
GSM2533485	DCT_Mg	detectable	10.647446778628694
GSM2533486	DCT_Mg	detectable	10.4741534207827
GSM2533487	DCT_Mg	detectable	10.470800485362787
GSM2533488	DCT_Mg	detectable	10.612533405448762
GSM2533489	DCT_Mg	detectable	10.487516808163882
GSM2533490	DCT_Mg	detectable	10.43857465318531
GSM2533491	DCT_Mg	detectable	10.622740706983013
GSM2533492	DCT_Mg	detectable	10.447263428244426
GSM2533493	DCT_Mg	detectable	10.47950039631028
GSM2533494	DCT_Mg	detectable	10.634191605381503
GSM2533495	DCT_Mg	detectable	9.895036187055188
GSM2533496	DCT_Mg	detectable	9.766548621729113
GSM2533497	DCT_Mg	detectable	9.796310852661337
GSM2533498	DCT_Mg	detectable	9.732668374794757
GSM2533499	DCT_Mg	detectable	9.856567393193819
GSM2533500	DCT_Mg	detectable	9.762573449639351
GSM2533501	DCT_Mg	detectable	9.880707180663935
GSM2533502	DCT_Mg	detectable	9.968468308491488
GSM2533503	DCT_Mg	detectable	10.341728238842581
GSM2533504	DCT_Mg	detectable	9.934070071362711
GSM2533505	DCT_Mg	detectable	10.271504143085316
GSM2533506	DCT_Mg	detectable	10.245086303006683
GSM2533507	DCT_Mg	detectable	10.133517041663941
GSM2533508	DCT_Mg	detectable	9.82553399103178
GSM2533509	DCT_Mg	detectable	10.389908149980144
GSM2533510	DCT_Mg	detectable	10.770230368252388
GSM2533511	DCT_Mg	detectable	10.116448315238202
GSM2533512	DCT_Mg	detectable	10.378717811100788
GSM2533513	DCT_Mg	detectable	10.486777370664095
GSM2533518	DCT_Mg	detectable	
GSM2533519	DCT_Mg	detectable	
GSM2533520	DCT_Mg	detectable	10.462785742644169
GSM2533521	DCT_Mg	detectable	10.473506549950596
GSM2533522	DCT_Mg	detectable	10.427323974303382
GSM2533523	DCT_Mg	detectable	10.523508052293646
GSM2533524	DCT_Mg	detectable	10.588028903716403
GSM2533525	DCT_Mg	detectable	10.815479916638122
GSM2533526	DCT_Mg	detectable	10.647862488150162
GSM2533527	DCT_Mg	detectable	10.79594027929954
GSM2533528	DCT_Mg	detectable	10.74812407420593
GSM2533529	DCT_Mg	detectable	10.539706716267627
GSM2533530	DCT_Mg	detectable	10.669790723891426
GSM2533531	DCT_Mg	detectable	10.511229081813202
GSM2533532	DCT_Mg	detectable	10.527369819918064
GSM2533533	DCT_Mg	detectable	10.432936463807737
GSM2533534	DCT_Mg	detectable	10.65330400614385
GSM2533535	DCT_Mg	detectable	10.455486332442081
GSM2533536	DCT_Mg	detectable	10.339971655862893
GSM2533537	DCT_Mg	detectable	10.522163686873636
GSM2533538	DCT_Mg	detectable	10.533929276580022
GSM2533539	DCT_Mg	detectable	10.090088658485715
GSM2533540	DCT_Mg	detectable	10.43742919851059
GSM2533541	DCT_Mg	detectable	10.465936216724458
GSM2533542	DCT_Mg	detectable	10.50629797364493
GSM2533543	DCT_Mg	detectable	10.581817895223613
GSM2533544	DCT_Mg	detectable	10.55803395847535
GSM2533545	DCT_Mg	detectable	10.522606837308084
GSM2533546	DCT_Mg	detectable	10.622078895688142
GSM2533547	DCT_Mg	detectable	10.627080437594994
GSM2533548	DCT_Mg	detectable	10.66486373490424
GSM2533549	DCT_Mg	detectable	10.756399437946769
GSM2533550	DCT_Mg	detectable	10.681824561659159
GSM2533551	DCT_Mg	detectable	10.65240543345429
GSM2533552	DCT_Mg	detectable	10.731652013787002
GSM2533478	DCT_Ca	primary	8.184164696430583
GSM2533479	DCT_Ca	primary	8.19972524698246
GSM2533480	DCT_Ca	primary	8.940980078598718
GSM2533481	DCT_Ca	primary	8.585256428238141
GSM2533482	DCT_Ca	primary	8.605063881530743
GSM2533483	DCT_Ca	primary	8.738334100805613
GSM2533484	DCT_Ca	primary	9.477696664091518
GSM2533485	DCT_Ca	primary	9.731451338250757
GSM2533486	DCT_Ca	primary	9.674877505050175
GSM2533487	DCT_Ca	primary	9.44438626983362
GSM2533488	DCT_Ca	primary	9.469574480201073
GSM2533489	DCT_Ca	primary	9.352482341009711
GSM2533490	DCT_Ca	primary	9.199027134084403
GSM2533491	DCT_Ca	primary	9.437853394360538
GSM2533492	DCT_Ca	primary	9.34757172117882
GSM2533493	DCT_Ca	primary	9.30604377133809
GSM2533494	DCT_Ca	primary	9.433915888169684
GSM2533495	DCT_Ca	primary	8.744568622502786
GSM2533496	DCT_Ca	primary	8.588066428126943
GSM2533497	DCT_Ca	primary	8.627676498881506
GSM2533498	DCT_Ca	primary	8.575303364961398
GSM2533499	DCT_Ca	primary	8.618336231534418
GSM2533500	DCT_Ca	primary	8.628298201413774
GSM2533501	DCT_Ca	primary	8.793689226671905
GSM2533502	DCT_Ca	primary	9.293571389688683
GSM2533503	DCT_Ca	primary	9.347612872398617
GSM2533504	DCT_Ca	primary	9.084754939283089
GSM2533505	DCT_Ca	primary	9.537537898349585
GSM2533506	DCT_Ca	primary	9.359920526741812
GSM2533507	DCT_Ca	primary	9.089207536710209
GSM2533508	DCT_Ca	primary	8.634166329280378
GSM2533509	DCT_Ca	primary	9.242596956388292
GSM2533510	DCT_Ca	primary	9.48406418836917
GSM2533511	DCT_Ca	primary	9.071605307201793
GSM2533512	DCT_Ca	primary	9.00661465005678
GSM2533513	DCT_Ca	primary	9.252714569197895
GSM2533518	DCT_Ca	primary	9.55245370171771
GSM2533519	DCT_Ca	primary	9.479898051421817
GSM2533520	DCT_Ca	primary	9.610677827468411
GSM2533521	DCT_Ca	primary	9.598667255946125
GSM2533522	DCT_Ca	primary	9.713372188080708
GSM2533523	DCT_Ca	primary	9.51666871498932
GSM2533524	DCT_Ca	primary	9.515652743532875
GSM2533525	DCT_Ca	primary	9.6713456842445
GSM2533526	DCT_Ca	primary	9.106210026602403
GSM2533527	DCT_Ca	primary	9.609636182365223
GSM2533528	DCT_Ca	primary	9.474872185914712
GSM2533529	DCT_Ca	primary	9.187916088280303
GSM2533530	DCT_Ca	primary	9.392318440898238
GSM2533531	DCT_Ca	primary	9.437187994596542
GSM2533532	DCT_Ca	primary	9.43585142648225
GSM2533533	DCT_Ca	primary	9.125832528175735
GSM2533534	DCT_Ca	primary	9.232473331824412
GSM2533535	DCT_Ca	primary	9.282009497333274
GSM2533536	DCT_Ca	primary	9.33076555663504
GSM2533537	DCT_Ca	primary	9.699603604239435
GSM2533538	DCT_Ca	primary	9.353504335437961
GSM2533539	DCT_Ca	primary	9.352268233983919
GSM2533540	DCT_Ca	primary	9.50545526711263
GSM2533541	DCT_Ca	primary	9.658839399087805
GSM2533542	DCT_Ca	primary	9.458469617516421
GSM2533543	DCT_Ca	primary	9.249193846405142
GSM2533544	DCT_Ca	primary	9.31756498045327
GSM2533545	DCT_Ca	primary	9.212298619289063
GSM2533546	DCT_Ca	primary	9.460690064066686
GSM2533547	DCT_Ca	primary	9.434401914728548
GSM2533548	DCT_Ca	primary	9.539011590119488
GSM2533549	DCT_Ca	primary	9.553840816848037
GSM2533550	DCT_Ca	primary	9.436657020756176
GSM2533551	DCT_Ca	primary	9.089209169913703
GSM2533552	DCT_Ca	primary	9.283210132933906
GSM2533478	DCT_Ca	detectable	
GSM2533479	DCT_Ca	detectable	
GSM2533480	DCT_Ca	detectable	
GSM2533481	DCT_Ca	detectable	
GSM2533482	DCT_Ca	detectable	8.611035509635785
GSM2533483	DCT_Ca	detectable	8.834189904104313
GSM2533484	DCT_Ca	detectable	9.533808072309101
GSM2533485	DCT_Ca	detectable	9.778370154429577
GSM2533486	DCT_Ca	detectable	9.713795607714419
GSM2533487	DCT_Ca	detectable	9.44438626983362
GSM2533488	DCT_Ca	detectable	9.513476049993331
GSM2533489	DCT_Ca	detectable	9.395259101666003
GSM2533490	DCT_Ca	detectable	9.239172105191525
GSM2533491	DCT_Ca	detectable	9.477520550385893
GSM2533492	DCT_Ca	detectable	9.38570776245225
GSM2533493	DCT_Ca	detectable	9.329465553147385
GSM2533494	DCT_Ca	detectable	9.469704313890887
GSM2533495	DCT_Ca	detectable	8.783531737999047
GSM2533496	DCT_Ca	detectable	8.650176969986529
GSM2533497	DCT_Ca	detectable	8.726062856766173
GSM2533498	DCT_Ca	detectable	8.612140648239807
GSM2533499	DCT_Ca	detectable	8.633077255185668
GSM2533500	DCT_Ca	detectable	8.637124839986315
GSM2533501	DCT_Ca	detectable	8.814981530853657
GSM2533502	DCT_Ca	detectable	9.308830835699192
GSM2533503	DCT_Ca	detectable	9.387706484022528
GSM2533504	DCT_Ca	detectable	9.101964155494677
GSM2533505	DCT_Ca	detectable	9.548392766581925
GSM2533506	DCT_Ca	detectable	9.402348318524053
GSM2533507	DCT_Ca	detectable	9.132898484879002
GSM2533508	DCT_Ca	detectable	8.649007402523774
GSM2533509	DCT_Ca	detectable	9.311881568659492
GSM2533510	DCT_Ca	detectable	9.570153353077572
GSM2533511	DCT_Ca	detectable	9.13389451278935
GSM2533512	DCT_Ca	detectable	9.061648455547811
GSM2533513	DCT_Ca	detectable	9.295616758977223
GSM2533518	DCT_Ca	detectable	
GSM2533519	DCT_Ca	detectable	
GSM2533520	DCT_Ca	detectable	9.680123532337618
GSM2533521	DCT_Ca	detectable	9.664104538408981
GSM2533522	DCT_Ca	detectable	9.719324993392497
GSM2533523	DCT_Ca	detectable	9.584795700563422
GSM2533524	DCT_Ca	detectable	9.557362686702128
GSM2533525	DCT_Ca	detectable	9.723647381580426
GSM2533526	DCT_Ca	detectable	9.106210026602403
GSM2533527	DCT_Ca	detectable	9.634675637161589
GSM2533528	DCT_Ca	detectable	9.516770660135041
GSM2533529	DCT_Ca	detectable	9.22774260886133
GSM2533530	DCT_Ca	detectable	9.401620443037817
GSM2533531	DCT_Ca	detectable	9.472150942001157
GSM2533532	DCT_Ca	detectable	9.482078507708326
GSM2533533	DCT_Ca	detectable	9.16689681659125
GSM2533534	DCT_Ca	detectable	9.279961908759567
GSM2533535	DCT_Ca	detectable	9.299462685421796
GSM2533536	DCT_Ca	detectable	9.38776787884839
GSM2533537	DCT_Ca	detectable	9.758762466338244
GSM2533538	DCT_Ca	detectable	9.39635479324004
GSM2533539	DCT_Ca	detectable	9.35376404488559
GSM2533540	DCT_Ca	detectable	9.528060388402535
GSM2533541	DCT_Ca	detectable	9.66713345097872
GSM2533542	DCT_Ca	detectable	9.491107527656016
GSM2533543	DCT_Ca	detectable	9.295535499267617
GSM2533544	DCT_Ca	detectable	9.363699519765884
GSM2533545	DCT_Ca	detectable	9.273630756781243
GSM2533546	DCT_Ca	detectable	9.51178331240639
GSM2533547	DCT_Ca	detectable	9.48457881245056
GSM2533548	DCT_Ca	detectable	9.595930826497195
GSM2533549	DCT_Ca	detectable	9.58229327852187
GSM2533550	DCT_Ca	detectable	9.476777863839036
GSM2533551	DCT_Ca	detectable	9.130563280916771
GSM2533552	DCT_Ca	detectable	9.320390649830458
