group	annotation	gene	mean_log1p_cp10k	mean_fraction_detected	n_donors
Control	ATL	AQP2	0.007385749174669422	0.003174603174603171	7
Control	ATL	AQP3	0.0	0.0	7
Control	ATL	AQP4	0.021653940762984113	0.011650114591291057	7
Control	ATL	ATP6V0A4	0.07988387909384861	0.04162634750870043	7
Control	ATL	ATP6V1B1	0.0	0.0	7
Control	ATL	ATP6V1G3	0.0	0.0	7
Control	ATL	AVPR2	0.0	0.0	7
Control	ATL	CA2	0.0	0.0	7
Control	ATL	CALB1	0.0	0.0	7
Control	ATL	CCL2	0.005587237216535472	0.0031746031746031746	7
Control	ATL	CD3D	0.0	0.0	7
Control	ATL	CLCNKA	0.04908130601066481	0.030676513029454185	7
Control	ATL	CLCNKB	0.03883209687060292	0.020761097231685455	7
Control	ATL	CLDN16	0.061243539434709705	0.03085901027077496	7
Control	ATL	CLDN19	0.057402122553616035	0.03207053501171146	7
Control	ATL	COL1A1	0.026860249617996917	0.015079365079365076	7
Control	ATL	COL3A1	0.0	0.0	7
Control	ATL	CUBN	0.3877183497409909	0.2061613179260238	7
Control	ATL	CXCL1	0.012194447125075586	0.008403361344537815	7
Control	ATL	DCDC2	1.0260314560953976	0.47561144031732266	7
Control	ATL	FOXI1	0.0	0.0	7
Control	ATL	HAVCR1	0.0	0.0	7
Control	ATL	ICAM1	0.0	0.0	7
Control	ATL	ITGB6	0.6166606443754065	0.30309132662073834	7
Control	ATL	ITGB8	1.2138019729987708	0.4534559769853888	7
Control	ATL	KCNJ1	0.0	0.0	7
Control	ATL	KCNJ10	0.0	0.0	7
Control	ATL	KCNJ16	0.1774772488587198	0.08513559395912336	7
Control	ATL	LRP2	0.48041149030180763	0.25209659621424324	7
Control	ATL	LST1	0.0	0.0	7
Control	ATL	MS4A1	0.0	0.0	7
Control	ATL	PECAM1	0.0	0.0	7
Control	ATL	PROM1	1.123563445012076	0.4373056020114844	7
Control	ATL	PTPRC	0.008783023439593798	0.003861003861003857	7
Control	ATL	PVALB	0.0	0.0	7
Control	ATL	RHBG	0.0	0.0	7
Control	ATL	RHCG	0.0	0.0	7
Control	ATL	SCNN1A	0.3886742374927673	0.180325856796445	7
Control	ATL	SCNN1B	0.0	0.0	7
Control	ATL	SCNN1G	0.025916942295722143	0.015851795263559957	7
Control	ATL	SLC12A1	0.573669175215521	0.22201437495555143	7
Control	ATL	SLC12A3	0.01850485361308362	0.010968760968760958	7
Control	ATL	SLC26A4	0.0064921935115763016	0.003174603174603171	7
Control	ATL	SLC34A1	0.005379668954839383	0.003174603174603171	7
Control	ATL	SLC4A1	0.0	0.0	7
Control	ATL	SLC8A1	0.08650527143273538	0.041899921311685996	7
Control	ATL	SPP1	0.09736332220170055	0.051075712840418695	7
Control	ATL	TRPM6	0.007482841288369089	0.003174603174603171	7
Control	ATL	TRPV5	0.010345028287236827	0.0042016806722689004	7
Control	ATL	UMOD	0.08052903280898809	0.03453751689045804	7
Control	ATL	VCAM1	0.0	0.0	7
Control	ATL	VWF	0.007482841288369089	0.003174603174603171	7
Control	B Cell	AQP2	0.0	0.0	6
Control	B Cell	AQP3	0.0	0.0	6
Control	B Cell	AQP4	0.0	0.0	6
Control	B Cell	ATP6V0A4	0.0	0.0	6
Control	B Cell	ATP6V1B1	0.0	0.0	6
Control	B Cell	ATP6V1G3	0.0	0.0	6
Control	B Cell	AVPR2	0.0	0.0	6
Control	B Cell	CA2	0.0	0.0	6
Control	B Cell	CALB1	0.0	0.0	6
Control	B Cell	CCL2	0.0	0.0	6
Control	B Cell	CD3D	0.0	0.0	6
Control	B Cell	CLCNKA	0.0	0.0	6
Control	B Cell	CLCNKB	0.039328259450772625	0.016666666666666666	6
Control	B Cell	CLDN16	0.0	0.0	6
Control	B Cell	CLDN19	0.0	0.0	6
Control	B Cell	COL1A1	0.0	0.0	6
Control	B Cell	COL3A1	0.0	0.0	6
Control	B Cell	CUBN	0.19058899469484455	0.07309941520467834	6
Control	B Cell	CXCL1	0.0	0.0	6
Control	B Cell	DCDC2	0.11077022775454902	0.061111111111111116	6
Control	B Cell	FOXI1	0.0	0.0	6
Control	B Cell	HAVCR1	0.023744266157734163	0.011111111111111112	6
Control	B Cell	ICAM1	0.0	0.0	6
Control	B Cell	ITGB6	0.0	0.0	6
Control	B Cell	ITGB8	0.10112370716891811	0.044444444444444446	6
Control	B Cell	KCNJ1	0.0	0.0	6
Control	B Cell	KCNJ10	0.0	0.0	6
Control	B Cell	KCNJ16	0.011346626181979633	0.011111111111111112	6
Control	B Cell	LRP2	0.17027153028516925	0.0865497076023392	6
Control	B Cell	LST1	0.0	0.0	6
Control	B Cell	MS4A1	1.1131405977305016	0.4016081871345029	6
Control	B Cell	PECAM1	0.2824855809392593	0.12777777777777777	6
Control	B Cell	PROM1	0.0	0.0	6
Control	B Cell	PTPRC	1.6851535652555185	0.5742690058479533	6
Control	B Cell	PVALB	0.0	0.0	6
Control	B Cell	RHBG	0.0	0.0	6
Control	B Cell	RHCG	0.0	0.0	6
Control	B Cell	SCNN1A	0.0	0.0	6
Control	B Cell	SCNN1B	0.029527163328072936	0.016666666666666666	6
Control	B Cell	SCNN1G	0.0	0.0	6
Control	B Cell	SLC12A1	0.0320228981629995	0.019883040935672513	6
Control	B Cell	SLC12A3	0.08428156587607699	0.03333333333333333	6
Control	B Cell	SLC26A4	0.0	0.0	6
Control	B Cell	SLC34A1	0.011346626181979633	0.011111111111111112	6
Control	B Cell	SLC4A1	0.0	0.0	6
Control	B Cell	SLC8A1	0.11955793737779363	0.05277777777777778	6
Control	B Cell	SPP1	0.13295627422814046	0.05833333333333333	6
Control	B Cell	TRPM6	0.0	0.0	6
Control	B Cell	TRPV5	0.0	0.0	6
Control	B Cell	UMOD	0.249452986622112	0.13099415204678364	6
Control	B Cell	VCAM1	0.0	0.0	6
Control	B Cell	VWF	0.011346626181979633	0.011111111111111112	6
Control	CNT	AQP2	0.34608109388166236	0.16236015293956643	7
Control	CNT	AQP3	0.05553309363980569	0.03204015591001056	7
Control	CNT	AQP4	0.0	0.0	7
Control	CNT	ATP6V0A4	1.1497180991619778	0.506385461263007	7
Control	CNT	ATP6V1B1	0.36078813723628966	0.19939927741021438	7
Control	CNT	ATP6V1G3	0.00209344757896075	0.0011882140595011847	7
Control	CNT	AVPR2	0.08727490692571693	0.04858104858104857	7
Control	CNT	CA2	0.23180574740603957	0.1305802333691191	7
Control	CNT	CALB1	0.824893132195518	0.3994577100183581	7
Control	CNT	CCL2	0.0	0.0	7
Control	CNT	CD3D	0.002243180808083119	0.0014430014430014432	7
Control	CNT	CLCNKA	0.2912447302885611	0.15445013466340243	7
Control	CNT	CLCNKB	0.39146400963832734	0.209174246032082	7
Control	CNT	CLDN16	0.00466572893227371	0.0037163371688671036	7
Control	CNT	CLDN19	0.0014505675512523277	0.001141429818188064	7
Control	CNT	COL1A1	0.0037675578721002192	0.0024050024050023995	7
Control	CNT	COL3A1	0.0	0.0	7
Control	CNT	CUBN	0.12913257629035066	0.07049026103010952	7
Control	CNT	CXCL1	0.0	0.0	7
Control	CNT	DCDC2	1.7714582350120704	0.7147319045382449	7
Control	CNT	FOXI1	0.0013623409609849549	0.0008684324793747202	7
Control	CNT	HAVCR1	0.0005434278649600002	0.0004342162396873571	7
Control	CNT	ICAM1	0.018584457004369195	0.01351365077532313	7
Control	CNT	ITGB6	0.20824898697654529	0.1200187933501226	7
Control	CNT	ITGB8	0.3017208026383538	0.16339189262732326	7
Control	CNT	KCNJ1	0.5791802579813773	0.29295445431216943	7
Control	CNT	KCNJ10	0.030633818059221225	0.02022421736494331	7
Control	CNT	KCNJ16	0.38929836088448255	0.22529077762858293	7
Control	CNT	LRP2	0.0582954157030582	0.033083555657453995	7
Control	CNT	LST1	0.0	0.0	7
Control	CNT	MS4A1	0.0038420919227954097	0.0018815607050901117	7
Control	CNT	PECAM1	0.006902374748196411	0.003938191438191428	7
Control	CNT	PROM1	0.0893258492055108	0.05143125313538697	7
Control	CNT	PTPRC	0.02161949394156221	0.012153221215464305	7
Control	CNT	PVALB	0.0429305523553375	0.027536828148267276	7
Control	CNT	RHBG	0.5478749480725437	0.3132944318636058	7
Control	CNT	RHCG	0.7631383974431255	0.37411075442874164	7
Control	CNT	SCNN1A	0.6842099806114837	0.350057477447791	7
Control	CNT	SCNN1B	0.6258813946336816	0.2915620137228804	7
Control	CNT	SCNN1G	0.7791997660476294	0.3643194316211968	7
Control	CNT	SLC12A1	0.12029728615369027	0.0649838620304289	7
Control	CNT	SLC12A3	0.14046395421505417	0.058997181260138074	7
Control	CNT	SLC26A4	0.006757313782556228	0.0036834040546911786	7
Control	CNT	SLC34A1	0.008454260663570237	0.004195476192897769	7
Control	CNT	SLC4A1	0.0138202602677685	0.007144782829307533	7
Control	CNT	SLC8A1	3.351575867524759	0.8126820292310185	7
Control	CNT	SPP1	0.1524015372727431	0.07055817737498297	7
Control	CNT	TRPM6	0.4996221264257464	0.2343848697994265	7
Control	CNT	TRPV5	0.13666856057806548	0.07350832863019693	7
Control	CNT	UMOD	0.0715441970918894	0.03961158551708569	7
Control	CNT	VCAM1	0.001789878462859587	0.001141429818188064	7
Control	CNT	VWF	0.014185410876247442	0.00847617684512015	7
Control	DCT	AQP2	0.006146301702426741	0.005248463590336907	7
Control	DCT	AQP3	0.002107855230608195	0.001442280663059872	7
Control	DCT	AQP4	0.002541539063093318	0.0021095970368362046	7
Control	DCT	ATP6V0A4	1.329094860825716	0.6331210198973712	7
Control	DCT	ATP6V1B1	0.5682626375662452	0.3642876426047344	7
Control	DCT	ATP6V1G3	0.0025299506379591746	0.0023720910275531956	7
Control	DCT	AVPR2	0.0	0.0	7
Control	DCT	CA2	0.29454779292201094	0.18378010728063826	7
Control	DCT	CALB1	0.47236351733395415	0.2332881689726423	7
Control	DCT	CCL2	0.002409003322314788	0.0017442874585731683	7
Control	DCT	CD3D	0.0	0.0	7
Control	DCT	CLCNKA	0.5038411910118242	0.3416743052277532	7
Control	DCT	CLCNKB	0.7524650310714477	0.4556210155075422	7
Control	DCT	CLDN16	0.0089642981746349	0.006251941904739588	7
Control	DCT	CLDN19	0.009722213471484156	0.007016541026863536	7
Control	DCT	COL1A1	0.0028060939499717544	0.002109597036836218	7
Control	DCT	COL3A1	0.0018843009483530333	0.0014836703912334132	7
Control	DCT	CUBN	0.13046860506848945	0.08844126903341717	7
Control	DCT	CXCL1	0.0	0.0	7
Control	DCT	DCDC2	1.3575507867398742	0.6550089257685822	7
Control	DCT	FOXI1	0.0005923526435504306	0.0005017391572013336	7
Control	DCT	HAVCR1	0.006450693055630632	0.004444717637622277	7
Control	DCT	ICAM1	0.01024164206746071	0.008078263944779049	7
Control	DCT	ITGB6	0.19609854597354914	0.13348363301408817	7
Control	DCT	ITGB8	0.05870352788735089	0.036665259604945426	7
Control	DCT	KCNJ1	0.7325191158008664	0.43929565572320234	7
Control	DCT	KCNJ10	0.1312298469749426	0.08899536980272595	7
Control	DCT	KCNJ16	0.949774269641008	0.5618719551455396	7
Control	DCT	LRP2	0.07409825092899355	0.05116445153617447	7
Control	DCT	LST1	0.0	0.0	7
Control	DCT	MS4A1	0.0028225090702246117	0.00122100122100122	7
Control	DCT	PECAM1	0.012358734024996156	0.010138104621884804	7
Control	DCT	PROM1	0.023090924818422176	0.014386268671796603	7
Control	DCT	PTPRC	0.017579929130011083	0.01135757658983355	7
Control	DCT	PVALB	0.05242494703108547	0.036919567521031996	7
Control	DCT	RHBG	0.5451358490282342	0.34411123129004956	7
Control	DCT	RHCG	0.3183526368878096	0.21619800107101897	7
Control	DCT	SCNN1A	0.712916045387425	0.44721296485350226	7
Control	DCT	SCNN1B	0.006341469915270406	0.005515740167960225	7
Control	DCT	SCNN1G	0.004865603579020393	0.003876457627226209	7
Control	DCT	SLC12A1	0.11610720074440899	0.07502389375165089	7
Control	DCT	SLC12A3	4.189012816013023	0.9921058569645277	7
Control	DCT	SLC26A4	0.001986019825253015	0.0012004801920768276	7
Control	DCT	SLC34A1	0.012163462958184573	0.00786610893562763	7
Control	DCT	SLC4A1	0.0033028489541592496	0.002202081583102275	7
Control	DCT	SLC8A1	1.8353804509826972	0.5032714490082802	7
Control	DCT	SPP1	0.9186241797280852	0.44818903626036233	7
Control	DCT	TRPM6	1.7351456321878873	0.6985584837566429	7
Control	DCT	TRPV5	0.13687368055087715	0.07840759508388863	7
Control	DCT	UMOD	0.15276258437458679	0.09886273768962095	7
Control	DCT	VCAM1	0.006775625689121415	0.004627997912761918	7
Control	DCT	VWF	0.008561905310224055	0.006323245344840662	7
Control	DTL	AQP2	0.0	0.0	7
Control	DTL	AQP3	0.0	0.0	7
Control	DTL	AQP4	0.0	0.0	7
Control	DTL	ATP6V0A4	0.035411307182542116	0.019841269841269826	7
Control	DTL	ATP6V1B1	0.0	0.0	7
Control	DTL	ATP6V1G3	0.0	0.0	7
Control	DTL	AVPR2	0.0	0.0	7
Control	DTL	CA2	0.022452195096715772	0.0119047619047619	7
Control	DTL	CALB1	0.0	0.0	7
Control	DTL	CCL2	0.0	0.0	7
Control	DTL	CD3D	0.0	0.0	7
Control	DTL	CLCNKA	0.0	0.0	7
Control	DTL	CLCNKB	0.023754182165356692	0.0147392290249433	7
Control	DTL	CLDN16	0.02750935030618676	0.017857142857142856	7
Control	DTL	CLDN19	0.08664165942577107	0.046485260770975034	7
Control	DTL	COL1A1	0.0	0.0	7
Control	DTL	COL3A1	0.0	0.0	7
Control	DTL	CUBN	0.7552612457912209	0.35722622382286245	7
Control	DTL	CXCL1	0.0	0.0	7
Control	DTL	DCDC2	0.6812533003309325	0.3574763238628785	7
Control	DTL	FOXI1	0.0	0.0	7
Control	DTL	HAVCR1	0.30452618438673024	0.1841236494597839	7
Control	DTL	ICAM1	0.0	0.0	7
Control	DTL	ITGB6	0.20032775704287623	0.09303721488595437	7
Control	DTL	ITGB8	1.8801385306341447	0.7504835267440308	7
Control	DTL	KCNJ1	0.03213034085274887	0.017857142857142856	7
Control	DTL	KCNJ10	0.0	0.0	7
Control	DTL	KCNJ16	0.35655945512911164	0.21738695478191275	7
Control	DTL	LRP2	1.4999629029680175	0.6416066426570628	7
Control	DTL	LST1	0.0	0.0	7
Control	DTL	MS4A1	0.0	0.0	7
Control	DTL	PECAM1	0.013132451785146115	0.006802721088435372	7
Control	DTL	PROM1	1.0567636182145834	0.5169567827130852	7
Control	DTL	PTPRC	0.048534219775117425	0.02626050420168067	7
Control	DTL	PVALB	0.0	0.0	7
Control	DTL	RHBG	0.01437620227786338	0.007936507936507927	7
Control	DTL	RHCG	0.0	0.0	7
Control	DTL	SCNN1A	0.32173780885352266	0.2086001067093504	7
Control	DTL	SCNN1B	0.009338759718883144	0.006802721088435372	7
Control	DTL	SCNN1G	0.0	0.0	7
Control	DTL	SLC12A1	0.09288845611401934	0.04893624116313191	7
Control	DTL	SLC12A3	0.06292998415448563	0.02427637721755368	7
Control	DTL	SLC26A4	0.0	0.0	7
Control	DTL	SLC34A1	0.0	0.0	7
Control	DTL	SLC4A1	0.03135958839285994	0.016339869281045742	7
Control	DTL	SLC8A1	0.07703099520568656	0.04308390022675736	7
Control	DTL	SPP1	0.24550391130082008	0.13170268107242894	7
Control	DTL	TRPM6	0.011665605341093527	0.006802721088435372	7
Control	DTL	TRPV5	0.0	0.0	7
Control	DTL	UMOD	0.22423537584378767	0.11856409230358808	7
Control	DTL	VCAM1	0.11477794813466838	0.060841003067893806	7
Control	DTL	VWF	0.0	0.0	7
Control	Endothelia	AQP2	0.0019127209215589749	0.0008710801393728163	7
Control	Endothelia	AQP3	0.005919467485537057	0.0032964135021096947	7
Control	Endothelia	AQP4	0.0	0.0	7
Control	Endothelia	ATP6V0A4	0.011543858147086583	0.0065482857922161035	7
Control	Endothelia	ATP6V1B1	0.02201625559470116	0.009370571007980463	7
Control	Endothelia	ATP6V1G3	0.0	0.0	7
Control	Endothelia	AVPR2	0.0	0.0	7
Control	Endothelia	CA2	0.06604222162061432	0.030917486855261463	7
Control	Endothelia	CALB1	0.007396387895346394	0.0029122986764526008	7
Control	Endothelia	CCL2	0.04448877237283596	0.020305997620228004	7
Control	Endothelia	CD3D	0.0018986426017233023	0.0008710801393728209	7
Control	Endothelia	CLCNKA	0.008183819691780257	0.004502765371605241	7
Control	Endothelia	CLCNKB	0.011057719010649713	0.004913001858212719	7
Control	Endothelia	CLDN16	0.002261563507619358	0.0008305647840531558	7
Control	Endothelia	CLDN19	0.0	0.0	7
Control	Endothelia	COL1A1	0.0	0.0	7
Control	Endothelia	COL3A1	0.08832932756692169	0.036165277013124865	7
Control	Endothelia	CUBN	0.13739203319405008	0.05841056920531295	7
Control	Endothelia	CXCL1	0.0	0.0	7
Control	Endothelia	DCDC2	0.05161129379489309	0.02181137180952328	7
Control	Endothelia	FOXI1	0.0	0.0	7
Control	Endothelia	HAVCR1	0.0054156994611623075	0.002698748991121865	7
Control	Endothelia	ICAM1	0.14880036897180862	0.05857202046850541	7
Control	Endothelia	ITGB6	0.0245298322160226	0.009943320921547079	7
Control	Endothelia	ITGB8	0.015802688747306164	0.007673430972239327	7
Control	Endothelia	KCNJ1	0.010650033870417297	0.005611047667574467	7
Control	Endothelia	KCNJ10	0.007990881262263437	0.002698748991121866	7
Control	Endothelia	KCNJ16	0.019358002950466486	0.007141648419672855	7
Control	Endothelia	LRP2	0.042115947413203444	0.01783432743580079	7
Control	Endothelia	LST1	0.0	0.0	7
Control	Endothelia	MS4A1	0.0	0.0	7
Control	Endothelia	PECAM1	1.4396944461320638	0.5474260927369283	7
Control	Endothelia	PROM1	0.02000712215883727	0.007910357101988272	7
Control	Endothelia	PTPRC	0.012091791584002674	0.004842338985259047	7
Control	Endothelia	PVALB	0.0	0.0	7
Control	Endothelia	RHBG	0.007450779040758297	0.004126978286162846	7
Control	Endothelia	RHCG	0.010918654490585407	0.0036722005875520847	7
Control	Endothelia	SCNN1A	0.018090851181952663	0.008352578199546953	7
Control	Endothelia	SCNN1B	0.009836726838942779	0.004167493641482515	7
Control	Endothelia	SCNN1G	0.01015796780741766	0.0045070672551363235	7
Control	Endothelia	SLC12A1	0.07937523733650734	0.03555287124957261	7
Control	Endothelia	SLC12A3	0.06970117422362627	0.026865130281131022	7
Control	Endothelia	SLC26A4	0.01524657175557064	0.007803480757246032	7
Control	Endothelia	SLC34A1	0.003539303180969743	0.0012106537530266286	7
Control	Endothelia	SLC4A1	0.0017803746305705252	0.0008710801393728163	7
Control	Endothelia	SLC8A1	0.5138272141630401	0.1883003938145184	7
Control	Endothelia	SPP1	0.10351185634387837	0.045870115137924126	7
Control	Endothelia	TRPM6	0.08189279083030483	0.03411090982901394	7
Control	Endothelia	TRPV5	0.0	0.0	7
Control	Endothelia	UMOD	0.13482244599504942	0.0558347329680629	7
Control	Endothelia	VCAM1	0.10527950062323037	0.04447702383822061	7
Control	Endothelia	VWF	0.19865964688917473	0.0789797860813305	7
Control	IC-A	AQP2	0.019360593397358048	0.011235598117629378	7
Control	IC-A	AQP3	0.011503424001501726	0.009630976808258387	7
Control	IC-A	AQP4	0.0	0.0	7
Control	IC-A	ATP6V0A4	2.028206726631038	0.8643480354054321	7
Control	IC-A	ATP6V1B1	0.8974813042209705	0.5055685467275346	7
Control	IC-A	ATP6V1G3	0.6770411705824017	0.41773544514652855	7
Control	IC-A	AVPR2	0.0	0.0	7
Control	IC-A	CA2	0.16831612721522857	0.11659263494235501	7
Control	IC-A	CALB1	0.018402025039330642	0.010862658118087816	7
Control	IC-A	CCL2	0.001348579219128059	0.001124859392575922	7
Control	IC-A	CD3D	0.06812889978274715	0.039198606271777	7
Control	IC-A	CLCNKA	0.4524961468596534	0.2929364663570064	7
Control	IC-A	CLCNKB	0.7817988109546711	0.4746609689643287	7
Control	IC-A	CLDN16	0.013300375726949159	0.008093500507558493	7
Control	IC-A	CLDN19	0.0	0.0	7
Control	IC-A	COL1A1	0.00532396871583253	0.004609179950067212	7
Control	IC-A	COL3A1	0.0021290879672638987	0.0011904761904761904	7
Control	IC-A	CUBN	0.13403367587439655	0.08428201888797873	7
Control	IC-A	CXCL1	0.001348579219128059	0.001124859392575922	7
Control	IC-A	DCDC2	0.3567871971103104	0.23308394243135794	7
Control	IC-A	FOXI1	0.45158611453125097	0.30064965054059406	7
Control	IC-A	HAVCR1	0.0034659601704703493	0.0029326364692218265	7
Control	IC-A	ICAM1	0.03591642186449694	0.02661110233576302	7
Control	IC-A	ITGB6	0.23718983782236064	0.15794752488958233	7
Control	IC-A	ITGB8	0.056263252129361306	0.038742384801803045	7
Control	IC-A	KCNJ1	0.005499756542334444	0.004609179950067209	7
Control	IC-A	KCNJ10	0.01085601819878967	0.006464467519640489	7
Control	IC-A	KCNJ16	0.02056113148958932	0.011941614616079715	7
Control	IC-A	LRP2	0.04777032736652742	0.03348188138995334	7
Control	IC-A	LST1	0.0	0.0	7
Control	IC-A	MS4A1	0.0	0.0	7
Control	IC-A	PECAM1	0.001427939797486028	0.001124859392575922	7
Control	IC-A	PROM1	0.020561437116735217	0.013043375194275274	7
Control	IC-A	PTPRC	0.12358205646353301	0.0826783433533889	7
Control	IC-A	PVALB	0.026856358403078845	0.019288357954388772	7
Control	IC-A	RHBG	1.2198740385526408	0.6831600865214522	7
Control	IC-A	RHCG	1.042975032977189	0.5718480827097986	7
Control	IC-A	SCNN1A	0.9288985128908135	0.5680190424032217	7
Control	IC-A	SCNN1B	0.007971922333762977	0.005364019805611585	7
Control	IC-A	SCNN1G	0.0060571413713607	0.0034843205574912857	7
Control	IC-A	SLC12A1	0.09173876187916616	0.06036202227051442	7
Control	IC-A	SLC12A3	0.23569424666242414	0.12357561348418795	7
Control	IC-A	SLC26A4	0.01027284607890301	0.0094446144817897	7
Control	IC-A	SLC34A1	0.00730809268931349	0.005937195109918047	7
Control	IC-A	SLC4A1	1.271341171503542	0.6363610262627779	7
Control	IC-A	SLC8A1	0.22486234538726185	0.11388836370154894	7
Control	IC-A	SPP1	0.08030527648981389	0.055323460726070826	7
Control	IC-A	TRPM6	0.01167660078231754	0.007199593471868632	7
Control	IC-A	TRPV5	0.003039965819941278	0.001855287569573281	7
Control	IC-A	UMOD	0.2147804998905196	0.1459294528525364	7
Control	IC-A	VCAM1	0.007977567153861826	0.006420341937777243	7
Control	IC-A	VWF	0.18577762983179452	0.11285797552026064	7
Control	IC-B	AQP2	0.004414956218566814	0.002394253790901827	7
Control	IC-B	AQP3	0.0	0.0	7
Control	IC-B	AQP4	0.0	0.0	7
Control	IC-B	ATP6V0A4	2.5474408605689334	0.8992599771131295	7
Control	IC-B	ATP6V1B1	0.9795447209943376	0.4807972938060727	7
Control	IC-B	ATP6V1G3	0.63358036539823	0.3518709690297878	7
Control	IC-B	AVPR2	0.0	0.0	7
Control	IC-B	CA2	0.18353093017316363	0.11238422686946227	7
Control	IC-B	CALB1	0.007049632061745377	0.004879717250028488	7
Control	IC-B	CCL2	0.0	0.0	7
Control	IC-B	CD3D	0.0	0.0	7
Control	IC-B	CLCNKA	0.18058624356273953	0.10955906881685011	7
Control	IC-B	CLCNKB	0.3550384158052132	0.20799328365170341	7
Control	IC-B	CLDN16	0.01912594574766568	0.010170722541033775	7
Control	IC-B	CLDN19	0.0	0.0	7
Control	IC-B	COL1A1	0.00498581596522239	0.005291005291005285	7
Control	IC-B	COL3A1	0.0	0.0	7
Control	IC-B	CUBN	0.10799608300408829	0.06057249038095006	7
Control	IC-B	CXCL1	0.0	0.0	7
Control	IC-B	DCDC2	0.6604848020652104	0.3453530670210638	7
Control	IC-B	FOXI1	0.28453032532039246	0.14912567701873367	7
Control	IC-B	HAVCR1	0.0022768370760917543	0.0015961691939345571	7
Control	IC-B	ICAM1	0.0052465471408588765	0.002394253790901827	7
Control	IC-B	ITGB6	0.08855020801455796	0.043645918386540854	7
Control	IC-B	ITGB8	0.18595564891999822	0.1121891587174907	7
Control	IC-B	KCNJ1	0.022988405665426	0.013812141864815431	7
Control	IC-B	KCNJ10	0.0012196738626058998	0.0007980845969672745	7
Control	IC-B	KCNJ16	0.03423603224554209	0.022604584974896202	7
Control	IC-B	LRP2	0.22638932138108767	0.09558921023406257	7
Control	IC-B	LST1	0.0	0.0	7
Control	IC-B	MS4A1	0.0	0.0	7
Control	IC-B	PECAM1	0.0	0.0	7
Control	IC-B	PROM1	0.010267767188552874	0.007411841210723884	7
Control	IC-B	PTPRC	0.5675867153241895	0.30424138393013095	7
Control	IC-B	PVALB	0.03053236508897386	0.019347639738701176	7
Control	IC-B	RHBG	0.927491717876649	0.48389208852097915	7
Control	IC-B	RHCG	0.03443862727993764	0.022039802885772543	7
Control	IC-B	SCNN1A	1.1894792588214382	0.5724396129424062	7
Control	IC-B	SCNN1B	0.004098662469838069	0.0028389009234978733	7
Control	IC-B	SCNN1G	0.009573586133849208	0.0068871744849398325	7
Control	IC-B	SLC12A1	0.09479621191441141	0.049179535252959004	7
Control	IC-B	SLC12A3	0.11229109347440605	0.055446169213128484	7
Control	IC-B	SLC26A4	2.677976854186621	0.7848218820285859	7
Control	IC-B	SLC34A1	0.0009425907784310083	0.0007980845969672732	7
Control	IC-B	SLC4A1	0.007529813428453129	0.0040816326530612144	7
Control	IC-B	SLC8A1	0.11409547966882687	0.06524550794303387	7
Control	IC-B	SPP1	0.2806365079166104	0.12093638087253407	7
Control	IC-B	TRPM6	0.00452626366254788	0.0021208359197185953	7
Control	IC-B	TRPV5	0.0	0.0	7
Control	IC-B	UMOD	0.24193230696111692	0.14117819014068014	7
Control	IC-B	VCAM1	0.01566062596226399	0.006887174484939842	7
Control	IC-B	VWF	0.13014389526821518	0.07302896329233118	7
Control	Interstitium	AQP2	0.00887140830285034	0.004053287981859404	7
Control	Interstitium	AQP3	0.004569098773836677	0.0017857142857142796	7
Control	Interstitium	AQP4	0.0	0.0	7
Control	Interstitium	ATP6V0A4	0.005604914592945843	0.0017857142857142796	7
Control	Interstitium	ATP6V1B1	0.0	0.0	7
Control	Interstitium	ATP6V1G3	0.0	0.0	7
Control	Interstitium	AVPR2	0.0	0.0	7
Control	Interstitium	CA2	0.009258048185202395	0.004053287981859404	7
Control	Interstitium	CALB1	0.0	0.0	7
Control	Interstitium	CCL2	0.06173215566783084	0.026758071649712504	7
Control	Interstitium	CD3D	0.025198916409631834	0.0132719754568494	7
Control	Interstitium	CLCNKA	0.0	0.0	7
Control	Interstitium	CLCNKB	0.012141094116008095	0.009070294784580494	7
Control	Interstitium	CLDN16	0.02085852173921669	0.015206082432973186	7
Control	Interstitium	CLDN19	0.0	0.0	7
Control	Interstitium	COL1A1	0.14254227704347908	0.07867796241303536	7
Control	Interstitium	COL3A1	0.4902536558830534	0.2174101219435142	7
Control	Interstitium	CUBN	0.0782832584364996	0.04521641990129383	7
Control	Interstitium	CXCL1	0.0	0.0	7
Control	Interstitium	DCDC2	0.022699208033047303	0.022675736961451236	7
Control	Interstitium	FOXI1	0.006761831204270152	0.002267573696145124	7
Control	Interstitium	HAVCR1	0.009074454545704895	0.004201680672268906	7
Control	Interstitium	ICAM1	0.004967740652656448	0.00680272108843537	7
Control	Interstitium	ITGB6	0.014648628830498134	0.011004401760704276	7
Control	Interstitium	ITGB8	0.12224687745138645	0.07290916366546615	7
Control	Interstitium	KCNJ1	0.049551030327339464	0.022193877551020397	7
Control	Interstitium	KCNJ10	0.0	0.0	7
Control	Interstitium	KCNJ16	0.012662735782818707	0.010856009070294773	7
Control	Interstitium	LRP2	0.21928722542830678	0.10218999880654014	7
Control	Interstitium	LST1	0.0	0.0	7
Control	Interstitium	MS4A1	0.0035098964896381813	0.002267573696145124	7
Control	Interstitium	PECAM1	0.01371405410124325	0.006320861678004532	7
Control	Interstitium	PROM1	0.017713017796388193	0.008736828064559153	7
Control	Interstitium	PTPRC	0.0838068534363859	0.030448846205148712	7
Control	Interstitium	PVALB	0.006830389068714622	0.004201680672268907	7
Control	Interstitium	RHBG	0.00225697944545179	0.002267573696145124	7
Control	Interstitium	RHCG	0.0	0.0	7
Control	Interstitium	SCNN1A	0.017871840164361715	0.013271975456849402	7
Control	Interstitium	SCNN1B	0.01202867520223928	0.009070294784580494	7
Control	Interstitium	SCNN1G	0.0	0.0	7
Control	Interstitium	SLC12A1	0.20141281762046417	0.08160422063562264	7
Control	Interstitium	SLC12A3	0.034526712952300774	0.01747365612911831	7
Control	Interstitium	SLC26A4	0.0	0.0	7
Control	Interstitium	SLC34A1	0.009430805392989667	0.004535147392290248	7
Control	Interstitium	SLC4A1	0.0	0.0	7
Control	Interstitium	SLC8A1	0.9839360407590332	0.3704463364293085	7
Control	Interstitium	SPP1	0.047221156946899843	0.024127984527144177	7
Control	Interstitium	TRPM6	0.0	0.0	7
Control	Interstitium	TRPV5	0.0	0.0	7
Control	Interstitium	UMOD	0.10645165848725006	0.053160299207402235	7
Control	Interstitium	VCAM1	0.016482569660253178	0.012641723356009065	7
Control	Interstitium	VWF	0.005174330348395829	0.002267573696145124	7
Control	Myeloid Cell	AQP2	0.0144735798691429	0.008403361344537815	7
Control	Myeloid Cell	AQP3	0.0	0.0	7
Control	Myeloid Cell	AQP4	0.0	0.0	7
Control	Myeloid Cell	ATP6V0A4	0.0	0.0	7
Control	Myeloid Cell	ATP6V1B1	0.006200229224818548	0.007176431089474561	7
Control	Myeloid Cell	ATP6V1G3	0.0	0.0	7
Control	Myeloid Cell	AVPR2	0.0	0.0	7
Control	Myeloid Cell	CA2	0.003872715719684358	0.001808318264014466	7
Control	Myeloid Cell	CALB1	0.005903759102752965	0.003508998536123308	7
Control	Myeloid Cell	CCL2	0.06990694728532638	0.03019433390277379	7
Control	Myeloid Cell	CD3D	0.0033847223215158723	0.0017006802721088415	7
Control	Myeloid Cell	CLCNKA	0.007806010916601559	0.007176431089474561	7
Control	Myeloid Cell	CLCNKB	0.011420582252672253	0.009720178660346909	7
Control	Myeloid Cell	CLDN16	0.014280680348791054	0.005902360944377742	7
Control	Myeloid Cell	CLDN19	0.0	0.0	7
Control	Myeloid Cell	COL1A1	0.0	0.0	7
Control	Myeloid Cell	COL3A1	0.002094209834397768	0.0017006802721088415	7
Control	Myeloid Cell	CUBN	0.13360945571324107	0.06349000591773096	7
Control	Myeloid Cell	CXCL1	0.0	0.0	7
Control	Myeloid Cell	DCDC2	0.0945512999621461	0.04172229007029188	7
Control	Myeloid Cell	FOXI1	0.002235270456675764	0.0009652509652509642	7
Control	Myeloid Cell	HAVCR1	0.0017692254263721632	0.0009652509652509642	7
Control	Myeloid Cell	ICAM1	0.06913374773916428	0.030768112031437384	7
Control	Myeloid Cell	ITGB6	0.02299061962496404	0.01021167960855228	7
Control	Myeloid Cell	ITGB8	0.0692541504930877	0.030579352775187616	7
Control	Myeloid Cell	KCNJ1	0.014114971695012135	0.006407427835999254	7
Control	Myeloid Cell	KCNJ10	0.0044515654786783	0.0062111801242236	7
Control	Myeloid Cell	KCNJ16	0.021419829961755826	0.009217247416005171	7
Control	Myeloid Cell	LRP2	0.08184385317444409	0.0440820785319289	7
Control	Myeloid Cell	LST1	0.0996180190103871	0.04748572709959794	7
Control	Myeloid Cell	MS4A1	0.0	0.0	7
Control	Myeloid Cell	PECAM1	0.6647675567006032	0.2907664191678843	7
Control	Myeloid Cell	PROM1	0.017876723497880644	0.011378111761743465	7
Control	Myeloid Cell	PTPRC	1.4697586882724756	0.5544678369049505	7
Control	Myeloid Cell	PVALB	0.003747949225854126	0.001930501930501925	7
Control	Myeloid Cell	RHBG	0.012933299354275316	0.00720774796405047	7
Control	Myeloid Cell	RHCG	0.0029190872770038768	0.0018083182640144665	7
Control	Myeloid Cell	SCNN1A	0.007576512260851005	0.0026659312373598044	7
Control	Myeloid Cell	SCNN1B	0.0	0.0	7
Control	Myeloid Cell	SCNN1G	0.005913337283091868	0.0030060672917815697	7
Control	Myeloid Cell	SLC12A1	0.054121462308349244	0.02503335832838242	7
Control	Myeloid Cell	SLC12A3	0.019012357358324693	0.007712814855671982	7
Control	Myeloid Cell	SLC26A4	0.011549297339188158	0.007911860396332442	7
Control	Myeloid Cell	SLC34A1	0.0023084515640008	0.0009652509652509642	7
Control	Myeloid Cell	SLC4A1	0.00233546057195679	0.0009652509652509607	7
Control	Myeloid Cell	SLC8A1	2.0590272510344176	0.6773163099150621	7
Control	Myeloid Cell	SPP1	0.09908385048280152	0.047221219029491016	7
Control	Myeloid Cell	TRPM6	0.014683528448904415	0.0062111801242236	7
Control	Myeloid Cell	TRPV5	0.0	0.0	7
Control	Myeloid Cell	UMOD	0.12088139436673385	0.06191894300744883	7
Control	Myeloid Cell	VCAM1	0.023706870484812927	0.009410818723657765	7
Control	Myeloid Cell	VWF	0.015963556188462045	0.011990816645270599	7
Control	PC	AQP2	1.1110031923678931	0.5161540415237228	7
Control	PC	AQP3	0.49563227666398035	0.25592121643134375	7
Control	PC	AQP4	0.0	0.0	7
Control	PC	ATP6V0A4	0.5094307780477436	0.27348815875495047	7
Control	PC	ATP6V1B1	0.06013019609525938	0.040638340363090365	7
Control	PC	ATP6V1G3	0.002486745479223649	0.0014285714285714218	7
Control	PC	AVPR2	0.011935502142826963	0.00724521064809988	7
Control	PC	CA2	0.24807992300703013	0.13455699132579257	7
Control	PC	CALB1	0.12937832107895167	0.06985058743202213	7
Control	PC	CCL2	0.0016119261744232012	0.0016051364365971107	7
Control	PC	CD3D	0.0	0.0	7
Control	PC	CLCNKA	0.0825378054620027	0.04835152674614375	7
Control	PC	CLCNKB	0.08687398903369166	0.04620380874490109	7
Control	PC	CLDN16	0.004103548687327464	0.0024137931034482647	7
Control	PC	CLDN19	0.0	0.0	7
Control	PC	COL1A1	0.01661467645621853	0.009461937912225415	7
Control	PC	COL3A1	0.002050111428144714	0.0016051364365971107	7
Control	PC	CUBN	0.1421319989351202	0.0823417157863311	7
Control	PC	CXCL1	0.0	0.0	7
Control	PC	DCDC2	1.563497081070278	0.6394918598826741	7
Control	PC	FOXI1	0.004177495214725764	0.002356215213358063	7
Control	PC	HAVCR1	0.009952239342306785	0.006559766763848386	7
Control	PC	ICAM1	0.008076729494577037	0.004486210068442948	7
Control	PC	ITGB6	0.4162230639692548	0.19512038384341893	7
Control	PC	ITGB8	0.6864609942219363	0.36204074377956097	7
Control	PC	KCNJ1	0.20312675174770417	0.10889279648519412	7
Control	PC	KCNJ10	0.002400989996916955	0.0023853697323084977	7
Control	PC	KCNJ16	0.4739993722250494	0.26605485870160817	7
Control	PC	LRP2	0.06498133439855239	0.037549394957367026	7
Control	PC	LST1	0.0	0.0	7
Control	PC	MS4A1	0.006667842811940145	0.003341436888234909	7
Control	PC	PECAM1	0.0019438053296036858	0.0009852216748768429	7
Control	PC	PROM1	0.5449170518218055	0.27979015302765414	7
Control	PC	PTPRC	0.03115425726438142	0.0163327865651662	7
Control	PC	PVALB	0.0035506079438182192	0.002590358111473953	7
Control	PC	RHBG	0.3502781744355223	0.19834681354893005	7
Control	PC	RHCG	0.028053945131152985	0.015426612998661562	7
Control	PC	SCNN1A	0.6687491011003809	0.36459304300172996	7
Control	PC	SCNN1B	0.7794426569527891	0.3821468017710714	7
Control	PC	SCNN1G	1.205552076802083	0.5190873778475298	7
Control	PC	SLC12A1	0.11415085286361677	0.06744951445207212	7
Control	PC	SLC12A3	0.03918823822385685	0.021580366992346556	7
Control	PC	SLC26A4	0.006763241072924896	0.0032838589981447055	7
Control	PC	SLC34A1	0.006319680781727989	0.003558566283656309	7
Control	PC	SLC4A1	0.009589294719015611	0.0069170166745857005	7
Control	PC	SLC8A1	0.3456221307659913	0.14193691601841377	7
Control	PC	SPP1	0.07501488012222098	0.039575778302887867	7
Control	PC	TRPM6	0.027483602134095255	0.01563731803071085	7
Control	PC	TRPV5	0.014320661784323646	0.006666240163777093	7
Control	PC	UMOD	0.1406531365116858	0.07392067968041709	7
Control	PC	VCAM1	0.006329865516332857	0.0041954945480710635	7
Control	PC	VWF	0.01842870125547371	0.013518733044071255	7
Control	PEC	AQP2	0.005219326181466306	0.0020080321285140565	6
Control	PEC	AQP3	0.0	0.0	6
Control	PEC	AQP4	0.0	0.0	6
Control	PEC	ATP6V0A4	0.0	0.0	6
Control	PEC	ATP6V1B1	0.01590443890887028	0.009571619812583665	6
Control	PEC	ATP6V1G3	0.011783534836577967	0.0064102564102564005	6
Control	PEC	AVPR2	0.0	0.0	6
Control	PEC	CA2	0.03876968433196431	0.024400164761610537	6
Control	PEC	CALB1	0.0032915869320476808	0.0020080321285140565	6
Control	PEC	CCL2	0.021116519278531417	0.012820512820512817	6
Control	PEC	CD3D	0.0	0.0	6
Control	PEC	CLCNKA	0.011311500961719201	0.008418288538770457	6
Control	PEC	CLCNKB	0.009200815234344779	0.005555555555555553	6
Control	PEC	CLDN16	0.09660833345715453	0.05281496964398783	6
Control	PEC	CLDN19	0.0	0.0	6
Control	PEC	COL1A1	0.0206288983601644	0.0064102564102564005	6
Control	PEC	COL3A1	0.2854371709763536	0.13056035552898704	6
Control	PEC	CUBN	0.3759773859475574	0.16496606346712253	6
Control	PEC	CXCL1	0.022363207320430525	0.01397241995806465	6
Control	PEC	DCDC2	1.7144007787868514	0.6737031336648168	6
Control	PEC	FOXI1	0.0	0.0	6
Control	PEC	HAVCR1	0.004026277824995552	0.0020080321285140565	6
Control	PEC	ICAM1	0.02186485665063964	0.011109686974849745	6
Control	PEC	ITGB6	0.1130467461124074	0.057816755291761696	6
Control	PEC	ITGB8	1.6270859447457833	0.6042214973541623	6
Control	PEC	KCNJ1	0.0	0.0	6
Control	PEC	KCNJ10	0.024292224202309056	0.008771929824561403	6
Control	PEC	KCNJ16	0.3488017738622137	0.18290665749684354	6
Control	PEC	LRP2	1.563722304580789	0.6228569776276842	6
Control	PEC	LST1	0.0	0.0	6
Control	PEC	MS4A1	0.0	0.0	6
Control	PEC	PECAM1	0.008321285456564116	0.0064102564102564005	6
Control	PEC	PROM1	0.6994591224954005	0.3294828321238553	6
Control	PEC	PTPRC	0.04108592211789786	0.020737741790373354	6
Control	PEC	PVALB	0.0	0.0	6
Control	PEC	RHBG	0.02300305345047371	0.011109686974849741	6
Control	PEC	RHCG	0.006822517046436369	0.0035460992907801366	6
Control	PEC	SCNN1A	0.07820834111606172	0.04428178156102169	6
Control	PEC	SCNN1B	0.0	0.0	6
Control	PEC	SCNN1G	0.014150091888154451	0.007563587684069606	6
Control	PEC	SLC12A1	0.1639097033399474	0.07728396573631936	6
Control	PEC	SLC12A3	0.004782510805064639	0.0020080321285140565	6
Control	PEC	SLC26A4	0.017921945326701372	0.009100230710074337	6
Control	PEC	SLC34A1	0.0	0.0	6
Control	PEC	SLC4A1	0.0	0.0	6
Control	PEC	SLC8A1	0.18594568243413448	0.09667170130546589	6
Control	PEC	SPP1	0.09739438308794501	0.04632233242845904	6
Control	PEC	TRPM6	0.003326284788200013	0.002008032128514056	6
Control	PEC	TRPV5	0.0	0.0	6
Control	PEC	UMOD	0.074966877244916	0.04513648241572254	6
Control	PEC	VCAM1	0.6060712794810478	0.23706681320855819	6
Control	PEC	VWF	0.04917688171938506	0.02508495520543712	6
Control	PT	AQP2	0.01591495253007713	0.009175418911785038	7
Control	PT	AQP3	0.02139843737820666	0.018113111316651002	7
Control	PT	AQP4	0.0020722113923921912	0.002082726695364347	7
Control	PT	ATP6V0A4	0.028821885965129513	0.021253716716300015	7
Control	PT	ATP6V1B1	0.00745215901134247	0.006079344808585232	7
Control	PT	ATP6V1G3	0.0016536317256191939	0.0009837115053397604	7
Control	PT	AVPR2	0.0	0.0	7
Control	PT	CA2	0.06112085124882457	0.053772522041511395	7
Control	PT	CALB1	0.009021334607500986	0.007269444669792722	7
Control	PT	CCL2	0.005229852999213161	0.003351607720477367	7
Control	PT	CD3D	0.0006508448033289615	0.0002685284640171811	7
Control	PT	CLCNKA	0.009178663328323308	0.007147996095565322	7
Control	PT	CLCNKB	0.01967971836344722	0.012953067051022152	7
Control	PT	CLDN16	0.008603782513515606	0.006607586941340041	7
Control	PT	CLDN19	0.003043345518235597	0.0026032236756856585	7
Control	PT	COL1A1	0.001402011887763913	0.0010714352678989887	7
Control	PT	COL3A1	0.01201977972825018	0.008191306694759372	7
Control	PT	CUBN	3.436003957186791	0.9145501247648155	7
Control	PT	CXCL1	0.004447359030800388	0.002840750536138612	7
Control	PT	DCDC2	0.48592925087836825	0.29989214376729284	7
Control	PT	FOXI1	0.0008044226242271995	0.0005536724617360291	7
Control	PT	HAVCR1	0.1769760176438906	0.1157495111033517	7
Control	PT	ICAM1	0.017641625909785286	0.012925913493310574	7
Control	PT	ITGB6	0.042539292637912784	0.029212247958767954	7
Control	PT	ITGB8	0.7249577729136999	0.35648611822698417	7
Control	PT	KCNJ1	0.015999182760746612	0.010730984418931078	7
Control	PT	KCNJ10	0.003423983383569331	0.0029099914232434856	7
Control	PT	KCNJ16	0.4813065644004945	0.34822990549281174	7
Control	PT	LRP2	2.736426928298683	0.913618751099669	7
Control	PT	LST1	0.00021954471879402513	0.0002685284640171811	7
Control	PT	MS4A1	0.0041325077868692725	0.002567639497322675	7
Control	PT	PECAM1	0.011294257343138974	0.007326971494262648	7
Control	PT	PROM1	0.1091242916594611	0.06641480043211696	7
Control	PT	PTPRC	0.02630694610725559	0.018093912137560415	7
Control	PT	PVALB	0.0023287649239694887	0.0012306162195179543	7
Control	PT	RHBG	0.01979733533127221	0.016720969874990034	7
Control	PT	RHCG	0.002666769208829585	0.0018936361936521943	7
Control	PT	SCNN1A	0.13600613727220215	0.09410215529244152	7
Control	PT	SCNN1B	0.006833497406598666	0.004676791157448042	7
Control	PT	SCNN1G	0.005328581271444657	0.004510504240047319	7
Control	PT	SLC12A1	0.13132225134895475	0.07972100708876681	7
Control	PT	SLC12A3	0.027878322963032966	0.019008537280128475	7
Control	PT	SLC26A4	0.006993679771101166	0.003964293285237336	7
Control	PT	SLC34A1	0.6550163335488157	0.37892014930376	7
Control	PT	SLC4A1	0.0027528344795617844	0.002002521419835537	7
Control	PT	SLC8A1	0.10460544450761824	0.06598286987289134	7
Control	PT	SPP1	0.20017081029925185	0.1322762011878233	7
Control	PT	TRPM6	0.009094187049779465	0.007131393078801306	7
Control	PT	TRPV5	0.0	0.0	7
Control	PT	UMOD	0.18244262715651366	0.11516193590271957	7
Control	PT	VCAM1	0.13696140390085212	0.07773379240871216	7
Control	PT	VWF	0.012328198599825388	0.011293934711330753	7
Control	Podocyte	AQP2	0.0	0.0	6
Control	Podocyte	AQP3	0.0	0.0	6
Control	Podocyte	AQP4	0.0	0.0	6
Control	Podocyte	ATP6V0A4	0.09965677404284874	0.06944444444444443	6
Control	Podocyte	ATP6V1B1	0.035069175588844315	0.027777777777777766	6
Control	Podocyte	ATP6V1G3	0.0	0.0	6
Control	Podocyte	AVPR2	0.0	0.0	6
Control	Podocyte	CA2	0.0	0.0	6
Control	Podocyte	CALB1	0.0	0.0	6
Control	Podocyte	CCL2	0.0	0.0	6
Control	Podocyte	CD3D	0.017786332410875787	0.01851851851851851	6
Control	Podocyte	CLCNKA	0.07879474751975811	0.06944444444444443	6
Control	Podocyte	CLCNKB	0.1083179429386195	0.08796296296296295	6
Control	Podocyte	CLDN16	0.055353600489305245	0.027777777777777766	6
Control	Podocyte	CLDN19	0.0	0.0	6
Control	Podocyte	COL1A1	0.0	0.0	6
Control	Podocyte	COL3A1	0.0	0.0	6
Control	Podocyte	CUBN	0.33219493798923444	0.1550925925925926	6
Control	Podocyte	CXCL1	0.0	0.0	6
Control	Podocyte	DCDC2	0.39259665893719636	0.24305555555555555	6
Control	Podocyte	FOXI1	0.0	0.0	6
Control	Podocyte	HAVCR1	0.0	0.0	6
Control	Podocyte	ICAM1	0.0	0.0	6
Control	Podocyte	ITGB6	0.1691676944459414	0.11574074074074074	6
Control	Podocyte	ITGB8	1.9755116875507426	0.8171296296296297	6
Control	Podocyte	KCNJ1	0.055353600489305245	0.027777777777777766	6
Control	Podocyte	KCNJ10	0.022736224928062015	0.027777777777777766	6
Control	Podocyte	KCNJ16	0.11230537526319657	0.08796296296296297	6
Control	Podocyte	LRP2	0.19236967420229412	0.08796296296296295	6
Control	Podocyte	LST1	0.0	0.0	6
Control	Podocyte	MS4A1	0.0	0.0	6
Control	Podocyte	PECAM1	0.055650549006569176	0.027777777777777776	6
Control	Podocyte	PROM1	0.07241203398109275	0.027777777777777766	6
Control	Podocyte	PTPRC	0.26912260817831896	0.14351851851851852	6
Control	Podocyte	PVALB	0.04372557193091379	0.041666666666666664	6
Control	Podocyte	RHBG	0.0	0.0	6
Control	Podocyte	RHCG	0.0	0.0	6
Control	Podocyte	SCNN1A	0.035069175588844315	0.027777777777777766	6
Control	Podocyte	SCNN1B	0.07283861502001485	0.041666666666666664	6
Control	Podocyte	SCNN1G	0.0	0.0	6
Control	Podocyte	SLC12A1	0.23084563139457068	0.08796296296296295	6
Control	Podocyte	SLC12A3	0.23825525408077194	0.08333333333333333	6
Control	Podocyte	SLC26A4	0.021900548170495374	0.020833333333333332	6
Control	Podocyte	SLC34A1	0.22390768148746373	0.10879629629629628	6
Control	Podocyte	SLC4A1	0.0	0.0	6
Control	Podocyte	SLC8A1	0.05836297231162623	0.027777777777777766	6
Control	Podocyte	SPP1	0.026689076272518614	0.01851851851851851	6
Control	Podocyte	TRPM6	0.08604009955567789	0.06944444444444443	6
Control	Podocyte	TRPV5	0.0	0.0	6
Control	Podocyte	UMOD	0.12275854798876905	0.06481481481481481	6
Control	Podocyte	VCAM1	0.0	0.0	6
Control	Podocyte	VWF	0.0	0.0	6
Control	T Cell	AQP2	0.007159420261686643	0.0033222591362126143	7
Control	T Cell	AQP3	0.004972888366224894	0.0025327802213837374	7
Control	T Cell	AQP4	0.0	0.0	7
Control	T Cell	ATP6V0A4	0.015110036928656784	0.005444550990297364	7
Control	T Cell	ATP6V1B1	0.008827432525255764	0.003419338136946102	7
Control	T Cell	ATP6V1G3	0.002188138898925888	0.0008305647840531523	7
Control	T Cell	AVPR2	0.0025820374305998363	0.0009276437847866364	7
Control	T Cell	CA2	0.02241401173100413	0.010233781693149327	7
Control	T Cell	CALB1	0.0018569172608931181	0.0009276437847866364	7
Control	T Cell	CCL2	0.009766980022895746	0.002814691768180134	7
Control	T Cell	CD3D	0.15560780343095448	0.06557378254530066	7
Control	T Cell	CLCNKA	0.0	0.0	7
Control	T Cell	CLCNKB	0.010559176344371271	0.003839414553700261	7
Control	T Cell	CLDN16	0.0185494344342192	0.008084163898117372	7
Control	T Cell	CLDN19	0.0	0.0	7
Control	T Cell	COL1A1	0.0	0.0	7
Control	T Cell	COL3A1	0.0	0.0	7
Control	T Cell	CUBN	0.2825223098500898	0.11257001228724692	7
Control	T Cell	CXCL1	0.0	0.0	7
Control	T Cell	DCDC2	0.035239820873572074	0.013642932527549318	7
Control	T Cell	FOXI1	0.0	0.0	7
Control	T Cell	HAVCR1	0.017301107401761034	0.009080219493075506	7
Control	T Cell	ICAM1	0.0017560166099804579	0.0008305647840531523	7
Control	T Cell	ITGB6	0.020059614892105972	0.007895159473232539	7
Control	T Cell	ITGB8	0.0382478145664737	0.016530470578773958	7
Control	T Cell	KCNJ1	0.015287580824856298	0.006136950904392748	7
Control	T Cell	KCNJ10	0.011003086485194685	0.0036452565522332885	7
Control	T Cell	KCNJ16	0.01384329228687678	0.005065560442767493	7
Control	T Cell	LRP2	0.03921197035538988	0.016001330099467356	7
Control	T Cell	LST1	0.012641414375204486	0.004895897753040604	7
Control	T Cell	MS4A1	0.029377412164307393	0.012375152688340916	7
Control	T Cell	PECAM1	0.11253134536896346	0.042621950158625625	7
Control	T Cell	PROM1	0.02708622657894823	0.010408426936666123	7
Control	T Cell	PTPRC	2.75419976083294	0.8160525305528852	7
Control	T Cell	PVALB	0.0	0.0	7
Control	T Cell	RHBG	0.0050965270619134735	0.001984126984126982	7
Control	T Cell	RHCG	0.0	0.0	7
Control	T Cell	SCNN1A	0.01647734880008151	0.009657802514945356	7
Control	T Cell	SCNN1B	0.0064320022742610575	0.0033222591362126143	7
Control	T Cell	SCNN1G	0.00253582539513146	0.000927643784786639	7
Control	T Cell	SLC12A1	0.09752785682580792	0.0396587863673234	7
Control	T Cell	SLC12A3	0.017982065202161977	0.006976841143849967	7
Control	T Cell	SLC26A4	0.0	0.0	7
Control	T Cell	SLC34A1	0.023173138539391326	0.010770016251743808	7
Control	T Cell	SLC4A1	0.0015132646813755936	0.0008305647840531545	7
Control	T Cell	SLC8A1	0.06810764584144728	0.02782756695650044	7
Control	T Cell	SPP1	0.12904651229770886	0.05054062324583802	7
Control	T Cell	TRPM6	0.004856615952090888	0.001605136436597101	7
Control	T Cell	TRPV5	0.0	0.0	7
Control	T Cell	UMOD	0.10471474792952176	0.04577495732913998	7
Control	T Cell	VCAM1	0.012301013346967524	0.005592469545957912	7
Control	T Cell	VWF	0.0	0.0	7
Control	TAL	AQP2	0.009500260894106317	0.005816230542972349	7
Control	TAL	AQP3	0.0018806499038897266	0.0012734505945664676	7
Control	TAL	AQP4	0.019034107727242844	0.013324710444149653	7
Control	TAL	ATP6V0A4	0.7279766326987601	0.3965611808534844	7
Control	TAL	ATP6V1B1	0.32302886087961585	0.2007814793331275	7
Control	TAL	ATP6V1G3	0.001964219822618112	0.0011557118191868924	7
Control	TAL	AVPR2	0.0003869263158381228	0.00022568269013766538	7
Control	TAL	CA2	0.04590442732149643	0.032842580167694	7
Control	TAL	CALB1	0.008121622358678447	0.005325525161700832	7
Control	TAL	CCL2	0.0004198470541755024	0.00022568269013766538	7
Control	TAL	CD3D	0.006432388822726844	0.004090603698469539	7
Control	TAL	CLCNKA	0.6110227340969471	0.3582008273902246	7
Control	TAL	CLCNKB	0.616966417358021	0.36589989593769134	7
Control	TAL	CLDN16	0.6470988387267382	0.3417649928621364	7
Control	TAL	CLDN19	0.07198017153463097	0.04995447027288328	7
Control	TAL	COL1A1	0.005495114544307884	0.0032513061621294768	7
Control	TAL	COL3A1	0.004590322442378648	0.0033862803069292604	7
Control	TAL	CUBN	0.16293188188837887	0.10255986171925681	7
Control	TAL	CXCL1	0.0010992521397432352	0.0008082727102541717	7
Control	TAL	DCDC2	0.7869441934195793	0.43351282703985283	7
Control	TAL	FOXI1	0.0014286115416068505	0.001102195188280529	7
Control	TAL	HAVCR1	0.01342040990703257	0.009354577837079122	7
Control	TAL	ICAM1	0.010421775534958475	0.00803831753480834	7
Control	TAL	ITGB6	0.5778951350279611	0.331044780246213	7
Control	TAL	ITGB8	0.6276967964455223	0.35800548074676014	7
Control	TAL	KCNJ1	0.7348585501375063	0.4195639947542697	7
Control	TAL	KCNJ10	0.06186644558566812	0.04328805904153583	7
Control	TAL	KCNJ16	0.6918230313096974	0.4262969397138083	7
Control	TAL	LRP2	0.052270858269714664	0.0340440717841163	7
Control	TAL	LST1	0.0011411080325975712	0.0007462120634049596	7
Control	TAL	MS4A1	0.0021578163994535548	0.0015621822431438198	7
Control	TAL	PECAM1	0.0071683202330940195	0.005203190405010101	7
Control	TAL	PROM1	0.22607577364628773	0.13687173885846704	7
Control	TAL	PTPRC	0.02029575755981867	0.013714640311138932	7
Control	TAL	PVALB	0.027484113985429857	0.019738657943789675	7
Control	TAL	RHBG	0.004220131438210026	0.0032886327067113814	7
Control	TAL	RHCG	0.004908555981659688	0.003117213663853004	7
Control	TAL	SCNN1A	0.8518219354280859	0.4969312573580414	7
Control	TAL	SCNN1B	0.005520976083176289	0.0040798285129785465	7
Control	TAL	SCNN1G	0.004760250664221122	0.0035112860650240297	7
Control	TAL	SLC12A1	3.903430354574617	0.983191432259353	7
Control	TAL	SLC12A3	0.03583116630006072	0.020954894593168218	7
Control	TAL	SLC26A4	0.005540243271843085	0.004152594723266896	7
Control	TAL	SLC34A1	0.0068629109948850015	0.004403070016790306	7
Control	TAL	SLC4A1	0.0027235727009464936	0.0018679811874821686	7
Control	TAL	SLC8A1	0.07035247940210049	0.04395237435892322	7
Control	TAL	SPP1	0.18457061323531823	0.10717114802615725	7
Control	TAL	TRPM6	0.012386977259206289	0.008107850248080797	7
Control	TAL	TRPV5	0.0019814874328148344	0.0010798710839422636	7
Control	TAL	UMOD	2.403953101985054	0.8532179018509609	7
Control	TAL	VCAM1	0.0044750524774492305	0.0031976511052046915	7
Control	TAL	VWF	0.02759282664803131	0.01834062249844817	7
UUO	ATL	AQP2	0.0025708010989625163	0.0014705882352941042	5
UUO	ATL	AQP3	0.001982508053471316	0.001481481481481473	5
UUO	ATL	AQP4	0.0	0.0	5
UUO	ATL	ATP6V0A4	0.06006194953466752	0.0324945533769063	5
UUO	ATL	ATP6V1B1	0.0	0.0	5
UUO	ATL	ATP6V1G3	0.0015950552645499765	0.0007352941176470467	5
UUO	ATL	AVPR2	0.0	0.0	5
UUO	ATL	CA2	0.016664637369698997	0.008110021786492358	5
UUO	ATL	CALB1	0.0	0.0	5
UUO	ATL	CCL2	0.006072925476903624	0.0029520697167755823	5
UUO	ATL	CD3D	0.0	0.0	5
UUO	ATL	CLCNKA	0.011985134826382016	0.005904139433551193	5
UUO	ATL	CLCNKB	0.006474870542717821	0.0036873638344226494	5
UUO	ATL	CLDN16	0.025684414120940247	0.014025054466230914	5
UUO	ATL	CLDN19	0.26546782198275976	0.12810457516339868	5
UUO	ATL	COL1A1	0.006370350094624365	0.0029520697167755823	5
UUO	ATL	COL3A1	0.003452876279052653	0.001481481481481473	5
UUO	ATL	CUBN	0.07458771009571855	0.046584967320261406	5
UUO	ATL	CXCL1	0.0	0.0	5
UUO	ATL	DCDC2	1.6020454070021857	0.5836220043572985	5
UUO	ATL	FOXI1	0.0013655457562433114	0.0007352941176470467	5
UUO	ATL	HAVCR1	0.027277430458179503	0.01555010893246186	5
UUO	ATL	ICAM1	0.006616021285898282	0.0029520697167755823	5
UUO	ATL	ITGB6	1.6820706561565657	0.6270152505446622	5
UUO	ATL	ITGB8	0.7610082273067332	0.3720043572984749	5
UUO	ATL	KCNJ1	0.024793626779304915	0.017020697167755974	5
UUO	ATL	KCNJ10	0.0	0.0	5
UUO	ATL	KCNJ16	0.2787880495147756	0.13864923747276686	5
UUO	ATL	LRP2	0.08704931404710095	0.049515250544662284	5
UUO	ATL	LST1	0.0012243555908415774	0.0007352941176470467	5
UUO	ATL	MS4A1	0.0023263650430590047	0.001481481481481473	5
UUO	ATL	PECAM1	0.001542476423949479	0.0007352941176470467	5
UUO	ATL	PROM1	1.4107548549186333	0.5798311546840959	5
UUO	ATL	PTPRC	0.009622325272783202	0.005168845315904123	5
UUO	ATL	PVALB	0.0	0.0	5
UUO	ATL	RHBG	0.0	0.0	5
UUO	ATL	RHCG	0.0	0.0	5
UUO	ATL	SCNN1A	0.8502247379540959	0.38344226579520696	5
UUO	ATL	SCNN1B	0.0	0.0	5
UUO	ATL	SCNN1G	0.0	0.0	5
UUO	ATL	SLC12A1	0.9043730702026679	0.3497821350762527	5
UUO	ATL	SLC12A3	0.004755924214783756	0.001481481481481473	5
UUO	ATL	SLC26A4	0.0	0.0	5
UUO	ATL	SLC34A1	0.0	0.0	5
UUO	ATL	SLC4A1	0.002640355442677278	0.001481481481481478	5
UUO	ATL	SLC8A1	0.04767526488675733	0.03478758169934639	5
UUO	ATL	SPP1	0.4254122927417149	0.22102941176470586	5
UUO	ATL	TRPM6	0.0028358915668890297	0.0014705882352941042	5
UUO	ATL	TRPV5	0.0	0.0	5
UUO	ATL	UMOD	0.05350562744337291	0.03102396514161218	5
UUO	ATL	VCAM1	0.006199400496675851	0.00368736383442264	5
UUO	ATL	VWF	0.003107975638437375	0.0022058823529411717	5
UUO	B Cell	AQP2	0.0038270889692766283	0.0017569103310669288	5
UUO	B Cell	AQP3	0.012116776583644906	0.005962581559882425	5
UUO	B Cell	AQP4	0.00015733700600269266	6.397952655149821e-05	5
UUO	B Cell	ATP6V0A4	0.012662347106353444	0.005573300641480126	5
UUO	B Cell	ATP6V1B1	0.0007011999693673162	0.00025591810620601067	5
UUO	B Cell	ATP6V1G3	0.0037746173738987233	0.0013739761692100015	5
UUO	B Cell	AVPR2	0.0003136954589916511	0.00012795905310300582	5
UUO	B Cell	CA2	0.006332693579887701	0.0027057592417883847	5
UUO	B Cell	CALB1	0.0024409547551530577	0.000948848910721444	5
UUO	B Cell	CCL2	0.005972478984768376	0.0022690350189202876	5
UUO	B Cell	CD3D	0.01039071809859082	0.005122969959899776	5
UUO	B Cell	CLCNKA	0.004982421259001834	0.001949464647168156	5
UUO	B Cell	CLCNKB	0.011589139879209504	0.00481391631469335	5
UUO	B Cell	CLDN16	0.00228063862125238	0.0011407874903759576	5
UUO	B Cell	CLDN19	0.000323418166062096	0.00012795905310300488	5
UUO	B Cell	COL1A1	0.015356847611474145	0.006813589053687973	5
UUO	B Cell	COL3A1	0.018017394166046984	0.008186949486451277	5
UUO	B Cell	CUBN	0.16277207598855034	0.06707529181229946	5
UUO	B Cell	CXCL1	0.0001669649546981057	6.397952655149715e-05	5
UUO	B Cell	DCDC2	0.03230950064377981	0.013373242134692301	5
UUO	B Cell	FOXI1	0.0	0.0	5
UUO	B Cell	HAVCR1	0.004104070116151002	0.0018854851206166492	5
UUO	B Cell	ICAM1	0.028639810256894604	0.013438656520893363	5
UUO	B Cell	ITGB6	0.023934018185423938	0.009956349943852815	5
UUO	B Cell	ITGB8	0.03831813775079819	0.01568929705845484	5
UUO	B Cell	KCNJ1	0.012244533619997156	0.004952064833336704	5
UUO	B Cell	KCNJ10	0.0028707373945577666	0.0013429155355707976	5
UUO	B Cell	KCNJ16	0.011813170074456862	0.005391389242373361	5
UUO	B Cell	LRP2	0.057020307081985556	0.023792462721957102	5
UUO	B Cell	LST1	0.005374426138732683	0.0027700272437812088	5
UUO	B Cell	MS4A1	1.5789055344005205	0.5494326883928098	5
UUO	B Cell	PECAM1	0.2853399396608971	0.11604034562066076	5
UUO	B Cell	PROM1	0.011911666333964625	0.004935201350245616	5
UUO	B Cell	PTPRC	2.0123313403768157	0.6703666018891703	5
UUO	B Cell	PVALB	0.0021290565475673073	0.0011919385796544985	5
UUO	B Cell	RHBG	0.004612141824545031	0.0023000956525594846	5
UUO	B Cell	RHCG	0.002972935653588543	0.001268419282473576	5
UUO	B Cell	SCNN1A	0.010368508529303709	0.004846835207605656	5
UUO	B Cell	SCNN1B	0.024819868767832914	0.01212354459458292	5
UUO	B Cell	SCNN1G	0.005725425411485253	0.0022361161260079747	5
UUO	B Cell	SLC12A1	0.08545685182854364	0.03574043284022206	5
UUO	B Cell	SLC12A3	0.03060041243206728	0.012882805421941123	5
UUO	B Cell	SLC26A4	0.008903349810808994	0.0036529121782292993	5
UUO	B Cell	SLC34A1	0.005394969545513441	0.0021407874903759424	5
UUO	B Cell	SLC4A1	0.0025292980113481465	0.001319897632757509	5
UUO	B Cell	SLC8A1	0.04640187884361645	0.0184575773924354	5
UUO	B Cell	SPP1	0.11216574897984806	0.04599996632407914	5
UUO	B Cell	TRPM6	0.008687425715808087	0.0036647976180501753	5
UUO	B Cell	TRPV5	0.0	0.0	5
UUO	B Cell	UMOD	0.03910059532185186	0.0161526572478648	5
UUO	B Cell	VCAM1	0.007305414499981002	0.003155273116365364	5
UUO	B Cell	VWF	0.006011118706250611	0.0023858616090308674	5
UUO	CNT	AQP2	0.18712555190694113	0.10854130537875	5
UUO	CNT	AQP3	0.07243494566821929	0.04622535248721203	5
UUO	CNT	AQP4	0.001954348619135276	0.0008714596949891022	5
UUO	CNT	ATP6V0A4	0.7005370739897987	0.4027227733742597	5
UUO	CNT	ATP6V1B1	0.17208271366666858	0.11996727910706402	5
UUO	CNT	ATP6V1G3	0.002884561221880305	0.0017429193899782078	5
UUO	CNT	AVPR2	0.0036722455398914542	0.0026143790849673166	5
UUO	CNT	CA2	0.25035488763727226	0.16598977218838062	5
UUO	CNT	CALB1	0.32214416666202017	0.1660356118294132	5
UUO	CNT	CCL2	0.07592220523425594	0.04913300397171364	5
UUO	CNT	CD3D	0.0	0.0	5
UUO	CNT	CLCNKA	0.1583635692944902	0.11601620595927994	5
UUO	CNT	CLCNKB	0.18244224374943604	0.12216935468042363	5
UUO	CNT	CLDN16	0.006618995228392785	0.004329186871881365	5
UUO	CNT	CLDN19	0.00041214353516555793	0.0004357298474945528	5
UUO	CNT	COL1A1	0.01826508170377193	0.013365674339741373	5
UUO	CNT	COL3A1	0.006887925434633587	0.005055403284372288	5
UUO	CNT	CUBN	0.21119674334079974	0.14622959455344017	5
UUO	CNT	CXCL1	0.0	0.0	5
UUO	CNT	DCDC2	2.8029848145641956	0.912007390059256	5
UUO	CNT	FOXI1	0.0005115778097498874	0.0004357298474945528	5
UUO	CNT	HAVCR1	0.006945044107868907	0.004619673436877722	5
UUO	CNT	ICAM1	0.026874836320050787	0.02048259518215239	5
UUO	CNT	ITGB6	1.312001171267271	0.5722363729953863	5
UUO	CNT	ITGB8	0.7961207057394242	0.43944551762388573	5
UUO	CNT	KCNJ1	0.3337521435821139	0.22301884427121615	5
UUO	CNT	KCNJ10	0.012748868946520497	0.008658373743762725	5
UUO	CNT	KCNJ16	0.6341962934789962	0.3882004711859234	5
UUO	CNT	LRP2	0.07182530573397888	0.052417376263043526	5
UUO	CNT	LST1	0.0	0.0	5
UUO	CNT	MS4A1	0.00283800359566326	0.0017429193899782078	5
UUO	CNT	PECAM1	0.020173885112097667	0.014555732202791013	5
UUO	CNT	PROM1	0.7676822953020002	0.41568741416938765	5
UUO	CNT	PTPRC	0.033023046759586144	0.022633132816560996	5
UUO	CNT	PVALB	0.02926381979792949	0.022750264495995026	5
UUO	CNT	RHBG	0.35428103205905	0.23361641211103573	5
UUO	CNT	RHCG	0.14006513248299132	0.09357466258162017	5
UUO	CNT	SCNN1A	0.6052415717716407	0.3809307093304563	5
UUO	CNT	SCNN1B	0.3914638609650294	0.23995608511737537	5
UUO	CNT	SCNN1G	0.6506599947828228	0.35329839643565136	5
UUO	CNT	SLC12A1	0.06496979312410492	0.04398718769370254	5
UUO	CNT	SLC12A3	0.16015022957745934	0.08411181580062033	5
UUO	CNT	SLC26A4	0.003569531811230661	0.002178649237472757	5
UUO	CNT	SLC34A1	0.027051152954301227	0.020741677794176183	5
UUO	CNT	SLC4A1	0.0	0.0	5
UUO	CNT	SLC8A1	3.862615579775711	0.9203705919708449	5
UUO	CNT	SPP1	0.9715532099772577	0.42444937030642277	5
UUO	CNT	TRPM6	0.1920661994986476	0.10705366973551662	5
UUO	CNT	TRPV5	0.6086459215024517	0.2982961456079736	5
UUO	CNT	UMOD	0.03893587344667716	0.029086645152426278	5
UUO	CNT	VCAM1	0.006504489187498158	0.004619673436877722	5
UUO	CNT	VWF	0.026245279547548878	0.01888491907467237	5
UUO	DCT	AQP2	0.008373206010051086	0.0056689342403628065	5
UUO	DCT	AQP3	0.013711468306492797	0.01105234582095748	5
UUO	DCT	AQP4	0.0	0.0	5
UUO	DCT	ATP6V0A4	1.027237054944467	0.558221208130932	5
UUO	DCT	ATP6V1B1	0.33416273216707837	0.23487212924972223	5
UUO	DCT	ATP6V1G3	0.0010474462702637299	0.001111111111111111	5
UUO	DCT	AVPR2	0.0	0.0	5
UUO	DCT	CA2	0.4469095913466403	0.2910297266108238	5
UUO	DCT	CALB1	0.13278902991182837	0.07185291267198637	5
UUO	DCT	CCL2	0.009491113090851194	0.006396363855276614	5
UUO	DCT	CD3D	0.0005948680093363249	0.00040816326530612203	5
UUO	DCT	CLCNKA	0.16893454395294033	0.12655574689886753	5
UUO	DCT	CLCNKB	0.39099348660750205	0.26647574447951927	5
UUO	DCT	CLDN16	0.024428442299060445	0.01563915873383295	5
UUO	DCT	CLDN19	0.015083786313016271	0.011897662135193488	5
UUO	DCT	COL1A1	0.0077711933714323025	0.005998064521417016	5
UUO	DCT	COL3A1	0.004242487439666946	0.0035153412397407264	5
UUO	DCT	CUBN	0.169362123020498	0.12087912500992751	5
UUO	DCT	CXCL1	0.00176378569299447	0.001111111111111111	5
UUO	DCT	DCDC2	2.823667542888116	0.9244424660054724	5
UUO	DCT	FOXI1	0.0	0.0	5
UUO	DCT	HAVCR1	0.06944119526134465	0.05155777479881394	5
UUO	DCT	ICAM1	0.032129128386239054	0.025624603075681197	5
UUO	DCT	ITGB6	1.4794889599934367	0.6206830080073078	5
UUO	DCT	ITGB8	0.5996298253694511	0.3449636377048638	5
UUO	DCT	KCNJ1	0.5660595828406623	0.37146734600608283	5
UUO	DCT	KCNJ10	0.10839750319531642	0.07923756332064584	5
UUO	DCT	KCNJ16	1.0410543337008633	0.5847510827007275	5
UUO	DCT	LRP2	0.07340086412852269	0.05036882059317553	5
UUO	DCT	LST1	0.001535336765205912	0.0008849557522123885	5
UUO	DCT	MS4A1	0.005208484373536751	0.0027088786405749968	5
UUO	DCT	PECAM1	0.009871434907192415	0.007217198400403797	5
UUO	DCT	PROM1	0.5097382579972383	0.287316855197769	5
UUO	DCT	PTPRC	0.030883122740351775	0.021658092960064053	5
UUO	DCT	PVALB	0.03186789268944161	0.02510204081632651	5
UUO	DCT	RHBG	0.23356882262783057	0.17014073766944976	5
UUO	DCT	RHCG	0.06920929466318146	0.051760219979802936	5
UUO	DCT	SCNN1A	0.7340574732668885	0.48276280240792985	5
UUO	DCT	SCNN1B	0.004070346354261284	0.0029797834626808296	5
UUO	DCT	SCNN1G	0.008080251011831496	0.0059148174621545604	5
UUO	DCT	SLC12A1	0.10108218330380855	0.0680405031679047	5
UUO	DCT	SLC12A3	1.9403597595981552	0.6169608633681567	5
UUO	DCT	SLC26A4	0.007987400485103305	0.007507474966387722	5
UUO	DCT	SLC34A1	0.010552841021963726	0.007901020394031542	5
UUO	DCT	SLC4A1	0.0028484976434014824	0.002232086153668736	5
UUO	DCT	SLC8A1	1.7699391310336505	0.5098372394784496	5
UUO	DCT	SPP1	1.5335324893548286	0.6169771091784588	5
UUO	DCT	TRPM6	0.3877148478068527	0.192434904411721	5
UUO	DCT	TRPV5	0.2688175309349523	0.13399061315497987	5
UUO	DCT	UMOD	0.09021351962846044	0.0678028502522368	5
UUO	DCT	VCAM1	0.01871791305324577	0.010997548714113578	5
UUO	DCT	VWF	0.0055429267278786585	0.005457150827425551	5
UUO	DTL	AQP2	0.0	0.0	4
UUO	DTL	AQP3	0.16533717016751726	0.0625	4
UUO	DTL	AQP4	0.003839495253344486	0.0022321428571428427	4
UUO	DTL	ATP6V0A4	0.043088408538185484	0.02455357142857141	4
UUO	DTL	ATP6V1B1	0.0	0.0	4
UUO	DTL	ATP6V1G3	0.0	0.0	4
UUO	DTL	AVPR2	0.0	0.0	4
UUO	DTL	CA2	0.04637465771052537	0.050595238095238096	4
UUO	DTL	CALB1	0.0	0.0	4
UUO	DTL	CCL2	0.0	0.0	4
UUO	DTL	CD3D	0.0	0.0	4
UUO	DTL	CLCNKA	0.0	0.0	4
UUO	DTL	CLCNKB	0.0027769671469185	0.0022321428571428427	4
UUO	DTL	CLDN16	0.023219092185882424	0.013392857142857121	4
UUO	DTL	CLDN19	0.010304702346795824	0.006696428571428549	4
UUO	DTL	COL1A1	0.01338787693583447	0.008928571428571416	4
UUO	DTL	COL3A1	0.0032667921964770856	0.0022321428571428427	4
UUO	DTL	CUBN	0.3250762059355757	0.1688988095238095	4
UUO	DTL	CXCL1	0.0	0.0	4
UUO	DTL	DCDC2	1.0743062862643793	0.4598214285714286	4
UUO	DTL	FOXI1	0.0	0.0	4
UUO	DTL	HAVCR1	0.34371086807488765	0.2462797619047619	4
UUO	DTL	ICAM1	0.01188604042931687	0.006696428571428549	4
UUO	DTL	ITGB6	1.2116912149103558	0.5141369047619048	4
UUO	DTL	ITGB8	1.3985301698021375	0.6383928571428572	4
UUO	DTL	KCNJ1	0.0	0.0	4
UUO	DTL	KCNJ10	0.0	0.0	4
UUO	DTL	KCNJ16	0.38146411391409973	0.22916666666666666	4
UUO	DTL	LRP2	1.106083023022605	0.5044642857142857	4
UUO	DTL	LST1	0.0	0.0	4
UUO	DTL	MS4A1	0.0	0.0	4
UUO	DTL	PECAM1	0.005337851854784997	0.004464285714285699	4
UUO	DTL	PROM1	1.4598943541274179	0.6815476190476191	4
UUO	DTL	PTPRC	0.018786563388321017	0.008928571428571414	4
UUO	DTL	PVALB	0.0	0.0	4
UUO	DTL	RHBG	0.0	0.0	4
UUO	DTL	RHCG	0.0	0.0	4
UUO	DTL	SCNN1A	0.1842766351605507	0.14583333333333331	4
UUO	DTL	SCNN1B	0.0	0.0	4
UUO	DTL	SCNN1G	0.0	0.0	4
UUO	DTL	SLC12A1	0.15562981667519785	0.07291666666666664	4
UUO	DTL	SLC12A3	0.006587694200575236	0.0044642857142857	4
UUO	DTL	SLC26A4	0.0025375511544233355	0.0022321428571428427	4
UUO	DTL	SLC34A1	0.007610847835961089	0.00446428571428571	4
UUO	DTL	SLC4A1	0.0	0.0	4
UUO	DTL	SLC8A1	0.1459888009780224	0.07589285714285714	4
UUO	DTL	SPP1	0.9086241160712754	0.41815476190476186	4
UUO	DTL	TRPM6	0.008493492463902214	0.008928571428571418	4
UUO	DTL	TRPV5	0.0	0.0	4
UUO	DTL	UMOD	0.05446456087588056	0.031249999999999993	4
UUO	DTL	VCAM1	0.38921203804754256	0.17410714285714285	4
UUO	DTL	VWF	0.0	0.0	4
UUO	Endothelia	AQP2	0.011091527586257938	0.0045093795093794934	5
UUO	Endothelia	AQP3	0.0	0.0	5
UUO	Endothelia	AQP4	0.0	0.0	5
UUO	Endothelia	ATP6V0A4	0.03406904097353666	0.018072306609915212	5
UUO	Endothelia	ATP6V1B1	0.0014544405920012852	0.0008658008658008519	5
UUO	Endothelia	ATP6V1G3	0.0	0.0	5
UUO	Endothelia	AVPR2	0.00108797561951273	0.00046948356807511324	5
UUO	Endothelia	CA2	0.09095570109990568	0.04255066779591004	5
UUO	Endothelia	CALB1	0.0	0.0	5
UUO	Endothelia	CCL2	0.05660016295842907	0.025090361146211715	5
UUO	Endothelia	CD3D	0.0012238313336507937	0.0008658008658008655	5
UUO	Endothelia	CLCNKA	0.0021505161930715747	0.0021276595744680843	5
UUO	Endothelia	CLCNKB	0.014178546605603675	0.007972323517723555	5
UUO	Endothelia	CLDN16	0.004075458890199366	0.0022010852996768304	5
UUO	Endothelia	CLDN19	0.005871405179747765	0.0021276595744680843	5
UUO	Endothelia	COL1A1	0.0013884871626669607	0.0008658008658008519	5
UUO	Endothelia	COL3A1	0.17528594313494625	0.08154574887563175	5
UUO	Endothelia	CUBN	0.14992429903693166	0.07416525400529136	5
UUO	Endothelia	CXCL1	0.002663076579388674	0.0009389671361502318	5
UUO	Endothelia	DCDC2	0.03699262995710194	0.018025269996776012	5
UUO	Endothelia	FOXI1	0.007880096259158037	0.003859261306069803	5
UUO	Endothelia	HAVCR1	0.0014968113890757486	0.0009389671361502344	5
UUO	Endothelia	ICAM1	0.08890929648413606	0.04061510732290342	5
UUO	Endothelia	ITGB6	0.03094523904008587	0.01272530430889968	5
UUO	Endothelia	ITGB8	0.03598911098858523	0.017878678001217885	5
UUO	Endothelia	KCNJ1	0.0028490876080322553	0.001335284433875965	5
UUO	Endothelia	KCNJ10	0.0	0.0	5
UUO	Endothelia	KCNJ16	0.018042310283870006	0.008939209273179247	5
UUO	Endothelia	LRP2	0.05752209789929047	0.028205548767268197	5
UUO	Endothelia	LST1	0.004648097809015751	0.0024096385542168646	5
UUO	Endothelia	MS4A1	0.027252691684070095	0.012446395544987072	5
UUO	Endothelia	PECAM1	1.5741743612018753	0.6379651972878339	5
UUO	Endothelia	PROM1	0.02549433704964669	0.011818331395471211	5
UUO	Endothelia	PTPRC	0.08665453181915181	0.03836955794669776	5
UUO	Endothelia	PVALB	0.007951592853101038	0.00481927710843373	5
UUO	Endothelia	RHBG	0.005794287859533696	0.0027777777777777766	5
UUO	Endothelia	RHCG	0.0	0.0	5
UUO	Endothelia	SCNN1A	0.016428643106649987	0.008146834132587122	5
UUO	Endothelia	SCNN1B	0.004760652234475006	0.002274251570026196	5
UUO	Endothelia	SCNN1G	0.003732186020130612	0.0018047680019510973	5
UUO	Endothelia	SLC12A1	0.09827270348724018	0.04241680510901835	5
UUO	Endothelia	SLC12A3	0.02001953216644272	0.010274493707055205	5
UUO	Endothelia	SLC26A4	0.01414598114516107	0.005917830213604833	5
UUO	Endothelia	SLC34A1	0.0040462984013973375	0.0018047680019510973	5
UUO	Endothelia	SLC4A1	0.0034657852085232333	0.0021276595744680843	5
UUO	Endothelia	SLC8A1	0.5984083660507011	0.24599347031830932	5
UUO	Endothelia	SPP1	0.13501318662361345	0.0655842650172381	5
UUO	Endothelia	TRPM6	0.0348298154792968	0.018139608314752982	5
UUO	Endothelia	TRPV5	0.0	0.0	5
UUO	Endothelia	UMOD	0.052935802683109975	0.02742709288493862	5
UUO	Endothelia	VCAM1	0.3030130963787453	0.12007366285548834	5
UUO	Endothelia	VWF	0.3246375908777543	0.131033539396238	5
UUO	IC-A	AQP2	0.01367128048992427	0.008434906954414118	5
UUO	IC-A	AQP3	0.05340724961915446	0.04876588539063315	5
UUO	IC-A	AQP4	0.0	0.0	5
UUO	IC-A	ATP6V0A4	2.0932079730577686	0.89590842781157	5
UUO	IC-A	ATP6V1B1	0.9748324566760352	0.5777825663377156	5
UUO	IC-A	ATP6V1G3	0.6293054752231887	0.4161278452412235	5
UUO	IC-A	AVPR2	0.0	0.0	5
UUO	IC-A	CA2	0.22964879020388027	0.15653305213119353	5
UUO	IC-A	CALB1	0.0035260315738225704	0.0027084753465121507	5
UUO	IC-A	CCL2	0.005471791674580076	0.004038231780167252	5
UUO	IC-A	CD3D	0.019740614444475252	0.014041421961850787	5
UUO	IC-A	CLCNKA	0.2467151210327106	0.17850206663625615	5
UUO	IC-A	CLCNKB	0.5009782218753148	0.3545643651846145	5
UUO	IC-A	CLDN16	0.0034170694422840596	0.0023022626822349684	5
UUO	IC-A	CLDN19	0.0	0.0	5
UUO	IC-A	COL1A1	0.014252169787994578	0.01128954574244467	5
UUO	IC-A	COL3A1	0.0	0.0	5
UUO	IC-A	CUBN	0.1585621523600085	0.11506671758573028	5
UUO	IC-A	CXCL1	0.0	0.0	5
UUO	IC-A	DCDC2	0.502708116966293	0.3358822470666426	5
UUO	IC-A	FOXI1	0.5941340355466238	0.38230342618277025	5
UUO	IC-A	HAVCR1	0.0009629408830609566	0.0010752688172042941	5
UUO	IC-A	ICAM1	0.02850828507757495	0.022282334839514428	5
UUO	IC-A	ITGB6	0.329799435264879	0.24190706024098638	5
UUO	IC-A	ITGB8	0.29782793338605557	0.1928036499755547	5
UUO	IC-A	KCNJ1	0.004072670583926683	0.0033775314994392625	5
UUO	IC-A	KCNJ10	0.0024508924873584735	0.0021505376344085883	5
UUO	IC-A	KCNJ16	0.004457098738987788	0.004038231780167252	5
UUO	IC-A	LRP2	0.07324114558733337	0.054851783491064246	5
UUO	IC-A	LST1	0.0	0.0	5
UUO	IC-A	MS4A1	0.007121820914346953	0.0051569014702655125	5
UUO	IC-A	PECAM1	0.00726711744205618	0.005265225645197926	5
UUO	IC-A	PROM1	0.1231487910112972	0.08582373484527592	5
UUO	IC-A	PTPRC	0.23265427170694383	0.16412491691847458	5
UUO	IC-A	PVALB	0.011316757155209054	0.011952571076146877	5
UUO	IC-A	RHBG	0.9225320076529526	0.5390071468592633	5
UUO	IC-A	RHCG	0.6522151356321174	0.39728324239150015	5
UUO	IC-A	SCNN1A	0.7887228413541756	0.5065045501946971	5
UUO	IC-A	SCNN1B	0.004445630163992582	0.0036320191158900695	5
UUO	IC-A	SCNN1G	0.0	0.0	5
UUO	IC-A	SLC12A1	0.05735041630324657	0.0478255824963711	5
UUO	IC-A	SLC12A3	0.14137372108814275	0.08743365730975469	5
UUO	IC-A	SLC26A4	0.015353294369934056	0.00976466338806923	5
UUO	IC-A	SLC34A1	0.004649953224434579	0.0035292565472656483	5
UUO	IC-A	SLC4A1	0.8491419306762967	0.48792019631718164	5
UUO	IC-A	SLC8A1	0.3398468286831725	0.17214173707443384	5
UUO	IC-A	SPP1	0.6620062146301195	0.31565215831314786	5
UUO	IC-A	TRPM6	0.024684841087810626	0.018135778884414748	5
UUO	IC-A	TRPV5	0.0	0.0	5
UUO	IC-A	UMOD	0.040548253214019045	0.031229735288808756	5
UUO	IC-A	VCAM1	0.016741820159156883	0.012978877414149234	5
UUO	IC-A	VWF	0.07906121412586753	0.06642812894979791	5
UUO	IC-B	AQP2	0.004778744681775328	0.003333333333333333	5
UUO	IC-B	AQP3	0.004778744681775328	0.003333333333333333	5
UUO	IC-B	AQP4	0.0	0.0	5
UUO	IC-B	ATP6V0A4	2.665795713626133	0.9520183990800459	5
UUO	IC-B	ATP6V1B1	1.1131514597563619	0.5771891405429728	5
UUO	IC-B	ATP6V1G3	0.6991066501749063	0.368162925187074	5
UUO	IC-B	AVPR2	0.0	0.0	5
UUO	IC-B	CA2	0.1717479022373361	0.11362323550489142	5
UUO	IC-B	CALB1	0.0	0.0	5
UUO	IC-B	CCL2	0.0	0.0	5
UUO	IC-B	CD3D	0.0	0.0	5
UUO	IC-B	CLCNKA	0.11908478382320195	0.06994083629151873	5
UUO	IC-B	CLCNKB	0.24324732535742868	0.16726397013482658	5
UUO	IC-B	CLDN16	0.028244517564212125	0.01769911504424778	5
UUO	IC-B	CLDN19	0.0	0.0	5
UUO	IC-B	COL1A1	0.0	0.0	5
UUO	IC-B	COL3A1	0.0	0.0	5
UUO	IC-B	CUBN	0.1154894241273822	0.07870431478426075	5
UUO	IC-B	CXCL1	0.0	0.0	5
UUO	IC-B	DCDC2	0.8244085759115276	0.46459560355315566	5
UUO	IC-B	FOXI1	0.47790103214662666	0.2698030098495075	5
UUO	IC-B	HAVCR1	0.0	0.0	5
UUO	IC-B	ICAM1	0.007210144093469947	0.005103244837758111	5
UUO	IC-B	ITGB6	0.049257264055432994	0.03150192490375481	5
UUO	IC-B	ITGB8	0.18247839327622312	0.11235946536006529	5
UUO	IC-B	KCNJ1	0.0	0.0	5
UUO	IC-B	KCNJ10	0.0	0.0	5
UUO	IC-B	KCNJ16	0.009739742874317217	0.006666666666666659	5
UUO	IC-B	LRP2	0.07835215032903006	0.04641817909104543	5
UUO	IC-B	LST1	0.0	0.0	5
UUO	IC-B	MS4A1	0.007088199421387829	0.0035398230088495527	5
UUO	IC-B	PECAM1	0.004985274408402968	0.0035398230088495527	5
UUO	IC-B	PROM1	0.050981815703087775	0.032691698748395906	5
UUO	IC-B	PTPRC	0.7012036534977227	0.3771500591637085	5
UUO	IC-B	PVALB	0.0	0.0	5
UUO	IC-B	RHBG	0.7823081671471396	0.41351165775044574	5
UUO	IC-B	RHCG	0.00488608152857002	0.0033333333333333296	5
UUO	IC-B	SCNN1A	0.8912866107892234	0.4672580537639785	5
UUO	IC-B	SCNN1B	0.014064509479685053	0.00849307534623268	5
UUO	IC-B	SCNN1G	0.006419833605998472	0.003333333333333333	5
UUO	IC-B	SLC12A1	0.044280479984927464	0.025835708214589248	5
UUO	IC-B	SLC12A3	0.0303833292841031	0.0170426478676066	5
UUO	IC-B	SLC26A4	2.5510955476701245	0.8234199956668833	5
UUO	IC-B	SLC34A1	0.0	0.0	5
UUO	IC-B	SLC4A1	0.0	0.0	5
UUO	IC-B	SLC8A1	0.0821235102123415	0.05614544272786359	5
UUO	IC-B	SPP1	0.14407343785986731	0.08281919237371463	5
UUO	IC-B	TRPM6	0.009225766055652581	0.005103244837758106	5
UUO	IC-B	TRPV5	0.0	0.0	5
UUO	IC-B	UMOD	0.05105009698055583	0.034255120577304454	5
UUO	IC-B	VCAM1	0.013015481171216458	0.008643067846607663	5
UUO	IC-B	VWF	0.1923570927216196	0.10349782510874454	5
UUO	Interstitium	AQP2	0.0011622937343883498	0.0009900990099009897	5
UUO	Interstitium	AQP3	0.014517212705145787	0.0118348623853211	5
UUO	Interstitium	AQP4	0.0	0.0	5
UUO	Interstitium	ATP6V0A4	0.012761640831298432	0.006904367647216818	5
UUO	Interstitium	ATP6V1B1	0.025334024927871835	0.014589667277575023	5
UUO	Interstitium	ATP6V1G3	0.008957075700755225	0.0039215686274509795	5
UUO	Interstitium	AVPR2	0.0	0.0	5
UUO	Interstitium	CA2	0.0022674245733127563	0.0009174311926605494	5
UUO	Interstitium	CALB1	0.0	0.0	5
UUO	Interstitium	CCL2	0.16628435184600965	0.07289871854027315	5
UUO	Interstitium	CD3D	0.0048363926899293325	0.0029702970297029695	5
UUO	Interstitium	CLCNKA	0.0	0.0	5
UUO	Interstitium	CLCNKB	0.011550109205078398	0.0049754990296306855	5
UUO	Interstitium	CLDN16	0.00487446145016045	0.0019075302025615402	5
UUO	Interstitium	CLDN19	0.0	0.0	5
UUO	Interstitium	COL1A1	0.614645663952545	0.30051250862599965	5
UUO	Interstitium	COL3A1	1.3979631428820765	0.5399474767036964	5
UUO	Interstitium	CUBN	0.16992413176020357	0.08501160197317711	5
UUO	Interstitium	CXCL1	0.006371520141307606	0.0027522935779816494	5
UUO	Interstitium	DCDC2	0.02820352700567142	0.013796233304370764	5
UUO	Interstitium	FOXI1	0.0	0.0	5
UUO	Interstitium	HAVCR1	0.01115780540049145	0.005986936454556262	5
UUO	Interstitium	ICAM1	0.08254595277756532	0.0385172289316044	5
UUO	Interstitium	ITGB6	0.013798193265208569	0.007186202491216853	5
UUO	Interstitium	ITGB8	0.18671476933435296	0.09645826952348627	5
UUO	Interstitium	KCNJ1	0.00329147924606146	0.002065367827105288	5
UUO	Interstitium	KCNJ10	0.0013804229335870404	0.0009174311926605494	5
UUO	Interstitium	KCNJ16	0.013613776679596276	0.006883029232192227	5
UUO	Interstitium	LRP2	0.09535847466609014	0.045676099981218264	5
UUO	Interstitium	LST1	0.002956896895026983	0.0010752688172042941	5
UUO	Interstitium	MS4A1	0.008577283332611981	0.003900230212426388	5
UUO	Interstitium	PECAM1	0.026768755275954133	0.016797859424888918	5
UUO	Interstitium	PROM1	0.02193981186601605	0.009925994079135633	5
UUO	Interstitium	PTPRC	0.07186336755328653	0.0416755384258374	5
UUO	Interstitium	PVALB	0.004566396559852393	0.0039215686274509795	5
UUO	Interstitium	RHBG	0.0	0.0	5
UUO	Interstitium	RHCG	0.002582669532964919	0.0009900990099009897	5
UUO	Interstitium	SCNN1A	0.042586741053166566	0.02378739687940904	5
UUO	Interstitium	SCNN1B	0.0	0.0	5
UUO	Interstitium	SCNN1G	0.024040290110658488	0.01483899982011153	5
UUO	Interstitium	SLC12A1	0.1306062412129127	0.0688846656369761	5
UUO	Interstitium	SLC12A3	0.028862931617396347	0.018660237104608023	5
UUO	Interstitium	SLC26A4	0.011924132757304065	0.005035664856808253	5
UUO	Interstitium	SLC34A1	0.023392835588467463	0.010917431192660549	5
UUO	Interstitium	SLC4A1	0.0	0.0	5
UUO	Interstitium	SLC8A1	1.1815645596684983	0.4660588929912959	5
UUO	Interstitium	SPP1	0.17961097689246258	0.08908017642284394	5
UUO	Interstitium	TRPM6	0.01346218977651086	0.007906968647180676	5
UUO	Interstitium	TRPV5	0.0	0.0	5
UUO	Interstitium	UMOD	0.0470248095481259	0.024174401842113065	5
UUO	Interstitium	VCAM1	0.23010386817785705	0.11224337008148526	5
UUO	Interstitium	VWF	0.029926493792174345	0.017836812144212517	5
UUO	Myeloid Cell	AQP2	0.0051718643778570095	0.002753950836038046	5
UUO	Myeloid Cell	AQP3	0.004188268508518953	0.0024229346892953594	5
UUO	Myeloid Cell	AQP4	0.0015152396553480586	0.0006087227819887899	5
UUO	Myeloid Cell	ATP6V0A4	0.012446105041672555	0.006618805664939683	5
UUO	Myeloid Cell	ATP6V1B1	0.004610486090579935	0.0022963929323986444	5
UUO	Myeloid Cell	ATP6V1G3	0.002455870659257969	0.0012666175188309	5
UUO	Myeloid Cell	AVPR2	0.00044383343668576245	0.00044345898004434297	5
UUO	Myeloid Cell	CA2	0.02787773938235904	0.015149632452267048	5
UUO	Myeloid Cell	CALB1	0.005848028818535749	0.0033894392244147474	5
UUO	Myeloid Cell	CCL2	0.14471653333448525	0.06734563361932147	5
UUO	Myeloid Cell	CD3D	0.0037798247733333277	0.0022963929323986517	5
UUO	Myeloid Cell	CLCNKA	0.00768212133928424	0.004242557228284055	5
UUO	Myeloid Cell	CLCNKB	0.005156865821802989	0.0029683865928358125	5
UUO	Myeloid Cell	CLDN16	0.006522841115360112	0.003898874398748512	5
UUO	Myeloid Cell	CLDN19	0.000679913080757444	0.00035778175313058117	5
UUO	Myeloid Cell	COL1A1	0.005723774622060662	0.0034566582698109514	5
UUO	Myeloid Cell	COL3A1	0.015527753098534918	0.0076641424668367816	5
UUO	Myeloid Cell	CUBN	0.1138921110065911	0.05707449287219339	5
UUO	Myeloid Cell	CXCL1	0.006370346693065852	0.0035327852207475904	5
UUO	Myeloid Cell	DCDC2	0.025928704846127977	0.013327382049316406	5
UUO	Myeloid Cell	FOXI1	0.0	0.0	5
UUO	Myeloid Cell	HAVCR1	0.022130124978831517	0.01278024281593545	5
UUO	Myeloid Cell	ICAM1	0.1244762607895685	0.06597884577632035	5
UUO	Myeloid Cell	ITGB6	0.02734311510861289	0.013548393837023952	5
UUO	Myeloid Cell	ITGB8	0.03912782745864056	0.019240316645720477	5
UUO	Myeloid Cell	KCNJ1	0.020097042290942738	0.010352605651439212	5
UUO	Myeloid Cell	KCNJ10	0.004031697883008202	0.0026765810339946447	5
UUO	Myeloid Cell	KCNJ16	0.008491794005014175	0.004666550717171236	5
UUO	Myeloid Cell	LRP2	0.05267122695491755	0.027538454812267667	5
UUO	Myeloid Cell	LST1	0.15692228818479656	0.08513081869192733	5
UUO	Myeloid Cell	MS4A1	0.009453100320197812	0.004620794322291969	5
UUO	Myeloid Cell	PECAM1	0.6276824244622927	0.3043885643237586	5
UUO	Myeloid Cell	PROM1	0.013050700446504918	0.00582241273254101	5
UUO	Myeloid Cell	PTPRC	1.886274040964156	0.7029637297797123	5
UUO	Myeloid Cell	PVALB	0.0004965744935545328	0.0002509410288582166	5
UUO	Myeloid Cell	RHBG	0.006120112387732424	0.0034259444964752105	5
UUO	Myeloid Cell	RHCG	0.006286036509616563	0.003156056743245666	5
UUO	Myeloid Cell	SCNN1A	0.017286329688856787	0.009736359976765111	5
UUO	Myeloid Cell	SCNN1B	0.0015654443972353046	0.0008596638108470186	5
UUO	Myeloid Cell	SCNN1G	0.0023732375539527906	0.0014508280451466884	5
UUO	Myeloid Cell	SLC12A1	0.07278396692057237	0.03948022753864679	5
UUO	Myeloid Cell	SLC12A3	0.07021824386839816	0.034360743941157845	5
UUO	Myeloid Cell	SLC26A4	0.00803570696609711	0.004182183143023916	5
UUO	Myeloid Cell	SLC34A1	0.005905472190493246	0.003054063819749552	5
UUO	Myeloid Cell	SLC4A1	0.007962712978624628	0.00447233475978364	5
UUO	Myeloid Cell	SLC8A1	2.272509332206881	0.7172482918430831	5
UUO	Myeloid Cell	SPP1	0.144945136422122	0.07154883473872233	5
UUO	Myeloid Cell	TRPM6	0.005638338604249946	0.00322105901565458	5
UUO	Myeloid Cell	TRPV5	0.0012416031398521001	0.0004210526315789404	5
UUO	Myeloid Cell	UMOD	0.05710274993934287	0.030242534581584775	5
UUO	Myeloid Cell	VCAM1	0.07841631389676777	0.03985212414321213	5
UUO	Myeloid Cell	VWF	0.02101563033424841	0.011162908117737489	5
UUO	PC	AQP2	0.5699156725359323	0.30596966950650945	5
UUO	PC	AQP3	0.16734724112506472	0.09983074221070043	5
UUO	PC	AQP4	0.0	0.0	5
UUO	PC	ATP6V0A4	0.4326130426739672	0.2682550749203837	5
UUO	PC	ATP6V1B1	0.03163782611274226	0.02077333476080863	5
UUO	PC	ATP6V1G3	0.001138288251873529	0.000854700854700841	5
UUO	PC	AVPR2	0.015505188635407499	0.012850498506590946	5
UUO	PC	CA2	0.1500152298843313	0.10020440999105898	5
UUO	PC	CALB1	0.04722540061903123	0.026697357386292635	5
UUO	PC	CCL2	0.11411283066295372	0.07163527557641307	5
UUO	PC	CD3D	0.0	0.0	5
UUO	PC	CLCNKA	0.026313198601897382	0.02143676262521416	5
UUO	PC	CLCNKB	0.0969700567335485	0.05961153148891829	5
UUO	PC	CLDN16	0.009435968062314521	0.006400442517352713	5
UUO	PC	CLDN19	0.0	0.0	5
UUO	PC	COL1A1	0.035302467949332304	0.024683920839529548	5
UUO	PC	COL3A1	0.010524595997708091	0.006567822704082162	5
UUO	PC	CUBN	0.2514799893478222	0.17368830964227877	5
UUO	PC	CXCL1	0.011128553688943376	0.006567822704082163	5
UUO	PC	DCDC2	2.586496681945737	0.8535110453079799	5
UUO	PC	FOXI1	0.0007625593104279726	0.0004175365344467615	5
UUO	PC	HAVCR1	0.013044606905941692	0.014285714285714285	5
UUO	PC	ICAM1	0.029392792193142624	0.018244222750562138	5
UUO	PC	ITGB6	0.7507352500467424	0.37208348169191385	5
UUO	PC	ITGB8	0.8895419843261866	0.4702969366292346	5
UUO	PC	KCNJ1	0.1484869539924717	0.09061142759905422	5
UUO	PC	KCNJ10	0.00886006795200103	0.006130658383828083	5
UUO	PC	KCNJ16	0.4154434222239633	0.2676731922060095	5
UUO	PC	LRP2	0.10962399411280052	0.06093412219997072	5
UUO	PC	LST1	0.008474347907064786	0.004878048780487797	5
UUO	PC	MS4A1	0.0	0.0	5
UUO	PC	PECAM1	0.034320171217142245	0.023829219984828686	5
UUO	PC	PROM1	0.904241616850673	0.49700200959430046	5
UUO	PC	PTPRC	0.026982898637091662	0.026399278652448344	5
UUO	PC	PVALB	0.009271348047708577	0.006380814731545413	5
UUO	PC	RHBG	0.32125124160654234	0.20358937926023826	5
UUO	PC	RHCG	0.005400412957192731	0.005713121849381316	5
UUO	PC	SCNN1A	0.6025367942400942	0.36961320951849996	5
UUO	PC	SCNN1B	0.42689305523403337	0.255232259748783	5
UUO	PC	SCNN1G	0.8760866380757847	0.4320909137651334	5
UUO	PC	SLC12A1	0.0629045104558552	0.03758389603901083	5
UUO	PC	SLC12A3	0.08039888957995292	0.04645970885596118	5
UUO	PC	SLC26A4	0.0021888875176898363	0.0017094017094016947	5
UUO	PC	SLC34A1	0.0035396039504021633	0.00254447477829522	5
UUO	PC	SLC4A1	0.004761286363185696	0.005732749635188638	5
UUO	PC	SLC8A1	1.448023435944165	0.582334284009522	5
UUO	PC	SPP1	0.3820048212890101	0.20666386642760184	5
UUO	PC	TRPM6	0.029148473683010663	0.015557951674861879	5
UUO	PC	TRPV5	0.20879705644021712	0.12373047176754084	5
UUO	PC	UMOD	0.03874992040645859	0.026397587566689844	5
UUO	PC	VCAM1	0.023600000086823735	0.01682423296049241	5
UUO	PC	VWF	0.015293896412772633	0.011597888903250652	5
UUO	PEC	AQP2	0.03158105395243611	0.01111111111111111	5
UUO	PEC	AQP3	0.0	0.0	5
UUO	PEC	AQP4	0.0	0.0	5
UUO	PEC	ATP6V0A4	0.016312775179287024	0.007843137254901957	5
UUO	PEC	ATP6V1B1	0.017698852766746764	0.010373181530676786	5
UUO	PEC	ATP6V1G3	0.0	0.0	5
UUO	PEC	AVPR2	0.0	0.0	5
UUO	PEC	CA2	0.004986141031952442	0.003921568627450979	5
UUO	PEC	CALB1	0.0	0.0	5
UUO	PEC	CCL2	0.034615333966714915	0.01682479443390259	5
UUO	PEC	CD3D	0.0	0.0	5
UUO	PEC	CLCNKA	0.0	0.0	5
UUO	PEC	CLCNKB	0.029063859099309503	0.027039848197343445	5
UUO	PEC	CLDN16	0.12512482910504308	0.07319207252793589	5
UUO	PEC	CLDN19	0.0	0.0	5
UUO	PEC	COL1A1	0.0954675018005107	0.0564516129032258	5
UUO	PEC	COL3A1	0.3687553202131591	0.1827324478178368	5
UUO	PEC	CUBN	0.3456408797484208	0.19285473329116593	5
UUO	PEC	CXCL1	0.055576583426567815	0.02858950031625553	5
UUO	PEC	DCDC2	2.843250716404259	0.8681615011596037	5
UUO	PEC	FOXI1	0.007654279954367729	0.0064516129032258064	5
UUO	PEC	HAVCR1	0.025477904009484287	0.01111111111111111	5
UUO	PEC	ICAM1	0.052324016266103626	0.03185747417246467	5
UUO	PEC	ITGB6	0.24123774543102106	0.12062407758802444	5
UUO	PEC	ITGB8	1.8080802047207727	0.7242399325321526	5
UUO	PEC	KCNJ1	0.05358409099888808	0.039784946236559135	5
UUO	PEC	KCNJ10	0.0	0.0	5
UUO	PEC	KCNJ16	0.1301958322961643	0.0760594560404807	5
UUO	PEC	LRP2	1.7126799078596897	0.6590491250263546	5
UUO	PEC	LST1	0.0	0.0	5
UUO	PEC	MS4A1	0.03473711323574427	0.02	5
UUO	PEC	PECAM1	0.0	0.0	5
UUO	PEC	PROM1	0.8348775141635743	0.4195656757326587	5
UUO	PEC	PTPRC	0.10251644909431001	0.05682479443390259	5
UUO	PEC	PVALB	0.0	0.0	5
UUO	PEC	RHBG	0.0038004205328876816	0.003921568627450979	5
UUO	PEC	RHCG	0.0	0.0	5
UUO	PEC	SCNN1A	0.034320939995341006	0.033491461100569254	5
UUO	PEC	SCNN1B	0.009737483510656349	0.0064516129032258064	5
UUO	PEC	SCNN1G	0.0051047648158690714	0.0064516129032258064	5
UUO	PEC	SLC12A1	0.17468757328307824	0.0740796963946869	5
UUO	PEC	SLC12A3	0.03404547434607787	0.020746363061353572	5
UUO	PEC	SLC26A4	0.04165018599154617	0.017562724014336915	5
UUO	PEC	SLC34A1	0.005186017925352651	0.003921568627450979	5
UUO	PEC	SLC4A1	0.05425982471929909	0.026451612903225806	5
UUO	PEC	SLC8A1	0.4583657681779756	0.22687961205987772	5
UUO	PEC	SPP1	0.17137210856139476	0.09849462365591397	5
UUO	PEC	TRPM6	0.0	0.0	5
UUO	PEC	TRPV5	0.0	0.0	5
UUO	PEC	UMOD	0.044911569336812264	0.0348829854522454	5
UUO	PEC	VCAM1	0.7642681435653814	0.33466582331857475	5
UUO	PEC	VWF	0.0	0.0	5
UUO	PT	AQP2	0.005069524801614535	0.0034530029393275803	5
UUO	PT	AQP3	0.007307459318519713	0.00703949691334319	5
UUO	PT	AQP4	0.007168617703875675	0.005756233410163946	5
UUO	PT	ATP6V0A4	0.02649012437242417	0.020125998209257086	5
UUO	PT	ATP6V1B1	0.004979593025129375	0.003754450815847154	5
UUO	PT	ATP6V1G3	0.0023682169508380084	0.0016189657601951729	5
UUO	PT	AVPR2	0.0	0.0	5
UUO	PT	CA2	0.11172228863964165	0.09250100433964567	5
UUO	PT	CALB1	0.008276985811986241	0.007265016627808457	5
UUO	PT	CCL2	0.06428171371607475	0.04257004999645597	5
UUO	PT	CD3D	0.003852856903430136	0.0026745832192436873	5
UUO	PT	CLCNKA	0.010473886902821734	0.00716285939591918	5
UUO	PT	CLCNKB	0.0074402600426451	0.006287036416078517	5
UUO	PT	CLDN16	0.02147490443406474	0.014433374347492135	5
UUO	PT	CLDN19	0.006448810986095869	0.004611463858912682	5
UUO	PT	COL1A1	0.01690475414449784	0.012966563752913227	5
UUO	PT	COL3A1	0.009929647320786057	0.007822399167005317	5
UUO	PT	CUBN	2.281097180005709	0.7186822011842766	5
UUO	PT	CXCL1	0.07580700674385181	0.04469523846870393	5
UUO	PT	DCDC2	1.4689691291883487	0.6828011935958963	5
UUO	PT	FOXI1	0.0008658529809016548	0.000697306774020062	5
UUO	PT	HAVCR1	0.5473834858801551	0.3415185209838031	5
UUO	PT	ICAM1	0.06426638667140813	0.042187669851106294	5
UUO	PT	ITGB6	0.4122791893592348	0.244781211971452	5
UUO	PT	ITGB8	1.8591801886311448	0.7472584976258982	5
UUO	PT	KCNJ1	0.005425996212967159	0.004043865650127255	5
UUO	PT	KCNJ10	0.0022480091053721308	0.002422716597435618	5
UUO	PT	KCNJ16	0.4440518883767221	0.3259972816902622	5
UUO	PT	LRP2	2.666927481107693	0.8669483993604057	5
UUO	PT	LST1	0.0007608142144361164	0.0008312652468934649	5
UUO	PT	MS4A1	0.006001619756734048	0.005848386993879741	5
UUO	PT	PECAM1	0.011275365001917293	0.01029537647875295	5
UUO	PT	PROM1	0.7564440772156376	0.40520182638723695	5
UUO	PT	PTPRC	0.03108928442140444	0.023864742098182016	5
UUO	PT	PVALB	0.00042500495511688644	0.0004018754186202224	5
UUO	PT	RHBG	0.00597914648089938	0.006129820210237643	5
UUO	PT	RHCG	0.0017767465841510067	0.0015931672048532125	5
UUO	PT	SCNN1A	0.14291453224611733	0.11431146647186133	5
UUO	PT	SCNN1B	0.004604127638396478	0.00426946627840799	5
UUO	PT	SCNN1G	0.008216678185357196	0.0056735652772663195	5
UUO	PT	SLC12A1	0.08686072714203463	0.06047285763053935	5
UUO	PT	SLC12A3	0.019325267696921663	0.01490362682473748	5
UUO	PT	SLC26A4	0.004663803564609333	0.003715654187249422	5
UUO	PT	SLC34A1	0.5049475981393698	0.26325063656697445	5
UUO	PT	SLC4A1	0.0024329018860848495	0.002082946299550486	5
UUO	PT	SLC8A1	0.14275318774636708	0.09083969774561426	5
UUO	PT	SPP1	0.8348636945817273	0.45849726192739465	5
UUO	PT	TRPM6	0.009930295293616612	0.007476070765046425	5
UUO	PT	TRPV5	0.0014356459555361744	0.0011637773765799542	5
UUO	PT	UMOD	0.04889176867992994	0.038132021992769397	5
UUO	PT	VCAM1	0.589392185679008	0.3053161964700423	5
UUO	PT	VWF	0.008083180034521057	0.006706392441532742	5
UUO	Podocyte	AQP2	0.023384825445871688	0.02222222222222222	5
UUO	Podocyte	AQP3	0.07902028874005372	0.0548780487804878	5
UUO	Podocyte	AQP4	0.0	0.0	5
UUO	Podocyte	ATP6V0A4	0.0	0.0	5
UUO	Podocyte	ATP6V1B1	0.0	0.0	5
UUO	Podocyte	ATP6V1G3	0.0	0.0	5
UUO	Podocyte	AVPR2	0.0	0.0	5
UUO	Podocyte	CA2	0.03375422954713146	0.019512195121951213	5
UUO	Podocyte	CALB1	0.039279796468351176	0.02222222222222222	5
UUO	Podocyte	CCL2	0.026566665400577727	0.02222222222222222	5
UUO	Podocyte	CD3D	0.09158036510403164	0.04248488638732541	5
UUO	Podocyte	CLCNKA	0.0	0.0	5
UUO	Podocyte	CLCNKB	0.0055914812120645575	0.0048780487804878	5
UUO	Podocyte	CLDN16	0.0	0.0	5
UUO	Podocyte	CLDN19	0.0	0.0	5
UUO	Podocyte	COL1A1	0.0	0.0	5
UUO	Podocyte	COL3A1	0.14114038296149847	0.08265582655826557	5
UUO	Podocyte	CUBN	0.3332354947831288	0.20679591411298728	5
UUO	Podocyte	CXCL1	0.04973273945493513	0.03333333333333333	5
UUO	Podocyte	DCDC2	0.6323317271825633	0.2871377944548676	5
UUO	Podocyte	FOXI1	0.0	0.0	5
UUO	Podocyte	HAVCR1	0.04973273945493513	0.03333333333333333	5
UUO	Podocyte	ICAM1	0.0	0.0	5
UUO	Podocyte	ITGB6	0.02998430521761606	0.019512195121951216	5
UUO	Podocyte	ITGB8	2.069341397418502	0.8396080883885763	5
UUO	Podocyte	KCNJ1	0.0	0.0	5
UUO	Podocyte	KCNJ10	0.0	0.0	5
UUO	Podocyte	KCNJ16	0.0046615117925545985	0.004878048780487803	5
UUO	Podocyte	LRP2	0.14481756992921344	0.07026266416510318	5
UUO	Podocyte	LST1	0.023384825445871688	0.02222222222222222	5
UUO	Podocyte	MS4A1	0.061640184770485995	0.02222222222222222	5
UUO	Podocyte	PECAM1	0.041910764180536124	0.02222222222222222	5
UUO	Podocyte	PROM1	0.0	0.0	5
UUO	Podocyte	PTPRC	0.26296413204818103	0.12154471544715446	5
UUO	Podocyte	PVALB	0.0	0.0	5
UUO	Podocyte	RHBG	0.0	0.0	5
UUO	Podocyte	RHCG	0.0	0.0	5
UUO	Podocyte	SCNN1A	0.0046615117925545985	0.004878048780487803	5
UUO	Podocyte	SCNN1B	0.03140572293815082	0.02710027100271002	5
UUO	Podocyte	SCNN1G	0.0	0.0	5
UUO	Podocyte	SLC12A1	0.06745380873969709	0.04736293516781321	5
UUO	Podocyte	SLC12A3	0.00578892493798483	0.004878048780487803	5
UUO	Podocyte	SLC26A4	0.036881647131258924	0.020262664165103188	5
UUO	Podocyte	SLC34A1	0.009763992151981059	0.004878048780487803	5
UUO	Podocyte	SLC4A1	0.0	0.0	5
UUO	Podocyte	SLC8A1	0.08575968835823163	0.031978319783197824	5
UUO	Podocyte	SPP1	0.15109112763763288	0.1097560975609756	5
UUO	Podocyte	TRPM6	0.0	0.0	5
UUO	Podocyte	TRPV5	0.0072792649883108825	0.004878048780487803	5
UUO	Podocyte	UMOD	0.05389168015649761	0.03076923076923076	5
UUO	Podocyte	VCAM1	0.06313797441523969	0.02222222222222222	5
UUO	Podocyte	VWF	0.0	0.0	5
UUO	T Cell	AQP2	0.0038851311604529	0.001612434407073094	5
UUO	T Cell	AQP3	0.04062821464550444	0.01835546561305938	5
UUO	T Cell	AQP4	0.00045421934281803574	0.00018977284854199703	5
UUO	T Cell	ATP6V0A4	0.013991503015859006	0.006075171064318574	5
UUO	T Cell	ATP6V1B1	0.0028064578937446625	0.0011301319166169277	5
UUO	T Cell	ATP6V1G3	0.0025968796666089775	0.0010512238130860217	5
UUO	T Cell	AVPR2	0.00010442137565382804	4.922471080482375e-05	5
UUO	T Cell	CA2	0.005225781679789788	0.0025578002878697886	5
UUO	T Cell	CALB1	0.004345991075309658	0.0018917085804512682	5
UUO	T Cell	CCL2	0.0029827830489005396	0.0012680611973801652	5
UUO	T Cell	CD3D	0.24333366953537192	0.10487227583565222	5
UUO	T Cell	CLCNKA	0.006624705031987109	0.0025745343772219887	5
UUO	T Cell	CLCNKB	0.008075951552929025	0.003448353080843155	5
UUO	T Cell	CLDN16	0.006067014430931531	0.0026428492594476175	5
UUO	T Cell	CLDN19	0.001158364883285698	0.0005579399636311625	5
UUO	T Cell	COL1A1	0.005394521814867116	0.0022382763192886485	5
UUO	T Cell	COL3A1	0.0077364496812200294	0.003253884722845207	5
UUO	T Cell	CUBN	0.23213188448537037	0.09945136535109755	5
UUO	T Cell	CXCL1	0.0	0.0	5
UUO	T Cell	DCDC2	0.027735787743712537	0.011523107869031922	5
UUO	T Cell	FOXI1	0.0005580395298864836	0.0002774406770937779	5
UUO	T Cell	HAVCR1	0.017960738812154313	0.008178143299155467	5
UUO	T Cell	ICAM1	0.014399688332721029	0.006066026085268057	5
UUO	T Cell	ITGB6	0.02239526486637706	0.009649504333371039	5
UUO	T Cell	ITGB8	0.0223279342328854	0.00923452568287621	5
UUO	T Cell	KCNJ1	0.005451173127988708	0.002331857570334905	5
UUO	T Cell	KCNJ10	0.0050620834788615955	0.0021717681145189986	5
UUO	T Cell	KCNJ16	0.00976270782347094	0.004272748332117475	5
UUO	T Cell	LRP2	0.05396739017943599	0.022795290532560204	5
UUO	T Cell	LST1	0.013960624695913767	0.00631455013601636	5
UUO	T Cell	MS4A1	0.027750402057942103	0.011992660221359742	5
UUO	T Cell	PECAM1	0.14282983683911693	0.05848589737746174	5
UUO	T Cell	PROM1	0.010447512688803628	0.004570912910975629	5
UUO	T Cell	PTPRC	3.064184947126747	0.8924333213247057	5
UUO	T Cell	PVALB	0.001045919426648137	0.0004629609383182326	5
UUO	T Cell	RHBG	0.0021408325126493722	0.0009112726642857893	5
UUO	T Cell	RHCG	0.0022582197671866555	0.0008744632768824097	5
UUO	T Cell	SCNN1A	0.011981584597382392	0.005204147909230727	5
UUO	T Cell	SCNN1B	0.005072457949348098	0.0022793351243408162	5
UUO	T Cell	SCNN1G	0.003900393462892739	0.001593089685266454	5
UUO	T Cell	SLC12A1	0.0741139610738864	0.03182188156922404	5
UUO	T Cell	SLC12A3	0.02081712008769306	0.00880230166818025	5
UUO	T Cell	SLC26A4	0.0047020273646253535	0.0019944105893784448	5
UUO	T Cell	SLC34A1	0.007917178168218733	0.003479909329658451	5
UUO	T Cell	SLC4A1	0.003510211340937884	0.0015249238149885797	5
UUO	T Cell	SLC8A1	0.06894585923927829	0.027719272222497027	5
UUO	T Cell	SPP1	0.11487755323009127	0.04776112756999594	5
UUO	T Cell	TRPM6	0.006612621686914719	0.002971721717467064	5
UUO	T Cell	TRPV5	0.000929389735744237	0.0004216444132115214	5
UUO	T Cell	UMOD	0.05371573395000891	0.022339056891903693	5
UUO	T Cell	VCAM1	0.013762489837958719	0.0054052879455793	5
UUO	T Cell	VWF	0.003850165789675268	0.0017669768141102805	5
UUO	TAL	AQP2	0.0031568815585048373	0.0020435582550457163	5
UUO	TAL	AQP3	0.0018762807656149745	0.0015183028857912036	5
UUO	TAL	AQP4	0.01840376683906996	0.014418593687809816	5
UUO	TAL	ATP6V0A4	0.6435481388930893	0.3713012638583754	5
UUO	TAL	ATP6V1B1	0.245761337022745	0.16435905119479105	5
UUO	TAL	ATP6V1G3	0.0029325827171944588	0.0019447474552885078	5
UUO	TAL	AVPR2	0.0	0.0	5
UUO	TAL	CA2	0.05663408158512434	0.04083613620617088	5
UUO	TAL	CALB1	0.010247642711329552	0.00773531301708381	5
UUO	TAL	CCL2	0.02511150159511267	0.016877445755890695	5
UUO	TAL	CD3D	0.0008832135732446753	0.0007214879459235265	5
UUO	TAL	CLCNKA	0.22042597755769341	0.1377571263546033	5
UUO	TAL	CLCNKB	0.3448306625543664	0.22380051157192718	5
UUO	TAL	CLDN16	0.6417988332732449	0.3584896812323697	5
UUO	TAL	CLDN19	0.06565129386958882	0.04809046582752433	5
UUO	TAL	COL1A1	0.013563157643350403	0.011203957012584448	5
UUO	TAL	COL3A1	0.008482736583066124	0.005671235364702187	5
UUO	TAL	CUBN	0.18782500602894564	0.12838167583990892	5
UUO	TAL	CXCL1	0.0075139245257105376	0.004252903272357702	5
UUO	TAL	DCDC2	1.8400235302821646	0.7583546985388876	5
UUO	TAL	FOXI1	0.00044473165740789995	0.0004052806788577669	5
UUO	TAL	HAVCR1	0.0763765108468264	0.047904036623331245	5
UUO	TAL	ICAM1	0.013229315786453855	0.008861119988389263	5
UUO	TAL	ITGB6	2.0668058997419068	0.7519723684763013	5
UUO	TAL	ITGB8	0.9769778881070259	0.5116357351930764	5
UUO	TAL	KCNJ1	0.6218640731425283	0.37381614536204283	5
UUO	TAL	KCNJ10	0.04130443641153427	0.029193581912590683	5
UUO	TAL	KCNJ16	0.8120286843168631	0.48794096531914743	5
UUO	TAL	LRP2	0.05970561897272675	0.039857316946702734	5
UUO	TAL	LST1	0.00034492306834824104	0.00022766078542970597	5
UUO	TAL	MS4A1	0.002246588328755418	0.0013043885182093505	5
UUO	TAL	PECAM1	0.007323780818321049	0.004957236357524352	5
UUO	TAL	PROM1	0.8046202863535328	0.41951257417853804	5
UUO	TAL	PTPRC	0.023438033345227045	0.01647807808248971	5
UUO	TAL	PVALB	0.014777106439338184	0.010505181577116232	5
UUO	TAL	RHBG	0.00672172014043599	0.0045724794577299156	5
UUO	TAL	RHCG	0.0035471954097443235	0.002498882016768823	5
UUO	TAL	SCNN1A	0.8093440360925858	0.4995340882067626	5
UUO	TAL	SCNN1B	0.004333690944527917	0.003082422700630896	5
UUO	TAL	SCNN1G	0.00754100180077831	0.004903450679876563	5
UUO	TAL	SLC12A1	2.8205591293109356	0.86768443698677	5
UUO	TAL	SLC12A3	0.033720567390357635	0.021648428941954217	5
UUO	TAL	SLC26A4	0.006248012542732733	0.005126614019210199	5
UUO	TAL	SLC34A1	0.005368691278155655	0.0029714321052028256	5
UUO	TAL	SLC4A1	0.002208999859369982	0.001605465201760882	5
UUO	TAL	SLC8A1	0.08241988792830282	0.05261122373609043	5
UUO	TAL	SPP1	1.1541709154191695	0.48565430427029066	5
UUO	TAL	TRPM6	0.011534704776689095	0.00847921212478793	5
UUO	TAL	TRPV5	0.0029442553958609337	0.0024679807381641082	5
UUO	TAL	UMOD	0.9463199256948298	0.37839751134019683	5
UUO	TAL	VCAM1	0.019273953393530965	0.012101826891906982	5
UUO	TAL	VWF	0.016489141469495927	0.01173644082552894	5
