module	celltype	omitted_gene	n_control	n_uuo	n_remaining	effect	ci_low	ci_high	same_direction	status
TAL_salt	TAL	SLC12A1	7	5	6	-1.280641888804344	-2.116861549636899	-0.4444222279717889	True	POST_HOC_DIAGNOSTIC
TAL_salt	TAL	KCNJ1	7	5	6	-1.4053359520739486	-2.3182901911519167	-0.49238171299598044	True	POST_HOC_DIAGNOSTIC
TAL_salt	TAL	CLCNKA	7	5	6	-1.0893147359640132	-1.810703066237831	-0.3679264056901954	True	POST_HOC_DIAGNOSTIC
TAL_salt	TAL	CLCNKB	7	5	6	-1.2585991974715727	-2.039740207081858	-0.47745818786128735	True	POST_HOC_DIAGNOSTIC
TAL_salt	TAL	BSND	7	5	6	-1.0872300460608866	-1.8632546913321315	-0.31120540078964154	True	POST_HOC_DIAGNOSTIC
TAL_salt	TAL	ATP1A1	7	5	6	-1.4006149530941672	-2.460538598528772	-0.34069130765956257	True	POST_HOC_DIAGNOSTIC
TAL_salt	TAL	ATP1B1	7	5	6	-1.2455122597581578	-2.1597162508151166	-0.3313082687011992	True	POST_HOC_DIAGNOSTIC
DCT_NaCl	DCT	SLC12A3	6	5	6	-0.4726885099083127	-0.9624067728001304	0.01702975298350501	True	POST_HOC_DIAGNOSTIC
DCT_NaCl	DCT	CLCNKB	6	5	6	-0.6438565994877399	-1.231649386525294	-0.05606381245018566	True	POST_HOC_DIAGNOSTIC
DCT_NaCl	DCT	BSND	6	5	6	-0.763605333845371	-1.387620750666882	-0.13958991702386003	True	POST_HOC_DIAGNOSTIC
DCT_NaCl	DCT	KCNJ10	6	5	6	-0.8204645342985888	-1.5037099405836996	-0.13721912801347802	True	POST_HOC_DIAGNOSTIC
DCT_NaCl	DCT	KCNJ16	6	5	6	-0.8489549478997898	-1.4317894330818532	-0.26612046271772627	True	POST_HOC_DIAGNOSTIC
DCT_NaCl	DCT	ATP1A1	6	5	6	-0.8468035399173486	-1.6253873356679924	-0.06821974416670484	True	POST_HOC_DIAGNOSTIC
DCT_NaCl	DCT	ATP1B1	6	5	6	-0.7457874289161248	-1.3921762347474855	-0.0993986230847641	True	POST_HOC_DIAGNOSTIC
DCT_Mg	DCT	TRPM6	6	5	4	-0.6757966125905996	-1.3797756610873002	0.028182435906100922	True	POST_HOC_DIAGNOSTIC
DCT_Mg	DCT	CNNM2	6	5	4	-1.1004237988462204	-1.9444417413241866	-0.2564058563682543	True	POST_HOC_DIAGNOSTIC
DCT_Mg	DCT	FXYD2	6	5	4	-1.5580225919686441	-2.696558589134078	-0.4194865948032105	True	POST_HOC_DIAGNOSTIC
DCT_Mg	DCT	KCNJ10	6	5	4	-1.5788024676627588	-2.6920304711635294	-0.46557446416198833	True	POST_HOC_DIAGNOSTIC
DCT_Mg	DCT	KCNJ16	6	5	4	-1.621538088064562	-2.6483801969089136	-0.5946959792202107	True	POST_HOC_DIAGNOSTIC
DCT_Ca	DCT	TRPV5	6	5	3	-1.455738829448869	-3.142615164405833	0.23113750550809553	True	POST_HOC_DIAGNOSTIC
DCT_Ca	DCT	CALB1	6	5	3	-0.05066119629688792	-1.5339978566191197	1.4326754640253438	True	POST_HOC_DIAGNOSTIC
DCT_Ca	DCT	SLC8A1	6	5	3	-1.1127476553658333	-3.101298620911236	0.8758033101795692	True	POST_HOC_DIAGNOSTIC
DCT_Ca	DCT	ATP2B1	6	5	3	-1.049412618974321	-3.4551575563678303	1.3563323184191884	True	POST_HOC_DIAGNOSTIC
PC_water	PC	AQP2	7	4	3	-0.7527942362990965	-2.08971197013425	0.5841234975360572	True	POST_HOC_DIAGNOSTIC
PC_water	PC	AQP3	7	4	3	-0.2633696864486401	-1.0274227362926447	0.5006833633953646	True	POST_HOC_DIAGNOSTIC
PC_water	PC	AQP4	7	4	3	-1.1204858899061634	-3.0019207223561644	0.7609489425438376	True	POST_HOC_DIAGNOSTIC
PC_water	PC	AVPR2	7	4	3	-1.2248078570645902	-2.9436871815947137	0.4940714674655333	True	POST_HOC_DIAGNOSTIC
PC_NaK	PC	SCNN1A	7	4	5	-0.7661666134794611	-1.6537520276175506	0.12141880065862831	True	POST_HOC_DIAGNOSTIC
PC_NaK	PC	SCNN1B	7	4	5	-0.5312454681268877	-1.3112921213708981	0.24880118511712268	True	POST_HOC_DIAGNOSTIC
PC_NaK	PC	SCNN1G	7	4	5	-0.6485709299657643	-1.426553450647091	0.12941159071556252	True	POST_HOC_DIAGNOSTIC
PC_NaK	PC	KCNJ1	7	4	5	-0.7263246328597406	-1.6165920631415256	0.16394279742204443	True	POST_HOC_DIAGNOSTIC
PC_NaK	PC	ATP1A1	7	4	5	-0.6605322307058312	-1.4339017609786158	0.11283729956695321	True	POST_HOC_DIAGNOSTIC
PC_NaK	PC	ATP1B1	7	4	5	-0.6929357588645191	-1.565684636669224	0.17981311894018603	True	POST_HOC_DIAGNOSTIC
ICA_acid	IC-A	ATP6V1B1	6	5	6	-0.3481242470775623	-0.8943550662181705	0.19810657206304594	True	POST_HOC_DIAGNOSTIC
ICA_acid	IC-A	ATP6V0A4	6	5	6	-0.3682950385687418	-0.9807231115479308	0.2441330344104472	True	POST_HOC_DIAGNOSTIC
ICA_acid	IC-A	ATP6V1G3	6	5	6	-0.3151842488984027	-0.8394346346854785	0.20906613688867315	True	POST_HOC_DIAGNOSTIC
ICA_acid	IC-A	SLC4A1	6	5	6	-0.22185947694516361	-0.7462401125833877	0.3025211586930605	True	POST_HOC_DIAGNOSTIC
ICA_acid	IC-A	CA2	6	5	6	-0.3711984590407251	-1.0137466693745187	0.2713497512930685	True	POST_HOC_DIAGNOSTIC
ICA_acid	IC-A	RHCG	6	5	6	-0.24279946218532178	-0.7420161902764544	0.25641726590581077	True	POST_HOC_DIAGNOSTIC
ICA_acid	IC-A	RHBG	6	5	6	-0.28573467075443304	-0.8095052958105694	0.23803595430170332	True	POST_HOC_DIAGNOSTIC
