module	celltype	gene	mean_log2cpm_difference	contribution_to_module_difference	absolute_share
TAL_salt	TAL	SLC12A1	-1.083397700401033	-0.15477110005729042	0.12357327780870067
TAL_salt	TAL	KCNJ1	-0.3352333207833924	-0.04789047439762749	0.038237002224174116
TAL_salt	TAL	CLCNKA	-2.2313606174430047	-0.3187658024918578	0.2545109200145164
TAL_salt	TAL	CLCNKB	-1.2156538483976638	-0.17366483548538053	0.13865852832404385
TAL_salt	TAL	BSND	-2.243868756861767	-0.320552679551681	0.2559376092041764
TAL_salt	TAL	ATP1A1	-0.36355931466208347	-0.051937044951726206	0.04146788956082192
TAL_salt	TAL	ATP1B1	-1.2941754746781413	-0.1848822106683059	0.14761477286356675
TAL_CaMg	TAL	CLDN16	0.008343469476898235	0.004171734738449118	0.030658864140278845
TAL_CaMg	TAL	CLDN19	-0.2637954277347827	-0.13189771386739135	0.9693411358597211
DCT_NaCl	DCT	SLC12A3	-2.3060298348234056	-0.3294328335462008	0.4484554027454849
DCT_NaCl	DCT	CLCNKB	-1.2790212973468442	-0.18271732819240633	0.2487322593836503
DCT_NaCl	DCT	BSND	-0.5605288912010478	-0.08007555588586397	0.10900648632470789
DCT_NaCl	DCT	KCNJ10	-0.21937368848174454	-0.03133909835453493	0.04266177060427196
DCT_NaCl	DCT	KCNJ16	-0.048431206874532506	-0.006918743839218929	0.0094184542005423
DCT_NaCl	DCT	ATP1A1	-0.0613396547691778	-0.008762807824168257	0.011928770030803693
DCT_NaCl	DCT	ATP1B1	-0.6674363207765257	-0.09534804582521796	0.12979685671053898
DCT_Mg	DCT	TRPM6	-3.831397108770396	-0.7662794217540793	0.5863261329661332
DCT_Mg	DCT	CNNM2	-2.132888363747897	-0.4265776727495794	0.3264000443864485
DCT_Mg	DCT	FXYD2	-0.30249319125821295	-0.06049863825164259	0.04629111993455898
DCT_Mg	DCT	KCNJ10	-0.21937368848174454	-0.043874737696348906	0.03357118116198028
DCT_Mg	DCT	KCNJ16	-0.048431206874532506	-0.009686241374906502	0.007411521550879044
DCT_Ca	DCT	TRPV5	0.6986561882606965	0.17466404706517413	0.13791428108465573
DCT_Ca	DCT	CALB1	-3.5165767111952473	-0.8791441777988118	0.6941699753793176
DCT_Ca	DCT	SLC8A1	-0.33031733398840935	-0.08257933349710234	0.06520442874802537
DCT_Ca	DCT	ATP2B1	-0.5203224431629474	-0.13008061079073685	0.10271131478800134
PC_water	PC	AQP2	-1.1030749608211998	-0.27576874020529996	0.27664088707212003
PC_water	PC	AQP3	-2.5713486103725733	-0.6428371525931433	0.64487019088491
PC_water	PC	AQP4	0.0	0.0	0.0
PC_water	PC	AVPR2	0.31296590147528036	0.07824147536882009	0.07848892204296994
PC_NaK	PC	SCNN1A	-0.19494256660489562	-0.0324904277674826	0.04842360437536226
PC_NaK	PC	SCNN1B	-1.3695482933677638	-0.2282580488946273	0.3401948886074002
PC_NaK	PC	SCNN1G	-0.7829209841733835	-0.1304868306955639	0.19447705370382196
PC_NaK	PC	KCNJ1	-0.39415246970350015	-0.0656920782839167	0.097907212308217
PC_NaK	PC	ATP1A1	-0.7231144804730452	-0.12051908007884087	0.1796211578125544
PC_NaK	PC	ATP1B1	-0.5610968396796103	-0.09351613994660173	0.1393760831926442
ICA_acid	IC-A	ATP6V1B1	-0.06445012100496861	-0.009207160143566944	0.026694769661091865
ICA_acid	IC-A	ATP6V0A4	0.056574627942103106	0.00808208970601473	0.023432797922287623
ICA_acid	IC-A	ATP6V1G3	-0.2620901100799342	-0.03744144429713346	0.10855581044595222
ICA_acid	IC-A	SLC4A1	-0.8220387417993633	-0.11743410597133762	0.34048244631124974
ICA_acid	IC-A	CA2	0.07399515077399332	0.01057073582485619	0.030648251316661393
ICA_acid	IC-A	RHCG	-0.6963988303584205	-0.09948554719406008	0.2884433121116819
ICA_acid	IC-A	RHBG	-0.43878757894376186	-0.06268393984910883	0.18174261223107524
ICB_base	IC-B	SLC26A4	-1.189646638624307	-0.2379293277248614	0.502292150605194
ICB_base	IC-B	ATP6V1B1	-0.02927139637615106	-0.005854279275230212	0.012358957828011965
ICB_base	IC-B	ATP6V0A4	0.37892306616746474	0.07578461323349295	0.1599887526595843
ICB_base	IC-B	ATP6V1G3	0.033401269979179915	0.006680253995835983	0.014102671487550228
ICB_base	IC-B	CA2	-0.7371932836624415	-0.1474386567324883	0.3112574674196595
