module	celltype	n_control	n_uuo	n_members	main_effect	n_omissions	n_same_direction	effect_min	effect_max	largest_abs_member	largest_abs_share	status
TAL_salt	TAL	7	5	7	-1.2524641476038703	7	7.0	-1.4053359520739486	-1.0872300460608866	BSND	0.2559376092041764	POST_HOC_DIAGNOSTIC
TAL_CaMg	TAL	7	5	2	-0.12772597912894224	0						TWO_MEMBER_SET
DCT_NaCl	DCT	6	5	7	-0.7345944134676081	7	7.0	-0.8489549478997898	-0.4726885099083127	SLC12A3	0.4484554027454849	POST_HOC_DIAGNOSTIC
DCT_Mg	DCT	6	5	5	-1.3069167118265579	5	5.0	-1.621538088064562	-0.6757966125905996	TRPM6	0.5863261329661332	POST_HOC_DIAGNOSTIC
DCT_Ca	DCT	6	5	4	-0.917140075021476	4	4.0	-1.455738829448869	-0.05066119629688792	CALB1	0.6941699753793176	POST_HOC_DIAGNOSTIC
PC_water	PC	7	4	4	-0.8403644174296225	4	4.0	-1.2248078570645902	-0.2633696864486401	AQP3	0.64487019088491	POST_HOC_DIAGNOSTIC
PC_NaK	PC	7	4	6	-0.6709626056670341	6	6.0	-0.7661666134794611	-0.5312454681268877	SCNN1B	0.3401948886074002	POST_HOC_DIAGNOSTIC
ICA_acid	IC-A	6	5	7	-0.3075993719243346	7	7.0	-0.3711984590407251	-0.22185947694516361	SLC4A1	0.34048244631124974	POST_HOC_DIAGNOSTIC
ICB_base	IC-B	5	3	5	-0.30875739650324796	0						INSUFFICIENT_GROUP_COVERAGE
